Log file open, 05/30/26 20:11:16
LogWindows: Failed to load 'aqProf.dll' (GetLastError=126)
LogWindows: File 'aqProf.dll' does not exist
LogWindows: Failed to load 'VtuneApi.dll' (GetLastError=126)
LogWindows: File 'VtuneApi.dll' does not exist
LogWindows: Failed to load 'VtuneApi32e.dll' (GetLastError=126)
LogWindows: File 'VtuneApi32e.dll' does not exist
LogConsoleResponse: Display: Failed to find resolution value strings in scalability ini. Falling back to default.
LogConsoleResponse: Display: Failed to find resolution value strings in scalability ini. Falling back to default.
LogInit: Display: Running engine for game: Event_Horizon_SOL_V2
LogPlatformFile: Not using cached read wrapper
LogTaskGraph: Started task graph with 5 named threads and 11 total threads with 3 sets of task threads.
LogStats: Stats thread started at 0.698253
LogICUInternationalization: ICU TimeZone Detection - Raw Offset: +5:30, Platform Override: ''
LogInit: Display: Loading text-based GConfig....
LogPluginManager: Mounting plugin MeshPainting
LogPluginManager: Mounting plugin XGEController
LogPluginManager: Mounting plugin WakatimeIntegration
LogPluginManager: Mounting plugin Paper2D
LogPluginManager: Mounting plugin LiveLink
LogPluginManager: Mounting plugin AISupport
LogPluginManager: Mounting plugin EnvironmentQueryEditor
LogPluginManager: Mounting plugin LightPropagationVolume
LogPluginManager: Mounting plugin CameraShakePreviewer
LogPluginManager: Mounting plugin AssetManagerEditor
LogPluginManager: Mounting plugin GameplayCameras
LogPluginManager: Mounting plugin CryptoKeys
LogPluginManager: Mounting plugin DataValidation
LogPluginManager: Mounting plugin CurveEditorTools
LogPluginManager: Mounting plugin FacialAnimation
LogPluginManager: Mounting plugin GameplayTagsEditor
LogPluginManager: Mounting plugin GeometryMode
LogPluginManager: Mounting plugin OodleData
LogPluginManager: Mounting plugin MacGraphicsSwitching
LogPluginManager: Mounting plugin MaterialAnalyzer
LogPluginManager: Mounting plugin PluginBrowser
LogPluginManager: Mounting plugin MobileLauncherProfileWizard
LogPluginManager: Mounting plugin SpeedTreeImporter
LogPluginManager: Mounting plugin OodleNetwork
LogPluginManager: Mounting plugin AnimationSharing
LogPluginManager: Mounting plugin CodeLiteSourceCodeAccess
LogPluginManager: Mounting plugin CLionSourceCodeAccess
LogPluginManager: Mounting plugin KDevelopSourceCodeAccess
LogPluginManager: Mounting plugin GitSourceControl
LogPluginManager: Mounting plugin NullSourceCodeAccess
LogPluginManager: Mounting plugin PerforceSourceControl
LogPluginManager: Mounting plugin PixWinPlugin
LogPluginManager: Mounting plugin PlasticSourceControl
LogPluginManager: Mounting plugin PluginUtils
LogPluginManager: Mounting plugin PropertyAccessNode
LogPluginManager: Mounting plugin RiderSourceCodeAccess
LogPluginManager: Mounting plugin SubversionSourceControl
LogPluginManager: Mounting plugin TextureFormatOodle
LogPluginManager: Mounting plugin UObjectPlugin
LogPluginManager: Mounting plugin VisualStudioSourceCodeAccess
LogPluginManager: Mounting plugin XCodeSourceCodeAccess
LogPluginManager: Mounting plugin VisualStudioCodeSourceCodeAccess
LogPluginManager: Mounting plugin AlembicImporter
LogPluginManager: Mounting plugin AutomationUtils
LogPluginManager: Mounting plugin BackChannel
LogPluginManager: Mounting plugin ChaosClothEditor
LogPluginManager: Mounting plugin ChaosCloth
LogPluginManager: Mounting plugin ChaosSolverPlugin
LogPluginManager: Mounting plugin ChaosNiagara
LogPluginManager: Mounting plugin ChaosEditor
LogPluginManager: Mounting plugin CharacterAI
LogPluginManager: Mounting plugin GeometryCache
LogPluginManager: Mounting plugin GeometryCollectionPlugin
LogPluginManager: Mounting plugin Niagara
LogPluginManager: Mounting plugin GeometryProcessing
LogPluginManager: Mounting plugin MotoSynth
LogPluginManager: Mounting plugin PlanarCut
LogPluginManager: Mounting plugin OpenImageDenoise
LogPluginManager: Mounting plugin PythonScriptPlugin
LogPluginManager: Mounting plugin PlatformCrypto
LogPluginManager: Mounting plugin ProxyLODPlugin
LogPluginManager: Mounting plugin SkeletalReduction
LogPluginManager: Mounting plugin DatasmithContent
LogPluginManager: Mounting plugin VariantManagerContent
LogPluginManager: Mounting plugin LuminPlatformFeatures
LogPluginManager: Mounting plugin MagicLeap
LogPluginManager: Mounting plugin MagicLeapLightEstimation
LogPluginManager: Mounting plugin MagicLeapMedia
LogPluginManager: Mounting plugin MagicLeapPassableWorld
LogPluginManager: Mounting plugin MLSDK
LogPluginManager: Mounting plugin AndroidMedia
LogPluginManager: Mounting plugin AvfMedia
LogPluginManager: Mounting plugin ImgMedia
LogPluginManager: Mounting plugin MediaCompositing
LogPluginManager: Mounting plugin MediaPlayerEditor
LogPluginManager: Mounting plugin WebMMedia
LogPluginManager: Mounting plugin WmfMedia
LogPluginManager: Mounting plugin TcpMessaging
LogPluginManager: Mounting plugin UdpMessaging
LogPluginManager: Mounting plugin ActorSequence
LogPluginManager: Mounting plugin LevelSequenceEditor
LogPluginManager: Mounting plugin MatineeToLevelSequence
LogPluginManager: Mounting plugin TemplateSequence
LogPluginManager: Mounting plugin OnlineSubsystem
LogPluginManager: Mounting plugin OnlineSubsystemNull
LogPluginManager: Mounting plugin OnlineSubsystemUtils
LogPluginManager: Mounting plugin LauncherChunkInstaller
LogPluginManager: Mounting plugin ActorLayerUtilities
LogPluginManager: Mounting plugin AndroidMoviePlayer
LogPluginManager: Mounting plugin AndroidDeviceProfileSelector
LogPluginManager: Mounting plugin AndroidPermission
LogPluginManager: Mounting plugin AppleImageUtils
LogPluginManager: Mounting plugin ArchVisCharacter
LogPluginManager: Mounting plugin AssetTags
LogPluginManager: Mounting plugin AudioCapture
LogPluginManager: Mounting plugin AppleMoviePlayer
LogPluginManager: Mounting plugin AudioSynesthesia
LogPluginManager: Mounting plugin CableComponent
LogPluginManager: Mounting plugin ChunkDownloader
LogPluginManager: Mounting plugin CustomMeshComponent
LogPluginManager: Mounting plugin EditableMesh
LogPluginManager: Mounting plugin ExampleDeviceProfileSelector
LogPluginManager: Mounting plugin GoogleCloudMessaging
LogPluginManager: Mounting plugin GooglePAD
LogPluginManager: Mounting plugin IOSDeviceProfileSelector
LogPluginManager: Mounting plugin LinuxDeviceProfileSelector
LogPluginManager: Mounting plugin LocationServicesBPLibrary
LogPluginManager: Mounting plugin MobilePatchingUtils
LogPluginManager: Mounting plugin OpenXR
LogPluginManager: Mounting plugin OpenXREyeTracker
LogPluginManager: Mounting plugin OpenXRHandTracking
LogPluginManager: Mounting plugin PhysXVehicles
LogPluginManager: Mounting plugin PostSplashScreen
LogPluginManager: Mounting plugin ProceduralMeshComponent
LogPluginManager: Mounting plugin PropertyAccessEditor
LogPluginManager: Mounting plugin RuntimePhysXCooking
LogPluginManager: Mounting plugin SignificanceManager
LogPluginManager: Mounting plugin SoundFields
LogPluginManager: Mounting plugin ScreenshotTools
LogPluginManager: Mounting plugin Synthesis
LogPluginManager: Mounting plugin WebMMoviePlayer
LogPluginManager: Mounting plugin WindowsMoviePlayer
LogPluginManager: Mounting plugin Takes
LogPluginManager: Mounting plugin ContentBrowserAssetDataSource
LogPluginManager: Mounting plugin ContentBrowserFileDataSource
LogPluginManager: Mounting plugin ContentBrowserClassDataSource
LogPluginManager: Mounting plugin OnlineSubsystemIOS
LogPluginManager: Mounting plugin OnlineSubsystemGooglePlay
LogPluginManager: Mounting plugin OculusVR
LogPluginManager: Mounting plugin SteamVR
PixWinPlugin: PIX capture plugin failed to initialize! Check that the process is launched from PIX.
LogInit: Using libcurl 7.55.1-DEV
LogInit:  - built for x86_64-pc-win32
LogInit:  - supports SSL with OpenSSL/1.1.1
LogInit:  - supports HTTP deflate (compression) using libz 1.2.8
LogInit:  - other features:
LogInit:      CURL_VERSION_SSL
LogInit:      CURL_VERSION_LIBZ
LogInit:      CURL_VERSION_IPV6
LogInit:      CURL_VERSION_ASYNCHDNS
LogInit:      CURL_VERSION_LARGEFILE
LogInit:      CURL_VERSION_IDN
LogInit:  CurlRequestOptions (configurable via config and command line):
LogInit:  - bVerifyPeer = true  - Libcurl will verify peer certificate
LogInit:  - bUseHttpProxy = false  - Libcurl will NOT use HTTP proxy
LogInit:  - bDontReuseConnections = false  - Libcurl will reuse connections
LogInit:  - MaxHostConnections = 16  - Libcurl will limit the number of connections to a host
LogInit:  - LocalHostAddr = Default
LogInit:  - BufferSize = 65536
LogOnline: OSS: Creating online subsystem instance for: NULL
LogInit: WinSock: version 1.1 (2.2), MaxSocks=32767, MaxUdp=65467
LogOnline: OSS: TryLoadSubsystemAndSetDefault: Loaded subsystem for module [NULL]
LogOculusPluginWrapper: OculusPlugin initialized successfully
LogHMD: Failed initializing OVRPlugin 1.59.0
LogInit: Build: ++UE4+Release-4.27-CL-18319896
LogInit: Engine Version: 4.27.2-18319896+++UE4+Release-4.27
LogInit: Compatible Engine Version: 4.27.0-17155196+++UE4+Release-4.27
LogInit: Net CL: 17155196
LogInit: OS: Windows 10 (Release 2009) (), CPU: Intel(R) Core(TM) i5-6200U CPU @ 2.30GHz, GPU: Intel(R) HD Graphics 520
LogInit: Compiled (64-bit): Nov 30 2021 07:12:08
LogInit: Compiled with Visual C++: 19.24.28315.00
LogInit: Build Configuration: Development
LogInit: Branch Name: ++UE4+Release-4.27
LogInit: Command Line: 
LogInit: Base Directory: C:/Program Files/Epic Games/UE_4.27/Engine/Binaries/Win64/
LogInit: Allocator: TBB
LogInit: Installed Engine Build: 1
LogDevObjectVersion: Number of dev versions registered: 29
LogDevObjectVersion:   Dev-Blueprints (B0D832E4-1F89-4F0D-ACCF-7EB736FD4AA2): 10
LogDevObjectVersion:   Dev-Build (E1C64328-A22C-4D53-A36C-8E866417BD8C): 0
LogDevObjectVersion:   Dev-Core (375EC13C-06E4-48FB-B500-84F0262A717E): 4
LogDevObjectVersion:   Dev-Editor (E4B068ED-F494-42E9-A231-DA0B2E46BB41): 40
LogDevObjectVersion:   Dev-Framework (CFFC743F-43B0-4480-9391-14DF171D2073): 37
LogDevObjectVersion:   Dev-Mobile (B02B49B5-BB20-44E9-A304-32B752E40360): 3
LogDevObjectVersion:   Dev-Networking (A4E4105C-59A1-49B5-A7C5-40C4547EDFEE): 0
LogDevObjectVersion:   Dev-Online (39C831C9-5AE6-47DC-9A44-9C173E1C8E7C): 0
LogDevObjectVersion:   Dev-Physics (78F01B33-EBEA-4F98-B9B4-84EACCB95AA2): 14
LogDevObjectVersion:   Dev-Platform (6631380F-2D4D-43E0-8009-CF276956A95A): 0
LogDevObjectVersion:   Dev-Rendering (12F88B9F-8875-4AFC-A67C-D90C383ABD29): 45
LogDevObjectVersion:   Dev-Sequencer (7B5AE74C-D270-4C10-A958-57980B212A5A): 13
LogDevObjectVersion:   Dev-VR (D7296918-1DD6-4BDD-9DE2-64A83CC13884): 3
LogDevObjectVersion:   Dev-LoadTimes (C2A15278-BFE7-4AFE-6C17-90FF531DF755): 1
LogDevObjectVersion:   Private-Geometry (6EACA3D4-40EC-4CC1-B786-8BED09428FC5): 3
LogDevObjectVersion:   Dev-AnimPhys (29E575DD-E0A3-4627-9D10-D276232CDCEA): 17
LogDevObjectVersion:   Dev-Anim (AF43A65D-7FD3-4947-9873-3E8ED9C1BB05): 15
LogDevObjectVersion:   Dev-ReflectionCapture (6B266CEC-1EC7-4B8F-A30B-E4D90942FC07): 1
LogDevObjectVersion:   Dev-Automation (0DF73D61-A23F-47EA-B727-89E90C41499A): 1
LogDevObjectVersion:   FortniteMain (601D1886-AC64-4F84-AA16-D3DE0DEAC7D6): 47
LogDevObjectVersion:   FortniteRelease (E7086368-6B23-4C58-8439-1B7016265E91): 1
LogDevObjectVersion:   Dev-Enterprise (9DFFBCD6-494F-0158-E221-12823C92A888): 10
LogDevObjectVersion:   Dev-Niagara (F2AED0AC-9AFE-416F-8664-AA7FFA26D6FC): 1
LogDevObjectVersion:   Dev-Destruction (174F1F0B-B4C6-45A5-B13F-2EE8D0FB917D): 10
LogDevObjectVersion:   Dev-Physics-Ext (35F94A83-E258-406C-A318-09F59610247C): 41
LogDevObjectVersion:   Dev-PhysicsMaterial-Chaos (B68FC16E-8B1B-42E2-B453-215C058844FE): 1
LogDevObjectVersion:   Dev-CineCamera (B2E18506-4273-CFC2-A54E-F4BB758BBA07): 1
LogDevObjectVersion:   Dev-VirtualProduction (64F58936-FD1B-42BA-BA96-7289D5D0FA4E): 1
LogDevObjectVersion:   Dev-MediaFramework (6F0ED827-A609-4895-9C91-998D90180EA4): 2
LogInit: Presizing for max 25165824 objects, including 0 objects not considered by GC, pre-allocating 0 bytes for permanent pool.
LogConfig: Applying CVar settings from Section [/Script/Engine.StreamingSettings] File [D:/Event_Horizon_SOL_V2/Saved/Config/Windows/Engine.ini]
LogConfig: Setting CVar [[s.MinBulkDataSizeForAsyncLoading:131072]]
LogConfig: Setting CVar [[s.AsyncLoadingThreadEnabled:0]]
LogConfig: Setting CVar [[s.EventDrivenLoaderEnabled:1]]
LogConfig: Setting CVar [[s.WarnIfTimeLimitExceeded:0]]
LogConfig: Setting CVar [[s.TimeLimitExceededMultiplier:1.5]]
LogConfig: Setting CVar [[s.TimeLimitExceededMinTime:0.005]]
LogConfig: Setting CVar [[s.UseBackgroundLevelStreaming:1]]
LogConfig: Setting CVar [[s.PriorityAsyncLoadingExtraTime:15.0]]
LogConfig: Setting CVar [[s.LevelStreamingActorsUpdateTimeLimit:5.0]]
LogConfig: Setting CVar [[s.PriorityLevelStreamingActorsUpdateExtraTime:5.0]]
LogConfig: Setting CVar [[s.LevelStreamingComponentsRegistrationGranularity:10]]
LogConfig: Setting CVar [[s.UnregisterComponentsTimeLimit:1.0]]
LogConfig: Setting CVar [[s.LevelStreamingComponentsUnregistrationGranularity:5]]
LogConfig: Setting CVar [[s.FlushStreamingOnExit:1]]
LogInit: Object subsystem initialized
LogConfig: Setting CVar [[con.DebugEarlyDefault:1]]
LogConfig: Setting CVar [[r.setres:1280x720]]
[2026.05.30-14.41.17:663][  0]LogConfig: Setting CVar [[r.VSync:0]]
[2026.05.30-14.41.17:664][  0]LogConfig: Setting CVar [[r.RHICmdBypass:0]]
[2026.05.30-14.41.17:664][  0]LogConfig: Applying CVar settings from Section [/Script/Engine.RendererSettings] File [D:/Event_Horizon_SOL_V2/Saved/Config/Windows/Engine.ini]
[2026.05.30-14.41.17:664][  0]LogConfig: Setting CVar [[r.GPUCrashDebugging:0]]
[2026.05.30-14.41.17:664][  0]LogConfig: Applying CVar settings from Section [/Script/Engine.RendererOverrideSettings] File [D:/Event_Horizon_SOL_V2/Saved/Config/Windows/Engine.ini]
[2026.05.30-14.41.17:664][  0]LogConfig: Applying CVar settings from Section [/Script/Engine.StreamingSettings] File [D:/Event_Horizon_SOL_V2/Saved/Config/Windows/Engine.ini]
[2026.05.30-14.41.17:664][  0]LogConfig: Setting CVar [[s.MinBulkDataSizeForAsyncLoading:131072]]
[2026.05.30-14.41.17:664][  0]LogConfig: Setting CVar [[s.AsyncLoadingThreadEnabled:0]]
[2026.05.30-14.41.17:664][  0]LogConfig: Setting CVar [[s.EventDrivenLoaderEnabled:1]]
[2026.05.30-14.41.17:664][  0]LogConfig: Setting CVar [[s.WarnIfTimeLimitExceeded:0]]
[2026.05.30-14.41.17:664][  0]LogConfig: Setting CVar [[s.TimeLimitExceededMultiplier:1.5]]
[2026.05.30-14.41.17:664][  0]LogConfig: Setting CVar [[s.TimeLimitExceededMinTime:0.005]]
[2026.05.30-14.41.17:664][  0]LogConfig: Setting CVar [[s.UseBackgroundLevelStreaming:1]]
[2026.05.30-14.41.17:664][  0]LogConfig: Setting CVar [[s.PriorityAsyncLoadingExtraTime:15.0]]
[2026.05.30-14.41.17:664][  0]LogConfig: Setting CVar [[s.LevelStreamingActorsUpdateTimeLimit:5.0]]
[2026.05.30-14.41.17:664][  0]LogConfig: Setting CVar [[s.PriorityLevelStreamingActorsUpdateExtraTime:5.0]]
[2026.05.30-14.41.17:664][  0]LogConfig: Setting CVar [[s.LevelStreamingComponentsRegistrationGranularity:10]]
[2026.05.30-14.41.17:664][  0]LogConfig: Setting CVar [[s.UnregisterComponentsTimeLimit:1.0]]
[2026.05.30-14.41.17:664][  0]LogConfig: Setting CVar [[s.LevelStreamingComponentsUnregistrationGranularity:5]]
[2026.05.30-14.41.17:664][  0]LogConfig: Setting CVar [[s.FlushStreamingOnExit:1]]
[2026.05.30-14.41.17:664][  0]LogConfig: Applying CVar settings from Section [/Script/Engine.GarbageCollectionSettings] File [D:/Event_Horizon_SOL_V2/Saved/Config/Windows/Engine.ini]
[2026.05.30-14.41.17:664][  0]LogConfig: Setting CVar [[gc.MaxObjectsNotConsideredByGC:1]]
[2026.05.30-14.41.17:664][  0]LogConfig: Setting CVar [[gc.SizeOfPermanentObjectPool:0]]
[2026.05.30-14.41.17:664][  0]LogConfig: Setting CVar [[gc.FlushStreamingOnGC:0]]
[2026.05.30-14.41.17:664][  0]LogConfig: Setting CVar [[gc.NumRetriesBeforeForcingGC:10]]
[2026.05.30-14.41.17:665][  0]LogConfig: Setting CVar [[gc.AllowParallelGC:1]]
[2026.05.30-14.41.17:665][  0]LogConfig: Setting CVar [[gc.TimeBetweenPurgingPendingKillObjects:61.1]]
[2026.05.30-14.41.17:665][  0]LogConfig: Setting CVar [[gc.MaxObjectsInEditor:25165824]]
[2026.05.30-14.41.17:665][  0]LogConfig: Setting CVar [[gc.IncrementalBeginDestroyEnabled:1]]
[2026.05.30-14.41.17:665][  0]LogConfig: Setting CVar [[gc.CreateGCClusters:1]]
[2026.05.30-14.41.17:665][  0]LogConfig: Setting CVar [[gc.MinGCClusterSize:5]]
[2026.05.30-14.41.17:665][  0]LogConfig: Setting CVar [[gc.ActorClusteringEnabled:0]]
[2026.05.30-14.41.17:665][  0]LogConfig: Setting CVar [[gc.BlueprintClusteringEnabled:0]]
[2026.05.30-14.41.17:665][  0]LogConfig: Setting CVar [[gc.UseDisregardForGCOnDedicatedServers:0]]
[2026.05.30-14.41.17:665][  0]LogConfig: Setting CVar [[gc.MultithreadedDestructionEnabled:1]]
[2026.05.30-14.41.17:665][  0]LogConfig: Applying CVar settings from Section [/Script/Engine.NetworkSettings] File [D:/Event_Horizon_SOL_V2/Saved/Config/Windows/Engine.ini]
[2026.05.30-14.41.17:665][  0]LogConfig: Applying CVar settings from Section [/Script/UnrealEd.CookerSettings] File [D:/Event_Horizon_SOL_V2/Saved/Config/Windows/Engine.ini]
[2026.05.30-14.41.17:678][  0]LogConfig: Applying CVar settings from Section [ViewDistanceQuality@3] File [D:/Event_Horizon_SOL_V2/Saved/Config/Windows/Scalability.ini]
[2026.05.30-14.41.17:678][  0]LogConfig: Setting CVar [[r.SkeletalMeshLODBias:0]]
[2026.05.30-14.41.17:678][  0]LogConfig: Setting CVar [[r.ViewDistanceScale:1.0]]
[2026.05.30-14.41.17:678][  0]LogConfig: Applying CVar settings from Section [AntiAliasingQuality@3] File [D:/Event_Horizon_SOL_V2/Saved/Config/Windows/Scalability.ini]
[2026.05.30-14.41.17:678][  0]LogConfig: Setting CVar [[r.PostProcessAAQuality:4]]
[2026.05.30-14.41.17:678][  0]LogConfig: Applying CVar settings from Section [ShadowQuality@3] File [D:/Event_Horizon_SOL_V2/Saved/Config/Windows/Scalability.ini]
[2026.05.30-14.41.17:678][  0]LogConfig: Setting CVar [[r.LightFunctionQuality:1]]
[2026.05.30-14.41.17:678][  0]LogConfig: Setting CVar [[r.ShadowQuality:5]]
[2026.05.30-14.41.17:678][  0]LogConfig: Setting CVar [[r.Shadow.CSM.MaxCascades:10]]
[2026.05.30-14.41.17:678][  0]LogConfig: Setting CVar [[r.Shadow.MaxResolution:2048]]
[2026.05.30-14.41.17:678][  0]LogConfig: Setting CVar [[r.Shadow.MaxCSMResolution:2048]]
[2026.05.30-14.41.17:678][  0]LogConfig: Setting CVar [[r.Shadow.RadiusThreshold:0.01]]
[2026.05.30-14.41.17:678][  0]LogConfig: Setting CVar [[r.Shadow.DistanceScale:1.0]]
[2026.05.30-14.41.17:678][  0]LogConfig: Setting CVar [[r.Shadow.CSM.TransitionScale:1.0]]
[2026.05.30-14.41.17:678][  0]LogConfig: Setting CVar [[r.Shadow.PreShadowResolutionFactor:1.0]]
[2026.05.30-14.41.17:678][  0]LogConfig: Setting CVar [[r.DistanceFieldShadowing:1]]
[2026.05.30-14.41.17:678][  0]LogConfig: Setting CVar [[r.DistanceFieldAO:1]]
[2026.05.30-14.41.17:678][  0]LogConfig: Setting CVar [[r.AOQuality:2]]
[2026.05.30-14.41.17:678][  0]LogConfig: Setting CVar [[r.VolumetricFog:1]]
[2026.05.30-14.41.17:678][  0]LogConfig: Setting CVar [[r.VolumetricFog.GridPixelSize:8]]
[2026.05.30-14.41.17:678][  0]LogConfig: Setting CVar [[r.VolumetricFog.GridSizeZ:128]]
[2026.05.30-14.41.17:678][  0]LogConfig: Setting CVar [[r.VolumetricFog.HistoryMissSupersampleCount:4]]
[2026.05.30-14.41.17:678][  0]LogConfig: Setting CVar [[r.LightMaxDrawDistanceScale:1]]
[2026.05.30-14.41.17:678][  0]LogConfig: Setting CVar [[r.CapsuleShadows:1]]
[2026.05.30-14.41.17:678][  0]LogConfig: Applying CVar settings from Section [PostProcessQuality@3] File [D:/Event_Horizon_SOL_V2/Saved/Config/Windows/Scalability.ini]
[2026.05.30-14.41.17:678][  0]LogConfig: Setting CVar [[r.MotionBlurQuality:4]]
[2026.05.30-14.41.17:678][  0]LogConfig: Setting CVar [[r.AmbientOcclusionMipLevelFactor:0.4]]
[2026.05.30-14.41.17:678][  0]LogConfig: Setting CVar [[r.AmbientOcclusionMaxQuality:100]]
[2026.05.30-14.41.17:678][  0]LogConfig: Setting CVar [[r.AmbientOcclusionLevels:-1]]
[2026.05.30-14.41.17:678][  0]LogConfig: Setting CVar [[r.AmbientOcclusionRadiusScale:1.0]]
[2026.05.30-14.41.17:678][  0]LogConfig: Setting CVar [[r.DepthOfFieldQuality:2]]
[2026.05.30-14.41.17:678][  0]LogConfig: Setting CVar [[r.RenderTargetPoolMin:400]]
[2026.05.30-14.41.17:679][  0]LogConfig: Setting CVar [[r.LensFlareQuality:2]]
[2026.05.30-14.41.17:679][  0]LogConfig: Setting CVar [[r.SceneColorFringeQuality:1]]
[2026.05.30-14.41.17:679][  0]LogConfig: Setting CVar [[r.EyeAdaptationQuality:2]]
[2026.05.30-14.41.17:679][  0]LogConfig: Setting CVar [[r.BloomQuality:5]]
[2026.05.30-14.41.17:679][  0]LogConfig: Setting CVar [[r.FastBlurThreshold:100]]
[2026.05.30-14.41.17:679][  0]LogConfig: Setting CVar [[r.Upscale.Quality:3]]
[2026.05.30-14.41.17:679][  0]LogConfig: Setting CVar [[r.Tonemapper.GrainQuantization:1]]
[2026.05.30-14.41.17:679][  0]LogConfig: Setting CVar [[r.LightShaftQuality:1]]
[2026.05.30-14.41.17:679][  0]LogConfig: Setting CVar [[r.Filter.SizeScale:1]]
[2026.05.30-14.41.17:679][  0]LogConfig: Setting CVar [[r.Tonemapper.Quality:5]]
[2026.05.30-14.41.17:679][  0]LogConfig: Setting CVar [[r.DOF.Gather.AccumulatorQuality:1        ; higher gathering accumulator quality]]
[2026.05.30-14.41.17:679][  0]LogConfig: Setting CVar [[r.DOF.Gather.PostfilterMethod:1          ; Median3x3 postfilering method]]
[2026.05.30-14.41.17:679][  0]LogConfig: Setting CVar [[r.DOF.Gather.EnableBokehSettings:0       ; no bokeh simulation when gathering]]
[2026.05.30-14.41.17:679][  0]LogConfig: Setting CVar [[r.DOF.Gather.RingCount:4                 ; medium number of samples when gathering]]
[2026.05.30-14.41.17:679][  0]LogConfig: Setting CVar [[r.DOF.Scatter.ForegroundCompositing:1    ; additive foreground scattering]]
[2026.05.30-14.41.17:679][  0]LogConfig: Setting CVar [[r.DOF.Scatter.BackgroundCompositing:2    ; additive background scattering]]
[2026.05.30-14.41.17:679][  0]LogConfig: Setting CVar [[r.DOF.Scatter.EnableBokehSettings:1      ; bokeh simulation when scattering]]
[2026.05.30-14.41.17:679][  0]LogConfig: Setting CVar [[r.DOF.Scatter.MaxSpriteRatio:0.1         ; only a maximum of 10% of scattered bokeh]]
[2026.05.30-14.41.17:679][  0]LogConfig: Setting CVar [[r.DOF.Recombine.Quality:1                ; cheap slight out of focus]]
[2026.05.30-14.41.17:679][  0]LogConfig: Setting CVar [[r.DOF.Recombine.EnableBokehSettings:0    ; no bokeh simulation on slight out of focus]]
[2026.05.30-14.41.17:679][  0]LogConfig: Setting CVar [[r.DOF.TemporalAAQuality:1                ; more stable temporal accumulation]]
[2026.05.30-14.41.17:679][  0]LogConfig: Setting CVar [[r.DOF.Kernel.MaxForegroundRadius:0.025]]
[2026.05.30-14.41.17:679][  0]LogConfig: Setting CVar [[r.DOF.Kernel.MaxBackgroundRadius:0.025]]
[2026.05.30-14.41.17:679][  0]LogConfig: Applying CVar settings from Section [TextureQuality@3] File [D:/Event_Horizon_SOL_V2/Saved/Config/Windows/Scalability.ini]
[2026.05.30-14.41.17:679][  0]LogConfig: Setting CVar [[r.Streaming.MipBias:0]]
[2026.05.30-14.41.17:679][  0]LogConfig: Setting CVar [[r.Streaming.AmortizeCPUToGPUCopy:0]]
[2026.05.30-14.41.17:679][  0]LogConfig: Setting CVar [[r.Streaming.MaxNumTexturesToStreamPerFrame:0]]
[2026.05.30-14.41.17:679][  0]LogConfig: Setting CVar [[r.Streaming.Boost:1]]
[2026.05.30-14.41.17:679][  0]LogConfig: Setting CVar [[r.MaxAnisotropy:8]]
[2026.05.30-14.41.17:679][  0]LogConfig: Setting CVar [[r.VT.MaxAnisotropy:8]]
[2026.05.30-14.41.17:679][  0]LogConfig: Setting CVar [[r.Streaming.LimitPoolSizeToVRAM:0]]
[2026.05.30-14.41.17:679][  0]LogConfig: Setting CVar [[r.Streaming.PoolSize:1000]]
[2026.05.30-14.41.17:679][  0]LogConfig: Setting CVar [[r.Streaming.MaxEffectiveScreenSize:0]]
[2026.05.30-14.41.17:679][  0]LogConfig: Applying CVar settings from Section [EffectsQuality@3] File [D:/Event_Horizon_SOL_V2/Saved/Config/Windows/Scalability.ini]
[2026.05.30-14.41.17:679][  0]LogConfig: Setting CVar [[r.TranslucencyLightingVolumeDim:64]]
[2026.05.30-14.41.17:679][  0]LogConfig: Setting CVar [[r.RefractionQuality:2]]
[2026.05.30-14.41.17:679][  0]LogConfig: Setting CVar [[r.SSR.Quality:3]]
[2026.05.30-14.41.17:679][  0]LogConfig: Setting CVar [[r.SSR.HalfResSceneColor:0]]
[2026.05.30-14.41.17:679][  0]LogConfig: Setting CVar [[r.SceneColorFormat:4]]
[2026.05.30-14.41.17:679][  0]LogConfig: Setting CVar [[r.DetailMode:2]]
[2026.05.30-14.41.17:679][  0]LogConfig: Setting CVar [[r.TranslucencyVolumeBlur:1]]
[2026.05.30-14.41.17:679][  0]LogConfig: Setting CVar [[r.MaterialQualityLevel:1 ; High quality]]
[2026.05.30-14.41.17:679][  0]LogConfig: Setting CVar [[r.AnisotropicMaterials:1]]
[2026.05.30-14.41.17:679][  0]LogConfig: Setting CVar [[r.SSS.Scale:1]]
[2026.05.30-14.41.17:679][  0]LogConfig: Setting CVar [[r.SSS.SampleSet:2]]
[2026.05.30-14.41.17:679][  0]LogConfig: Setting CVar [[r.SSS.Quality:1]]
[2026.05.30-14.41.17:679][  0]LogConfig: Setting CVar [[r.SSS.HalfRes:0]]
[2026.05.30-14.41.17:679][  0]LogConfig: Setting CVar [[r.SSGI.Quality:3]]
[2026.05.30-14.41.17:679][  0]LogConfig: Setting CVar [[r.EmitterSpawnRateScale:1.0]]
[2026.05.30-14.41.17:679][  0]LogConfig: Setting CVar [[r.ParticleLightQuality:2]]
[2026.05.30-14.41.17:679][  0]LogConfig: Setting CVar [[r.SkyAtmosphere.AerialPerspectiveLUT.FastApplyOnOpaque:1 ; Always have FastSkyLUT 1 in this case to avoid wrong sky]]
[2026.05.30-14.41.17:679][  0]LogConfig: Setting CVar [[r.SkyAtmosphere.AerialPerspectiveLUT.SampleCountMaxPerSlice:4]]
[2026.05.30-14.41.17:679][  0]LogConfig: Setting CVar [[r.SkyAtmosphere.AerialPerspectiveLUT.DepthResolution:16.0]]
[2026.05.30-14.41.17:679][  0]LogConfig: Setting CVar [[r.SkyAtmosphere.FastSkyLUT:1]]
[2026.05.30-14.41.17:680][  0]LogConfig: Setting CVar [[r.SkyAtmosphere.FastSkyLUT.SampleCountMin:4.0]]
[2026.05.30-14.41.17:680][  0]LogConfig: Setting CVar [[r.SkyAtmosphere.FastSkyLUT.SampleCountMax:128.0]]
[2026.05.30-14.41.17:680][  0]LogConfig: Setting CVar [[r.SkyAtmosphere.SampleCountMin:4.0]]
[2026.05.30-14.41.17:680][  0]LogConfig: Setting CVar [[r.SkyAtmosphere.SampleCountMax:128.0]]
[2026.05.30-14.41.17:680][  0]LogConfig: Setting CVar [[r.SkyAtmosphere.TransmittanceLUT.UseSmallFormat:0]]
[2026.05.30-14.41.17:680][  0]LogConfig: Setting CVar [[r.SkyAtmosphere.TransmittanceLUT.SampleCount:10.0]]
[2026.05.30-14.41.17:680][  0]LogConfig: Setting CVar [[r.SkyAtmosphere.MultiScatteringLUT.SampleCount:15.0]]
[2026.05.30-14.41.17:680][  0]LogConfig: Setting CVar [[r.SkyLight.RealTimeReflectionCapture:1]]
[2026.05.30-14.41.17:680][  0]LogConfig: Applying CVar settings from Section [FoliageQuality@3] File [D:/Event_Horizon_SOL_V2/Saved/Config/Windows/Scalability.ini]
[2026.05.30-14.41.17:680][  0]LogConfig: Setting CVar [[foliage.DensityScale:1.0]]
[2026.05.30-14.41.17:680][  0]LogConfig: Setting CVar [[grass.DensityScale:1.0]]
[2026.05.30-14.41.17:680][  0]LogConfig: Applying CVar settings from Section [ShadingQuality@3] File [D:/Event_Horizon_SOL_V2/Saved/Config/Windows/Scalability.ini]
[2026.05.30-14.41.17:680][  0]LogConfig: Setting CVar [[r.HairStrands.SkyLighting.IntegrationType:2]]
[2026.05.30-14.41.17:680][  0]LogConfig: Setting CVar [[r.HairStrands.SkyAO.SampleCount:4]]
[2026.05.30-14.41.17:680][  0]LogConfig: Setting CVar [[r.HairStrands.Visibility.MSAA.SamplePerPixel:4]]
[2026.05.30-14.41.17:680][  0]LogInit: Selected Device Profile: [Windows]
[2026.05.30-14.41.17:680][  0]LogInit: Applying CVar settings loaded from the selected device profile: [Windows]
[2026.05.30-14.41.17:680][  0]LogHAL: Display: Platform has ~ 8 GB [8400711680 / 8589934592 / 8], which maps to Default [LargestMinGB=32, LargerMinGB=12, DefaultMinGB=8, SmallerMinGB=6, SmallestMinGB=0)
[2026.05.30-14.41.17:680][  0]LogInit: Going up to parent DeviceProfile []
[2026.05.30-14.41.17:680][  0]LogConfig: Applying CVar settings from Section [ViewDistanceQuality@1] File [D:/Event_Horizon_SOL_V2/Saved/Config/Windows/Scalability.ini]
[2026.05.30-14.41.17:680][  0]LogConfig: Setting CVar [[r.SkeletalMeshLODBias:1]]
[2026.05.30-14.41.17:680][  0]LogConfig: Setting CVar [[r.ViewDistanceScale:0.6]]
[2026.05.30-14.41.17:680][  0]LogConfig: Applying CVar settings from Section [AntiAliasingQuality@1] File [D:/Event_Horizon_SOL_V2/Saved/Config/Windows/Scalability.ini]
[2026.05.30-14.41.17:680][  0]LogConfig: Setting CVar [[r.PostProcessAAQuality:2]]
[2026.05.30-14.41.17:680][  0]LogConfig: Applying CVar settings from Section [ShadowQuality@1] File [D:/Event_Horizon_SOL_V2/Saved/Config/Windows/Scalability.ini]
[2026.05.30-14.41.17:680][  0]LogConfig: Setting CVar [[r.LightFunctionQuality:1]]
[2026.05.30-14.41.17:680][  0]LogConfig: Setting CVar [[r.ShadowQuality:3]]
[2026.05.30-14.41.17:680][  0]LogConfig: Setting CVar [[r.Shadow.CSM.MaxCascades:1]]
[2026.05.30-14.41.17:680][  0]LogConfig: Setting CVar [[r.Shadow.MaxResolution:1024]]
[2026.05.30-14.41.17:680][  0]LogConfig: Setting CVar [[r.Shadow.MaxCSMResolution:1024]]
[2026.05.30-14.41.17:680][  0]LogConfig: Setting CVar [[r.Shadow.RadiusThreshold:0.05]]
[2026.05.30-14.41.17:680][  0]LogConfig: Setting CVar [[r.Shadow.DistanceScale:0.7]]
[2026.05.30-14.41.17:680][  0]LogConfig: Setting CVar [[r.Shadow.CSM.TransitionScale:0.25]]
[2026.05.30-14.41.17:680][  0]LogConfig: Setting CVar [[r.Shadow.PreShadowResolutionFactor:0.5]]
[2026.05.30-14.41.17:680][  0]LogConfig: Setting CVar [[r.DistanceFieldShadowing:0]]
[2026.05.30-14.41.17:680][  0]LogConfig: Setting CVar [[r.DistanceFieldAO:0]]
[2026.05.30-14.41.17:680][  0]LogConfig: Setting CVar [[r.VolumetricFog:0]]
[2026.05.30-14.41.17:680][  0]LogConfig: Setting CVar [[r.LightMaxDrawDistanceScale:.5]]
[2026.05.30-14.41.17:680][  0]LogConfig: Setting CVar [[r.CapsuleShadows:1]]
[2026.05.30-14.41.17:680][  0]LogConfig: Applying CVar settings from Section [PostProcessQuality@1] File [D:/Event_Horizon_SOL_V2/Saved/Config/Windows/Scalability.ini]
[2026.05.30-14.41.17:680][  0]LogConfig: Setting CVar [[r.MotionBlurQuality:3]]
[2026.05.30-14.41.17:680][  0]LogConfig: Setting CVar [[r.AmbientOcclusionMipLevelFactor:1.0]]
[2026.05.30-14.41.17:680][  0]LogConfig: Setting CVar [[r.AmbientOcclusionMaxQuality:60]]
[2026.05.30-14.41.17:680][  0]LogConfig: Setting CVar [[r.AmbientOcclusionLevels:-1]]
[2026.05.30-14.41.17:680][  0]LogConfig: Setting CVar [[r.AmbientOcclusionRadiusScale:1.5]]
[2026.05.30-14.41.17:681][  0]LogConfig: Setting CVar [[r.DepthOfFieldQuality:1]]
[2026.05.30-14.41.17:681][  0]LogConfig: Setting CVar [[r.RenderTargetPoolMin:350]]
[2026.05.30-14.41.17:681][  0]LogConfig: Setting CVar [[r.LensFlareQuality:0]]
[2026.05.30-14.41.17:681][  0]LogConfig: Setting CVar [[r.SceneColorFringeQuality:0]]
[2026.05.30-14.41.17:681][  0]LogConfig: Setting CVar [[r.EyeAdaptationQuality:2]]
[2026.05.30-14.41.17:681][  0]LogConfig: Setting CVar [[r.BloomQuality:4]]
[2026.05.30-14.41.17:681][  0]LogConfig: Setting CVar [[r.FastBlurThreshold:2]]
[2026.05.30-14.41.17:681][  0]LogConfig: Setting CVar [[r.Upscale.Quality:2]]
[2026.05.30-14.41.17:681][  0]LogConfig: Setting CVar [[r.Tonemapper.GrainQuantization:0]]
[2026.05.30-14.41.17:681][  0]LogConfig: Setting CVar [[r.LightShaftQuality:0]]
[2026.05.30-14.41.17:681][  0]LogConfig: Setting CVar [[r.Filter.SizeScale:0.7]]
[2026.05.30-14.41.17:681][  0]LogConfig: Setting CVar [[r.Tonemapper.Quality:2]]
[2026.05.30-14.41.17:681][  0]LogConfig: Setting CVar [[r.DOF.Gather.AccumulatorQuality:0        ; lower gathering accumulator quality]]
[2026.05.30-14.41.17:681][  0]LogConfig: Setting CVar [[r.DOF.Gather.PostfilterMethod:2          ; Max3x3 postfilering method]]
[2026.05.30-14.41.17:681][  0]LogConfig: Setting CVar [[r.DOF.Gather.EnableBokehSettings:0       ; no bokeh simulation when gathering]]
[2026.05.30-14.41.17:681][  0]LogConfig: Setting CVar [[r.DOF.Gather.RingCount:3                 ; low number of samples when gathering]]
[2026.05.30-14.41.17:681][  0]LogConfig: Setting CVar [[r.DOF.Scatter.ForegroundCompositing:0    ; no foreground scattering]]
[2026.05.30-14.41.17:681][  0]LogConfig: Setting CVar [[r.DOF.Scatter.BackgroundCompositing:0    ; no foreground scattering]]
[2026.05.30-14.41.17:681][  0]LogConfig: Setting CVar [[r.DOF.Recombine.Quality:0                ; no slight out of focus]]
[2026.05.30-14.41.17:681][  0]LogConfig: Setting CVar [[r.DOF.TemporalAAQuality:0                ; faster temporal accumulation]]
[2026.05.30-14.41.17:681][  0]LogConfig: Setting CVar [[r.DOF.Kernel.MaxForegroundRadius:0.006   ; required because low gathering and no scattering and not looking great at 1080p]]
[2026.05.30-14.41.17:681][  0]LogConfig: Setting CVar [[r.DOF.Kernel.MaxBackgroundRadius:0.006   ; required because low gathering and no scattering and not looking great at 1080p]]
[2026.05.30-14.41.17:681][  0]LogConfig: Applying CVar settings from Section [TextureQuality@1] File [D:/Event_Horizon_SOL_V2/Saved/Config/Windows/Scalability.ini]
[2026.05.30-14.41.17:681][  0]LogConfig: Setting CVar [[r.Streaming.MipBias:1]]
[2026.05.30-14.41.17:681][  0]LogConfig: Setting CVar [[r.Streaming.AmortizeCPUToGPUCopy:0]]
[2026.05.30-14.41.17:681][  0]LogConfig: Setting CVar [[r.Streaming.MaxNumTexturesToStreamPerFrame:0]]
[2026.05.30-14.41.17:681][  0]LogConfig: Setting CVar [[r.Streaming.Boost:1]]
[2026.05.30-14.41.17:681][  0]LogConfig: Setting CVar [[r.MaxAnisotropy:2]]
[2026.05.30-14.41.17:681][  0]LogConfig: Setting CVar [[r.VT.MaxAnisotropy:4]]
[2026.05.30-14.41.17:681][  0]LogConfig: Setting CVar [[r.Streaming.LimitPoolSizeToVRAM:1]]
[2026.05.30-14.41.17:681][  0]LogConfig: Setting CVar [[r.Streaming.PoolSize:600]]
[2026.05.30-14.41.17:681][  0]LogConfig: Setting CVar [[r.Streaming.MaxEffectiveScreenSize:0]]
[2026.05.30-14.41.17:681][  0]LogConfig: Applying CVar settings from Section [EffectsQuality@1] File [D:/Event_Horizon_SOL_V2/Saved/Config/Windows/Scalability.ini]
[2026.05.30-14.41.17:681][  0]LogConfig: Setting CVar [[r.TranslucencyLightingVolumeDim:32]]
[2026.05.30-14.41.17:681][  0]LogConfig: Setting CVar [[r.RefractionQuality:0]]
[2026.05.30-14.41.17:682][  0]LogConfig: Setting CVar [[r.SSR.Quality:0]]
[2026.05.30-14.41.17:682][  0]LogConfig: Setting CVar [[r.SSR.HalfResSceneColor:1]]
[2026.05.30-14.41.17:682][  0]LogConfig: Setting CVar [[r.SceneColorFormat:3]]
[2026.05.30-14.41.17:682][  0]LogConfig: Setting CVar [[r.DetailMode:1]]
[2026.05.30-14.41.17:682][  0]LogConfig: Setting CVar [[r.TranslucencyVolumeBlur:0]]
[2026.05.30-14.41.17:682][  0]LogConfig: Setting CVar [[r.MaterialQualityLevel:2 ; Medium quality]]
[2026.05.30-14.41.17:682][  0]LogConfig: Setting CVar [[r.AnisotropicMaterials:0]]
[2026.05.30-14.41.17:682][  0]LogConfig: Setting CVar [[r.SSS.Scale:0.75]]
[2026.05.30-14.41.17:682][  0]LogConfig: Setting CVar [[r.SSS.SampleSet:0]]
[2026.05.30-14.41.17:682][  0]LogConfig: Setting CVar [[r.SSS.Quality:0]]
[2026.05.30-14.41.17:682][  0]LogConfig: Setting CVar [[r.SSS.HalfRes:1]]
[2026.05.30-14.41.17:682][  0]LogConfig: Setting CVar [[r.SSGI.Quality:1]]
[2026.05.30-14.41.17:682][  0]LogConfig: Setting CVar [[r.EmitterSpawnRateScale:0.25]]
[2026.05.30-14.41.17:682][  0]LogConfig: Setting CVar [[r.ParticleLightQuality:0]]
[2026.05.30-14.41.17:682][  0]LogConfig: Setting CVar [[r.SkyAtmosphere.AerialPerspectiveLUT.FastApplyOnOpaque:1 ; Always have FastSkyLUT 1 in this case to avoid wrong sky]]
[2026.05.30-14.41.17:682][  0]LogConfig: Setting CVar [[r.SkyAtmosphere.AerialPerspectiveLUT.SampleCountMaxPerSlice:1]]
[2026.05.30-14.41.17:682][  0]LogConfig: Setting CVar [[r.SkyAtmosphere.AerialPerspectiveLUT.DepthResolution:16.0]]
[2026.05.30-14.41.17:682][  0]LogConfig: Setting CVar [[r.SkyAtmosphere.FastSkyLUT:1]]
[2026.05.30-14.41.17:682][  0]LogConfig: Setting CVar [[r.SkyAtmosphere.FastSkyLUT.SampleCountMin:4.0]]
[2026.05.30-14.41.17:682][  0]LogConfig: Setting CVar [[r.SkyAtmosphere.FastSkyLUT.SampleCountMax:32.0]]
[2026.05.30-14.41.17:682][  0]LogConfig: Setting CVar [[r.SkyAtmosphere.SampleCountMin:4.0]]
[2026.05.30-14.41.17:682][  0]LogConfig: Setting CVar [[r.SkyAtmosphere.SampleCountMax:32.0]]
[2026.05.30-14.41.17:682][  0]LogConfig: Setting CVar [[r.SkyAtmosphere.TransmittanceLUT.UseSmallFormat:0]]
[2026.05.30-14.41.17:682][  0]LogConfig: Setting CVar [[r.SkyAtmosphere.TransmittanceLUT.SampleCount:10.0]]
[2026.05.30-14.41.17:682][  0]LogConfig: Setting CVar [[r.SkyAtmosphere.MultiScatteringLUT.SampleCount:15.0]]
[2026.05.30-14.41.17:682][  0]LogConfig: Setting CVar [[r.SkyLight.RealTimeReflectionCapture:0]]
[2026.05.30-14.41.17:682][  0]LogConfig: Applying CVar settings from Section [FoliageQuality@1] File [D:/Event_Horizon_SOL_V2/Saved/Config/Windows/Scalability.ini]
[2026.05.30-14.41.17:682][  0]LogConfig: Setting CVar [[foliage.DensityScale:0.4]]
[2026.05.30-14.41.17:682][  0]LogConfig: Setting CVar [[grass.DensityScale:0.4]]
[2026.05.30-14.41.17:682][  0]LogConfig: Applying CVar settings from Section [ShadingQuality@1] File [D:/Event_Horizon_SOL_V2/Saved/Config/Windows/Scalability.ini]
[2026.05.30-14.41.17:683][  0]LogConfig: Setting CVar [[r.HairStrands.SkyLighting.IntegrationType:2]]
[2026.05.30-14.41.17:683][  0]LogConfig: Setting CVar [[r.HairStrands.SkyAO.SampleCount:4]]
[2026.05.30-14.41.17:683][  0]LogConfig: Setting CVar [[r.HairStrands.Visibility.MSAA.SamplePerPixel:1]]
[2026.05.30-14.41.17:683][  0]LogConfig: Applying CVar settings from Section [Startup] File [../../../Engine/Config/ConsoleVariables.ini]
[2026.05.30-14.41.17:685][  0]LogConfig: Setting CVar [[net.UseAdaptiveNetUpdateFrequency:0]]
[2026.05.30-14.41.17:685][  0]LogConfig: Setting CVar [[p.chaos.AllowCreatePhysxBodies:1]]
[2026.05.30-14.41.17:685][  0]LogConfig: Setting CVar [[fx.SkipVectorVMBackendOptimizations:1]]
[2026.05.30-14.41.17:685][  0]LogConfig: Applying CVar settings from Section [ConsoleVariables] File [D:/Event_Horizon_SOL_V2/Saved/Config/Windows/Engine.ini]
[2026.05.30-14.41.17:685][  0]LogConfig: Applying CVar settings from Section [ConsoleVariables] File [D:/Event_Horizon_SOL_V2/Saved/Config/Windows/Editor.ini]
[2026.05.30-14.41.17:685][  0]LogInit: Computer: DESKTOP-LCIBC1C
[2026.05.30-14.41.17:685][  0]LogInit: User: user
[2026.05.30-14.41.17:685][  0]LogInit: CPU Page size=4096, Cores=2
[2026.05.30-14.41.17:685][  0]LogInit: High frequency timer resolution =10.000000 MHz
[2026.05.30-14.41.17:685][  0]LogMemory: Memory total: Physical=7.8GB (8GB approx)
[2026.05.30-14.41.17:685][  0]LogMemory: Platform Memory Stats for Windows
[2026.05.30-14.41.17:685][  0]LogMemory: Process Physical Memory: 143.01 MB used, 143.01 MB peak
[2026.05.30-14.41.17:685][  0]LogMemory: Process Virtual Memory: 120.68 MB used, 120.68 MB peak
[2026.05.30-14.41.17:685][  0]LogMemory: Physical Memory: 7228.10 MB used,  783.44 MB free, 8011.54 MB total
[2026.05.30-14.41.17:685][  0]LogMemory: Virtual Memory: 134211264.00 MB used,  6466.20 MB free, 134217728.00 MB total
[2026.05.30-14.41.17:695][  0]LogWindows: WindowsPlatformFeatures enabled
[2026.05.30-14.41.17:769][  0]LogInit: Physics initialised using underlying interface: PhysX
[2026.05.30-14.41.17:772][  0]LogInit: Using OS detected language (en-US).
[2026.05.30-14.41.17:772][  0]LogInit: Using OS detected locale (en-IN).
[2026.05.30-14.41.17:797][  0]LogTextLocalizationManager: No specific localization for 'en-US' exists, so the 'en' localization will be used.
[2026.05.30-14.41.18:535][  0]LogInit: Setting process to per monitor DPI aware
[2026.05.30-14.41.18:562][  0]LogWindowsTextInputMethodSystem: Display: IME system deactivated.
[2026.05.30-14.41.18:595][  0]LogSlate: New Slate User Created.  User Index 0, Is Virtual User: 0
[2026.05.30-14.41.18:595][  0]LogSlate: Slate User Registered.  User Index 0, Is Virtual User: 0
[2026.05.30-14.41.19:168][  0]LogD3D11RHI: Loaded GFSDK_Aftermath_Lib.x64.dll
[2026.05.30-14.41.19:173][  0]LogHMD: Failed to initialize OpenVR with code 110
[2026.05.30-14.41.19:173][  0]LogD3D11RHI: D3D11 min allowed feature level: 11_0
[2026.05.30-14.41.19:173][  0]LogD3D11RHI: D3D11 max allowed feature level: 11_0
[2026.05.30-14.41.19:173][  0]LogD3D11RHI: D3D11 adapters:
[2026.05.30-14.41.19:475][  0]LogD3D11RHI:    0. 'Intel(R) HD Graphics 520' (Feature Level 11_0)
[2026.05.30-14.41.19:475][  0]LogD3D11RHI:       128/0/4005 MB DedicatedVideo/DedicatedSystem/SharedSystem, Outputs:1, VendorId:0x8086
[2026.05.30-14.41.19:481][  0]LogD3D11RHI:    1. 'Microsoft Basic Render Driver' (Feature Level 11_0)
[2026.05.30-14.41.19:481][  0]LogD3D11RHI:       0/0/4005 MB DedicatedVideo/DedicatedSystem/SharedSystem, Outputs:0, VendorId:0x1414
[2026.05.30-14.41.19:481][  0]LogD3D11RHI: Chosen D3D11 Adapter:
[2026.05.30-14.41.19:481][  0]LogD3D11RHI:     Description : Intel(R) HD Graphics 520
[2026.05.30-14.41.19:481][  0]LogD3D11RHI:     VendorId    : 8086
[2026.05.30-14.41.19:481][  0]LogD3D11RHI:     DeviceId    : 1916
[2026.05.30-14.41.19:481][  0]LogD3D11RHI:     SubSysId    : 6de1028
[2026.05.30-14.41.19:481][  0]LogD3D11RHI:     Revision    : 0007
[2026.05.30-14.41.19:481][  0]LogD3D11RHI:     DedicatedVideoMemory : 134217728 bytes
[2026.05.30-14.41.19:481][  0]LogD3D11RHI:     DedicatedSystemMemory : 0 bytes
[2026.05.30-14.41.19:481][  0]LogD3D11RHI:     SharedSystemMemory : 4200355840 bytes
[2026.05.30-14.41.19:481][  0]LogD3D11RHI:     AdapterLuid : 0 57012
[2026.05.30-14.41.19:491][  0]LogD3D11RHI: Creating new Direct3DDevice
[2026.05.30-14.41.19:491][  0]LogD3D11RHI:     GPU DeviceId: 0x1916 (for the marketing name, search the web for "GPU Device Id")
[2026.05.30-14.41.19:491][  0]LogWindows: EnumDisplayDevices:
[2026.05.30-14.41.19:491][  0]LogWindows:    0. 'Intel(R) HD Graphics 520' (P:1 D:1)
[2026.05.30-14.41.19:492][  0]LogWindows:    1. 'Intel(R) HD Graphics 520' (P:0 D:0)
[2026.05.30-14.41.19:492][  0]LogWindows:    2. 'Intel(R) HD Graphics 520' (P:0 D:0)
[2026.05.30-14.41.19:493][  0]LogWindows: DebugString: FoundDriverCount:3 
[2026.05.30-14.41.19:493][  0]LogD3D11RHI:     Adapter Name: Intel(R) HD Graphics 520
[2026.05.30-14.41.19:493][  0]LogD3D11RHI:   Driver Version: 30.0.101.1338 (internal:30.0.101.1338, unified:30.0.101.1338)
[2026.05.30-14.41.19:493][  0]LogD3D11RHI:      Driver Date: 1-20-2022
[2026.05.30-14.41.19:493][  0]LogRHI: Texture pool is 1491 MB (70% of 2130 MB)
[2026.05.30-14.41.19:509][  0]LogD3D11RHI: Creating D3DDevice using adapter:
[2026.05.30-14.41.19:509][  0]LogD3D11RHI:     Description : Intel(R) HD Graphics 520
[2026.05.30-14.41.19:509][  0]LogD3D11RHI:     VendorId    : 8086
[2026.05.30-14.41.19:509][  0]LogD3D11RHI:     DeviceId    : 1916
[2026.05.30-14.41.19:509][  0]LogD3D11RHI:     SubSysId    : 6de1028
[2026.05.30-14.41.19:509][  0]LogD3D11RHI:     Revision    : 0007
[2026.05.30-14.41.19:509][  0]LogD3D11RHI:     DedicatedVideoMemory : 134217728 bytes
[2026.05.30-14.41.19:509][  0]LogD3D11RHI:     DedicatedSystemMemory : 0 bytes
[2026.05.30-14.41.19:509][  0]LogD3D11RHI:     SharedSystemMemory : 4200355840 bytes
[2026.05.30-14.41.19:509][  0]LogD3D11RHI:     AdapterLuid : 0 57012
[2026.05.30-14.41.19:714][  0]LogD3D11RHI: RHI does not have support for 64 bit atomics
[2026.05.30-14.41.19:804][  0]LogD3D11RHI: Intel Extensions support version Full=16777216, Major=1, Minor=0, Revision=0
[2026.05.30-14.41.19:804][  0]LogD3D11RHI: Intel Extensions support version Full=16777217, Major=1, Minor=0, Revision=1
[2026.05.30-14.41.19:804][  0]LogD3D11RHI: Intel Extensions Framework enabled
[2026.05.30-14.41.19:806][  0]LogD3D11RHI: [IntelMetricsDiscovery] Started
[2026.05.30-14.41.19:806][  0]LogD3D11RHI: Async texture creation enabled
[2026.05.30-14.41.19:806][  0]LogD3D11RHI: Array index from any shader is supported
[2026.05.30-14.41.19:829][  0]LogD3D11RHI: GPU Timing Frequency: 12.000048 (Debug: 2 0)
[2026.05.30-14.41.20:931][  0]LogTargetPlatformManager: Display: Loaded TargetPlatform 'AllDesktop'
[2026.05.30-14.41.20:976][  0]LogTargetPlatformManager: Display: Loaded TargetPlatform 'Android'
[2026.05.30-14.41.20:976][  0]LogTargetPlatformManager: Display: Loaded TargetPlatform 'Android_ASTC'
[2026.05.30-14.41.20:976][  0]LogTargetPlatformManager: Display: Loaded TargetPlatform 'Android_DXT'
[2026.05.30-14.41.20:976][  0]LogTargetPlatformManager: Display: Loaded TargetPlatform 'Android_ETC2'
[2026.05.30-14.41.20:976][  0]LogTargetPlatformManager: Display: Loaded TargetPlatform 'AndroidClient'
[2026.05.30-14.41.20:976][  0]LogTargetPlatformManager: Display: Loaded TargetPlatform 'Android_ASTCClient'
[2026.05.30-14.41.20:976][  0]LogTargetPlatformManager: Display: Loaded TargetPlatform 'Android_DXTClient'
[2026.05.30-14.41.20:976][  0]LogTargetPlatformManager: Display: Loaded TargetPlatform 'Android_ETC2Client'
[2026.05.30-14.41.20:976][  0]LogTargetPlatformManager: Display: Loaded TargetPlatform 'Android_Multi'
[2026.05.30-14.41.20:976][  0]LogTargetPlatformManager: Display: Loaded TargetPlatform 'Android_MultiClient'
[2026.05.30-14.41.21:010][  0]LogTargetPlatformManager: Display: Loaded TargetPlatform 'IOSClient'
[2026.05.30-14.41.21:011][  0]LogTargetPlatformManager: Display: Loaded TargetPlatform 'IOS'
[2026.05.30-14.41.21:028][  0]LogTargetPlatformManager: Display: Loaded TargetPlatform 'Linux'
[2026.05.30-14.41.21:037][  0]LogTargetPlatformManager: Display: Loaded TargetPlatform 'LinuxNoEditor'
[2026.05.30-14.41.21:048][  0]LogTargetPlatformManager: Display: Loaded TargetPlatform 'LinuxClient'
[2026.05.30-14.41.21:056][  0]LogTargetPlatformManager: Display: Loaded TargetPlatform 'LinuxServer'
[2026.05.30-14.41.21:073][  0]LogTargetPlatformManager: Display: Loaded TargetPlatform 'LinuxAArch64NoEditor'
[2026.05.30-14.41.21:082][  0]LogTargetPlatformManager: Display: Loaded TargetPlatform 'LinuxAArch64Client'
[2026.05.30-14.41.21:090][  0]LogTargetPlatformManager: Display: Loaded TargetPlatform 'LinuxAArch64Server'
[2026.05.30-14.41.21:128][  0]LogTargetPlatformManager: Display: Loaded TargetPlatform 'Lumin'
[2026.05.30-14.41.21:128][  0]LogTargetPlatformManager: Display: Loaded TargetPlatform 'LuminClient'
[2026.05.30-14.41.21:142][  0]LogTargetPlatformManager: Display: Loaded TargetPlatform 'MacNoEditor'
[2026.05.30-14.41.21:149][  0]LogTargetPlatformManager: Display: Loaded TargetPlatform 'Mac'
[2026.05.30-14.41.21:156][  0]LogTargetPlatformManager: Display: Loaded TargetPlatform 'MacClient'
[2026.05.30-14.41.21:163][  0]LogTargetPlatformManager: Display: Loaded TargetPlatform 'MacServer'
[2026.05.30-14.41.21:180][  0]LogTargetPlatformManager: Display: Loaded TargetPlatform 'TVOSClient'
[2026.05.30-14.41.21:180][  0]LogTargetPlatformManager: Display: Loaded TargetPlatform 'TVOS'
[2026.05.30-14.41.21:195][  0]LogTargetPlatformManager: Display: Loaded TargetPlatform 'WindowsNoEditor'
[2026.05.30-14.41.21:204][  0]LogTargetPlatformManager: Display: Loaded TargetPlatform 'Windows'
[2026.05.30-14.41.21:211][  0]LogTargetPlatformManager: Display: Loaded TargetPlatform 'WindowsClient'
[2026.05.30-14.41.21:222][  0]LogTargetPlatformManager: Display: Loaded TargetPlatform 'WindowsServer'
[2026.05.30-14.41.21:222][  0]LogTargetPlatformManager: Display: Building Assets For Windows
[2026.05.30-14.41.21:245][  0]LogAudioDebug: Display: Lib vorbis DLL was dynamically loaded.
[2026.05.30-14.41.21:353][  0]LogTextureFormatOodle: Display: Oodle Texture 2.9.0 init RDO Off
[2026.05.30-14.41.21:459][  0]LogRendererCore: Ray tracing is disabled. Reason: r.RayTracing=0.
[2026.05.30-14.41.21:459][  0]LogShaderCompilers: Guid format shader working directory is 21 characters bigger than the processId version (D:/Event_Horizon_SOL_V2/Intermediate/Shaders/WorkingDirectory/12496/).
[2026.05.30-14.41.21:460][  0]LogShaderCompilers: Cleaned the shader compiler working directory 'C:/Users/user/AppData/Local/Temp/UnrealShaderWorkingDir/6AE816814C0F6926DFE85D9E6212389B/'.
[2026.05.30-14.41.21:463][  0]LogXGEController: Cannot use XGE Controller as Incredibuild is not installed on this machine.
[2026.05.30-14.41.21:463][  0]LogShaderCompilers: Cannot use XGE Shader Compiler as Incredibuild is not installed on this machine.
[2026.05.30-14.41.21:463][  0]LogShaderCompilers: Display: Using Local Shader Compiler.
[2026.05.30-14.41.23:254][  0]LogDerivedDataCache: Display: Max Cache Size: 512 MB
[2026.05.30-14.41.23:528][  0]LogDerivedDataCache: Loaded boot cache 0.27s 94MB C:/Users/user/AppData/Local/UnrealEngine/4.27/DerivedDataCache/Boot.ddc.
[2026.05.30-14.41.23:528][  0]LogDerivedDataCache: Display: Loaded Boot cache: C:/Users/user/AppData/Local/UnrealEngine/4.27/DerivedDataCache/Boot.ddc
[2026.05.30-14.41.23:528][  0]LogDerivedDataCache: FDerivedDataBackendGraph:  Pak pak cache file D:/Event_Horizon_SOL_V2/DerivedDataCache/DDC.ddp not found, will not use a pak cache.
[2026.05.30-14.41.23:528][  0]LogDerivedDataCache: Unable to find inner node Pak for hierarchical cache Hierarchy.
[2026.05.30-14.41.23:529][  0]LogDerivedDataCache: FDerivedDataBackendGraph:  CompressedPak pak cache file D:/Event_Horizon_SOL_V2/DerivedDataCache/Compressed.ddp not found, will not use a pak cache.
[2026.05.30-14.41.23:529][  0]LogDerivedDataCache: Unable to find inner node CompressedPak for hierarchical cache Hierarchy.
[2026.05.30-14.41.23:562][  0]LogDerivedDataCache: Display: Pak cache opened for reading ../../../Engine/DerivedDataCache/Compressed.ddp.
[2026.05.30-14.41.23:562][  0]LogDerivedDataCache: FDerivedDataBackendGraph:  EnterprisePak pak cache file ../../../Enterprise/DerivedDataCache/Compressed.ddp not found, will not use a pak cache.
[2026.05.30-14.41.23:562][  0]LogDerivedDataCache: Unable to find inner node EnterprisePak for hierarchical cache Hierarchy.
[2026.05.30-14.41.23:603][  0]LogDerivedDataCache: Speed tests for C:/Users/user/AppData/Local/UnrealEngine/Common/DerivedDataCache took 0.04 seconds
[2026.05.30-14.41.23:603][  0]LogDerivedDataCache: Display: Performance to C:/Users/user/AppData/Local/UnrealEngine/Common/DerivedDataCache: Latency=0.11ms. RandomReadSpeed=115.52MBs, RandomWriteSpeed=30.87MBs. Assigned SpeedClass 'Local'
[2026.05.30-14.41.23:632][  0]LogDerivedDataCache: Using Local data cache path C:/Users/user/AppData/Local/UnrealEngine/Common/DerivedDataCache: Writable
[2026.05.30-14.41.23:632][  0]LogDerivedDataCache: Shared data cache path not found in *engine.ini, will not use an Shared cache.
[2026.05.30-14.41.23:632][  0]LogDerivedDataCache: Unable to find inner node Shared for hierarchical cache Hierarchy.
[2026.05.30-14.41.23:740][  0]LogSlate: Using FreeType 2.10.0
[2026.05.30-14.41.23:742][  0]LogSlate: SlateFontServices - WITH_FREETYPE: 1, WITH_HARFBUZZ: 1
[2026.05.30-14.41.23:830][  0]LogAssetRegistry: FAssetRegistry took 0.0036 seconds to start up
[2026.05.30-14.41.24:252][  0]LogInit: Selected Device Profile: [Windows]
[2026.05.30-14.41.24:252][  0]LogInit: Active device profile: [000001375229FF00][000001374B9689C0 49] Windows
[2026.05.30-14.41.24:252][  0]LogInit: Profiles: [000001375229FF00][000001374B9689C0 49] Windows, [00000137522AFF00][000001374B96CB00 49] WindowsNoEditor, [000001375229C500][000001374B0FAC80 49] WindowsServer, [00000137522AC600][000001374B0FEE00 49] WindowsClient, [000001375229FD00][000001374B102F80 49] IOS, [00000137522AC100][000001374B107100 49] iPadAir, [000001375229C200][000001374B10B280 49] iPadAir2, [0000013752265200][000001374B113540 49] IPadPro, [0000013752265300][000001374B10F580 49] iPadAir3, [000001375229FB00][000001374B117700 49] iPadAir4, [0000013752264700][000001374B11B880 49] iPadMini2, [000001375229C400][000001374B11FA00 49] iPadMini3, [0000013752265700][000001374B123B80 49] iPadMini4, [000001375229FA00][000001374B126180 49] iPadMini5, [00000137522AD300][000001374B12E440 49] iPhone6, [00000137522AD400][000001374B12A480 49] iPodTouch6, [0000013752267B00][000001374B136740 49] iPhone7, [0000013752267A00][000001374B132780 49] iPodTouch7, [00000137522AC900][000001374B13A900 49] iPhone5S, [0000013752264C00][000001374B970A40 49] iPhone6Plus, [00000137522AD800][000001374B13EB80 49] iPhone6S, [0000013752267800][000001374B142CC0 49] iPhone6SPlus, [00000137522ACC00][000001374B14AE40 49] iPhone7Plus, [0000013752265100][000001374B14EFC0 49] iPhoneSE, [00000137522ADA00][000001374B153140 49] iPhone8, [0000013752267600][000001374B1572C0 49] iPhone8Plus, [00000137522AC300][000001374B15B440 49] iPhoneX, [0000013752264200][000001374B15F5C0 49] iPhoneXS, [00000137522ADE00][000001374B163740 49] iPhoneXSMax, [0000013752267100][000001374B1678C0 49] iPhoneXR, [00000137522AF900][000001374B16BA40 49] iPhone11, [0000013752265900][000001374B16FBC0 49] iPhone11Pro, [00000137522AE200][000001374B1721C0 49] iPhone11ProMax, [0000013752266D00][000001374B176340 49] iPhoneSE2, [00000137522AFB00][000001374B17A4C0 49] iPhone12Mini, [0000013752265B00][000001374B17E640 49] iPhone12, [00000137522AE600][000001374B1827C0 49] iPhone12Pro, [0000013752264500][000001374B186940 49] iPhone12ProMax, [00000137522AF500][000001374B18AAC0 49] iPadPro105, [0000013752265F00][000001374B146C00 49] iPadPro129, [00000137522AD200][000001374B18ED40 49] iPadPro97, [0000013752265000][000001374B192E80 49] iPadPro2_129, [00000137522AED00][000001374B196FC0 49] iPad5, [0000013752267C00][000001374B19F140 49] iPad6, [00000137522AD100][000001374B1A32C0 49] iPad7, [0000013752264900][000001374B1A7440 49] iPad8, [00000137522AEB00][000001374B1AB5C0 49] iPadPro11, [0000013752266200][000001374B1AF740 49] iPadPro2_11, [00000137522AE900][000001374B1B38C0 49] iPadPro3_129, [0000013752266600][000001374B1B7A40 49] iPadPro4_129, [00000137522AEF00][000001374B1BBBC0 49] AppleTV, [0000013752266500][000001374AAB21C0 49] AppleTV4K, [00000137522AD600][000001374AAB6340 49] TVOS, [0000013752267400][000001374AABA4C0 49] Mac, [00000137522AE700][000001374AABE640 49] MacClient, [0000013752266E00][000001374AAC27C0 49] MacNoEditor, [00000137522ACE00][000001374AAC6940 49] MacServer, [0000013752267F00][000001374AACAAC0 49] Linux, [00000137522AD700][000001374AACEC40 49] LinuxAArch64, [0000013752267900][000001374B19AD80 49] LinuxNoEditor, [00000137522AC800][000001374AAD2EC0 49] LinuxAArch64NoEditor, [0000013752267D00][000001374AAD7000 49] LinuxClient, [00000137522AEC00][000001374AADB140 49] LinuxAArch64Client, [0000013752265C00][000001374AAE32C0 49] LinuxServer, [00000137522ADF00][000001374AAE7440 49] LinuxAArch64Server, [0000013752266900][000001374AAEB5C0 49] Android, [00000137522ADB00][000001374AAEF740 49] Android_Low, [0000013752266400][000001374AAF38C0 49] Android_Mid, [00000137522AF800][000001374AAF7A40 49] Android_High, [0000013752266F00][000001374AAFBBC0 49] Android_Default, [00000137522ACD00][000001374AAFE1C0 49] Android_Adreno4xx, [000001375229C600][000001374AB02340 49] Android_Adreno5xx_Low, [0000013752332900][000001374AB064C0 49] Android_Adreno5xx, [000001375229CC00][000001374AB0A640 49] Android_Adreno6xx, [0000013752330600][000001374AB0E7C0 49] Android_Adreno6xx_Vulkan, [000001375229D500][000001374AB12940 49] Android_Mali_T6xx, [0000013752331200][000001374AB16AC0 49] Android_Mali_T7xx, [000001375229EA00][000001374AB1AC40 49] Android_Mali_T8xx, [0000013752332200][000001374AB1EDC0 49] Android_Mali_G71, [000001375229D900][000001374AB22F40 49] Android_Mali_G72, [0000013752330B00][000001374AADF080 49] Android_Mali_G72_Vulkan, [000001375229E400][000001374AB271C0 49] Android_Mali_G76, [0000013752331F00][000001374AB2B300 49] Android_Mali_G76_Vulkan, [000001375229C900][000001374AB33480 49] Android_Mali_G77, [0000013752330900][000001374AB37600 49] Android_Mali_G77_Vulkan, [000001375229C100][000001374AB3B780 49] Android_Mali_G78, [0000013752332500][000001374AB3F900 49] Android_Mali_G78_Vulkan, [000001375229ED00][000001374AB43A80 49] Android_Mali_G710, [0000013752331800][000001374AB47C00 49] Android_Mali_G710_Vulkan, [000001375229DF00][000001374AB4A200 49] Android_Vulkan_SM5, [0000013752330200][000001374AB4E380 49] Android_PowerVR_G6xxx, [000001375229DD00][000001374AB52500 49] Android_PowerVR_GT7xxx, [0000013752330100][000001374AB56680 49] Android_PowerVR_GE8xxx, [00000137522AF100][000001374AB5A800 49] Android_PowerVR_GM9xxx, [0000013752330300][000001374AB5E980 49] Android_PowerVR_GM9xxx_Vulkan, [00000137522AEA00][000001374AB62B00 49] Android_TegraK1, [0000013752331700][000001374AB66C80 49] Android_Unknown_Vulkan, [00000137522AE100][000001374AB6AE00 49] Lumin, [0000013752331300][000001374AB6EF80 49] Lumin_Desktop, [00000137522ACF00][000001374AB73100 49] HoloLens, 
[2026.05.30-14.41.24:523][  0]LogMeshReduction: Using QuadricMeshReduction for automatic static mesh reduction
[2026.05.30-14.41.24:523][  0]LogMeshReduction: Using SimplygonMeshReduction for automatic skeletal mesh reduction
[2026.05.30-14.41.24:523][  0]LogMeshReduction: Using ProxyLODMeshReduction for automatic mesh merging
[2026.05.30-14.41.24:523][  0]LogMeshReduction: No distributed automatic mesh merging module available
[2026.05.30-14.41.24:523][  0]LogMeshMerging: No distributed automatic mesh merging module available
[2026.05.30-14.41.24:550][  0]LogNetVersion: Event_Horizon_SOL_V2 1.0.0, NetCL: 17155196, EngineNetVer: 17, GameNetVer: 0 (Checksum: 951208097)
[2026.05.30-14.41.25:847][  0]LogTexture: Default maximum texture size for cubemaps generated from long-lat sources has been changed from 512 to unlimited. In order to preserve old behaiour for '/Engine/MapTemplates/Sky/DaylightAmbientCubemap.DaylightAmbientCubemap', its maximum texture size has been explicitly set to 512.
[2026.05.30-14.41.25:958][  0]LogHMD: PokeAHoleMaterial loaded successfully
[2026.05.30-14.41.25:967][  0]LogUObjectArray: 17178 objects as part of root set at end of initial load.
[2026.05.30-14.41.25:967][  0]LogUObjectAllocator: 4302048 out of 0 bytes used by permanent object pool.
[2026.05.30-14.41.25:967][  0]LogUObjectArray: CloseDisregardForGC: 0/0 objects in disregard for GC pool
[2026.05.30-14.41.26:601][  0]LogNiagaraDebuggerClient: Niagara Debugger Client Initialized | Session: AAE65FC9467B1D3BAB0B2B97731CE696 | Instance: 53F17EBC4AEB34C8901F7EA568CAFD25 (DESKTOP-LCIBC1C-12496).
[2026.05.30-14.41.26:738][  0]LogPython: Using Python 3.7.7
[2026.05.30-14.41.28:221][  0]LogTcpMessaging: Initializing TcpMessaging bridge
[2026.05.30-14.41.28:237][  0]LogUdpMessaging: Initializing bridge on interface 0.0.0.0:0 to multicast group 230.0.0.1:6666.
[2026.05.30-14.41.29:019][  0]SourceControl: Source control is disabled
[2026.05.30-14.41.29:019][  0]SourceControl: Source control is disabled
[2026.05.30-14.41.29:033][  0]SourceControl: Source control is disabled
[2026.05.30-14.41.29:041][  0]SourceControl: Source control is disabled
[2026.05.30-14.41.29:058][  0]SourceControl: Source control is disabled
[2026.05.30-14.41.29:073][  0]LogUProjectInfo: Found projects:
[2026.05.30-14.41.29:423][  0]LogOpenImageDenoise: OIDN starting up
[2026.05.30-14.41.29:557][  0]LogAndroidPermission: UAndroidPermissionCallbackProxy::GetInstance
[2026.05.30-14.41.29:603][  0]LogAudioCaptureCore: Display: No Audio Capture implementations found. Audio input will be silent.
[2026.05.30-14.41.29:603][  0]LogAudioCaptureCore: Display: No Audio Capture implementations found. Audio input will be silent.
[2026.05.30-14.41.29:904][  0]LogCollectionManager: Loaded 0 collections in 0.004044 seconds
[2026.05.30-14.41.29:976][  0]LogFileCache: Scanning file cache for directory 'D:/Event_Horizon_SOL_V2/Saved/Collections/' took 0.00s
[2026.05.30-14.41.29:976][  0]LogFileCache: Scanning file cache for directory 'D:/Event_Horizon_SOL_V2/Content/Developers/user/Collections/' took 0.00s
[2026.05.30-14.41.29:976][  0]LogFileCache: Scanning file cache for directory 'D:/Event_Horizon_SOL_V2/Content/Collections/' took 0.00s
[2026.05.30-14.41.29:976][  0]LogOcInput: OculusInput pre-init called
[2026.05.30-14.41.30:838][  0]LogEngine: Initializing Engine...
[2026.05.30-14.41.30:846][  0]LogHMD: Failed to enumerate extensions. Please check that you have a valid OpenXR runtime installed.
[2026.05.30-14.41.30:847][  0]LogHMD: Failed to initialize OpenVR with code 110
[2026.05.30-14.41.30:847][  0]LogMagicLeap: Warning: VR disabled because ZI is not enabled.  To enable, in the editor, Edit -> Project Settings -> Plugins -> Magic Leap Plugin -> Enable Zero Iteration
[2026.05.30-14.41.30:850][  0]LogStats: UGameplayTagsManager::InitializeManager -  0.000 s
[2026.05.30-14.41.31:197][  0]LogInit: Initializing FReadOnlyCVARCache
[2026.05.30-14.41.31:236][  0]LogAIModule: Creating AISystem for world Untitled
[2026.05.30-14.41.31:287][  0]LogAudio: Display: Initializing Audio Device Manager...
[2026.05.30-14.41.31:298][  0]LogAudio: Display: Loading Default Audio Settings Objects...
[2026.05.30-14.41.31:300][  0]LogAudio: Display: No default SoundConcurrencyObject specified (or failed to load).
[2026.05.30-14.41.31:302][  0]LogAudio: Display: Audio Device Manager Initialized
[2026.05.30-14.41.31:302][  0]LogAudio: Display: Creating Audio Device:                 Id: 1, Scope: Shared, Realtime: True
[2026.05.30-14.41.31:303][  0]LogAudioMixer: Display: Audio Mixer Platform Settings:
[2026.05.30-14.41.31:303][  0]LogAudioMixer: Display: 	Sample Rate:						  48000
[2026.05.30-14.41.31:303][  0]LogAudioMixer: Display: 	Callback Buffer Frame Size Requested: 1024
[2026.05.30-14.41.31:303][  0]LogAudioMixer: Display: 	Callback Buffer Frame Size To Use:	  1024
[2026.05.30-14.41.31:303][  0]LogAudioMixer: Display: 	Number of buffers to queue:			  2
[2026.05.30-14.41.31:303][  0]LogAudioMixer: Display: 	Max Channels (voices):				  32
[2026.05.30-14.41.31:303][  0]LogAudioMixer: Display: 	Number of Async Source Workers:		  0
[2026.05.30-14.41.31:303][  0]LogAudio: Display: AudioDevice MaxSources: 32
[2026.05.30-14.41.31:304][  0]LogAudio: Display: Audio Spatialization Plugin: None (built-in).
[2026.05.30-14.41.31:304][  0]LogAudio: Display: Audio Reverb Plugin: None (built-in).
[2026.05.30-14.41.31:304][  0]LogAudio: Display: Audio Occlusion Plugin: None (built-in).
[2026.05.30-14.41.31:304][  0]LogAudioMixer: Display: Initializing audio mixer.
[2026.05.30-14.41.31:335][  0]LogAudioMixer: Display: 0: FrontLeft
[2026.05.30-14.41.31:335][  0]LogAudioMixer: Display: 1: FrontRight
[2026.05.30-14.41.31:693][  0]LogAudioMixer: Display: Using Audio Device Speakers / Headphones (Realtek Audio)
[2026.05.30-14.41.31:700][  0]LogAudioMixer: Display: Initializing Sound Submixes...
[2026.05.30-14.41.31:708][  0]LogAudioMixer: Display: Creating Master Submix 'MasterSubmixDefault'
[2026.05.30-14.41.31:709][  0]LogAudioMixer: Display: Creating Master Submix 'MasterReverbSubmixDefault'
[2026.05.30-14.41.31:711][  0]LogAudioMixer: Display: Creating Master Submix 'MasterEQSubmixDefault'
[2026.05.30-14.41.31:711][  0]LogAudioMixer: FMixerPlatformXAudio2::StartAudioStream() called
[2026.05.30-14.41.31:711][  0]LogAudioMixer: Display: Output buffers initialized: Frames=1024, Channels=2, Samples=2048
[2026.05.30-14.41.31:751][  0]LogAudioMixer: Display: Starting AudioMixerPlatformInterface::RunInternal()
[2026.05.30-14.41.31:751][  0]LogAudioMixer: Display: FMixerPlatformXAudio2::SubmitBuffer() called for the first time
[2026.05.30-14.41.31:751][  0]LogInit: FAudioDevice initialized.
[2026.05.30-14.41.31:752][  0]LogAudio: Display: Audio Device (ID: 1) registered with world 'Untitled'.
[2026.05.30-14.41.31:752][  0]LogNetVersion: Set ProjectVersion to 1.0.0.0. Version Checksum will be recalculated on next use.
[2026.05.30-14.41.31:913][  0]LogDerivedDataCache: Saved boot cache 0.16s 94MB C:/Users/user/AppData/Local/UnrealEngine/4.27/DerivedDataCache/Boot.ddc.
[2026.05.30-14.41.31:914][  0]LogInit: Texture streaming: Enabled
[2026.05.30-14.41.31:955][  0]LogAnalytics: Display: [UEEditor.Rocket.Release] APIServer = https://datarouter.ol.epicgames.com/. AppVersion = 4.27.2-18319896+++UE4+Release-4.27
[2026.05.30-14.41.31:966][  0]LogEngineSessionManager: EngineSessionManager initialized
[2026.05.30-14.41.31:966][  0]LogEditorSessionSummary: Verbose: Initializing EditorSessionSummaryWriter for editor session tracking
[2026.05.30-14.41.31:976][  0]LogEditorSessionSummary: EditorSessionSummaryWriter initialized
[2026.05.30-14.41.32:029][  0]LogInit: Transaction tracking system initialized
[2026.05.30-14.41.32:092][  0]BlueprintLog: New page: Editor Load
[2026.05.30-14.41.32:260][  0]LocalizationService: Localization service is disabled
[2026.05.30-14.41.32:331][  0]TimingProfiler: Initialize
[2026.05.30-14.41.32:331][  0]TimingProfiler: OnSessionChanged
[2026.05.30-14.41.32:331][  0]LoadingProfiler: Initialize
[2026.05.30-14.41.32:331][  0]LoadingProfiler: OnSessionChanged
[2026.05.30-14.41.32:331][  0]NetworkingProfiler: Initialize
[2026.05.30-14.41.32:331][  0]NetworkingProfiler: OnSessionChanged
[2026.05.30-14.41.32:331][  0]MemoryProfiler: Initialize
[2026.05.30-14.41.32:331][  0]MemoryProfiler: OnSessionChanged
[2026.05.30-14.41.32:698][  0]LogCook: Display: CookSettings for Memory: MemoryMaxUsedVirtual 0MiB, MemoryMaxUsedPhysical 16384MiB, MemoryMinFreeVirtual 0MiB, MemoryMinFreePhysical 1024MiB
[2026.05.30-14.41.32:698][  0]LogCook: Display: Mobile HDR setting 1
[2026.05.30-14.41.32:714][  0]LogFileCache: Scanning file cache for directory 'D:/Event_Horizon_SOL_V2/Content/' took 0.00s
[2026.05.30-14.41.33:879][  0]LogInit: Display: Engine is initialized. Leaving FEngineLoop::Init()
[2026.05.30-14.41.33:887][  0]SourceControl: Source control is disabled
[2026.05.30-14.41.33:887][  0]LogUnrealEdMisc: Loading editor; pre map load, took 21.235
[2026.05.30-14.41.33:887][  0]Cmd: MAP LOAD FILE="D:/Event_Horizon_SOL_V2/Content/ThirdPersonBP/Maps/ThirdPersonExampleMap.umap" TEMPLATE=0 SHOWPROGRESS=1 FEATURELEVEL=3
[2026.05.30-14.41.33:888][  0]LightingResults: New page: Lighting Build
[2026.05.30-14.41.33:893][  0]LogWorld: UWorld::CleanupWorld for Untitled, bSessionEnded=true, bCleanupResources=true
[2026.05.30-14.41.33:893][  0]LogSlate: InvalidateAllWidgets triggered.  All widgets were invalidated
[2026.05.30-14.41.33:894][  0]MapCheck: New page: Map Check
[2026.05.30-14.41.33:894][  0]LightingResults: New page: Lighting Build
[2026.05.30-14.41.33:975][  0]LogAudio: Display: Audio Device unregistered from world 'None'.
[2026.05.30-14.41.33:981][  0]LogUObjectHash: Compacting FUObjectHashTables data took   1.78ms
[2026.05.30-14.41.34:510][  0]LogAudio: Display: Audio Device (ID: 1) registered with world 'ThirdPersonExampleMap'.
[2026.05.30-14.41.34:512][  0]LogAIModule: Creating AISystem for world ThirdPersonExampleMap
[2026.05.30-14.41.34:523][  0]LogEditorServer: Finished looking for orphan Actors (0.000 secs)
[2026.05.30-14.41.34:551][  0]LogUObjectHash: Compacting FUObjectHashTables data took   1.09ms
[2026.05.30-14.41.34:553][  0]Cmd: MAP CHECKDEP NOCLEARLOG
[2026.05.30-14.41.34:553][  0]MapCheck: Map check complete: 0 Error(s), 0 Warning(s), took 0.126ms to complete.
[2026.05.30-14.41.34:553][  0]LogFileHelpers: Loading map 'ThirdPersonExampleMap' took 0.666
[2026.05.30-14.41.34:556][  0]LogUnrealEdMisc: Total Editor Startup Time, took 21.904
[2026.05.30-14.41.34:765][  0]LogSlate: Updating window title bar state: overlay mode, drag disabled, window buttons hidden, title bar hidden
[2026.05.30-14.41.34:780][  0]LogSlate: Updating window title bar state: overlay mode, drag disabled, window buttons hidden, title bar hidden
[2026.05.30-14.41.34:793][  0]LogSlate: Updating window title bar state: overlay mode, drag disabled, window buttons hidden, title bar hidden
[2026.05.30-14.41.34:809][  0]LogSlate: Updating window title bar state: overlay mode, drag disabled, window buttons hidden, title bar hidden
[2026.05.30-14.41.34:830][  0]LogPakFile: PakFile PrimaryIndexSize=187
[2026.05.30-14.41.34:830][  0]LogPakFile: PakFile PathHashIndexSize=101
[2026.05.30-14.41.34:830][  0]LogPakFile: PakFile FullDirectoryIndexSize=148
[2026.05.30-14.41.34:830][  0]LogShaderLibrary: Display: ShaderCodeLibraryPakFileMountedCallback: PakFile 'C:/Program Files/Epic Games/UE_4.27/FeaturePacks/FP_FirstPerson.upack' (chunk index -1, root 'root:/') mounted
[2026.05.30-14.41.34:830][  0]LogShaderLibrary: Display: ShaderCodeLibraryPakFileMountedCallback: pending pak file info (ChunkID:-1 Root:root:/ File:C:/Program Files/Epic Games/UE_4.27/FeaturePacks/FP_FirstPerson.upack)
[2026.05.30-14.41.34:831][  0]LogPakFile: OnPakFileMounted2Time == 0.000206
[2026.05.30-14.41.34:832][  0]LogPakFile: PakFile PrimaryIndexSize=189
[2026.05.30-14.41.34:832][  0]LogPakFile: PakFile PathHashIndexSize=101
[2026.05.30-14.41.34:832][  0]LogPakFile: PakFile FullDirectoryIndexSize=152
[2026.05.30-14.41.34:832][  0]LogShaderLibrary: Display: ShaderCodeLibraryPakFileMountedCallback: PakFile 'C:/Program Files/Epic Games/UE_4.27/FeaturePacks/FP_FirstPersonBP.upack' (chunk index -1, root 'root:/') mounted
[2026.05.30-14.41.34:832][  0]LogShaderLibrary: Display: ShaderCodeLibraryPakFileMountedCallback: pending pak file info (ChunkID:-1 Root:root:/ File:C:/Program Files/Epic Games/UE_4.27/FeaturePacks/FP_FirstPersonBP.upack)
[2026.05.30-14.41.34:832][  0]LogPakFile: OnPakFileMounted2Time == 0.000104
[2026.05.30-14.41.34:835][  0]LogPakFile: PakFile PrimaryIndexSize=191
[2026.05.30-14.41.34:835][  0]LogPakFile: PakFile PathHashIndexSize=101
[2026.05.30-14.41.34:835][  0]LogPakFile: PakFile FullDirectoryIndexSize=160
[2026.05.30-14.41.34:835][  0]LogShaderLibrary: Display: ShaderCodeLibraryPakFileMountedCallback: PakFile 'C:/Program Files/Epic Games/UE_4.27/FeaturePacks/MobileStarterContent.upack' (chunk index -1, root 'root:/') mounted
[2026.05.30-14.41.34:835][  0]LogShaderLibrary: Display: ShaderCodeLibraryPakFileMountedCallback: pending pak file info (ChunkID:-1 Root:root:/ File:C:/Program Files/Epic Games/UE_4.27/FeaturePacks/MobileStarterContent.upack)
[2026.05.30-14.41.34:835][  0]LogPakFile: OnPakFileMounted2Time == 0.000083
[2026.05.30-14.41.34:836][  0]LogPakFile: PakFile PrimaryIndexSize=185
[2026.05.30-14.41.34:836][  0]LogPakFile: PakFile PathHashIndexSize=101
[2026.05.30-14.41.34:836][  0]LogPakFile: PakFile FullDirectoryIndexSize=148
[2026.05.30-14.41.34:836][  0]LogShaderLibrary: Display: ShaderCodeLibraryPakFileMountedCallback: PakFile 'C:/Program Files/Epic Games/UE_4.27/FeaturePacks/StarterContent.upack' (chunk index -1, root 'root:/') mounted
[2026.05.30-14.41.34:836][  0]LogShaderLibrary: Display: ShaderCodeLibraryPakFileMountedCallback: pending pak file info (ChunkID:-1 Root:root:/ File:C:/Program Files/Epic Games/UE_4.27/FeaturePacks/StarterContent.upack)
[2026.05.30-14.41.34:836][  0]LogPakFile: OnPakFileMounted2Time == 0.000081
[2026.05.30-14.41.34:837][  0]LogPakFile: PakFile PrimaryIndexSize=190
[2026.05.30-14.41.34:837][  0]LogPakFile: PakFile PathHashIndexSize=101
[2026.05.30-14.41.34:837][  0]LogPakFile: PakFile FullDirectoryIndexSize=154
[2026.05.30-14.41.34:837][  0]LogShaderLibrary: Display: ShaderCodeLibraryPakFileMountedCallback: PakFile 'C:/Program Files/Epic Games/UE_4.27/FeaturePacks/TP_2DSideScroller.upack' (chunk index -1, root 'root:/') mounted
[2026.05.30-14.41.34:837][  0]LogShaderLibrary: Display: ShaderCodeLibraryPakFileMountedCallback: pending pak file info (ChunkID:-1 Root:root:/ File:C:/Program Files/Epic Games/UE_4.27/FeaturePacks/TP_2DSideScroller.upack)
[2026.05.30-14.41.34:838][  0]LogPakFile: OnPakFileMounted2Time == 0.000085
[2026.05.30-14.41.34:839][  0]LogPakFile: PakFile PrimaryIndexSize=192
[2026.05.30-14.41.34:839][  0]LogPakFile: PakFile PathHashIndexSize=101
[2026.05.30-14.41.34:839][  0]LogPakFile: PakFile FullDirectoryIndexSize=158
[2026.05.30-14.41.34:839][  0]LogShaderLibrary: Display: ShaderCodeLibraryPakFileMountedCallback: PakFile 'C:/Program Files/Epic Games/UE_4.27/FeaturePacks/TP_2DSideScrollerBP.upack' (chunk index -1, root 'root:/') mounted
[2026.05.30-14.41.34:839][  0]LogShaderLibrary: Display: ShaderCodeLibraryPakFileMountedCallback: pending pak file info (ChunkID:-1 Root:root:/ File:C:/Program Files/Epic Games/UE_4.27/FeaturePacks/TP_2DSideScrollerBP.upack)
[2026.05.30-14.41.34:839][  0]LogPakFile: OnPakFileMounted2Time == 0.000125
[2026.05.30-14.41.34:841][  0]LogPakFile: PakFile PrimaryIndexSize=182
[2026.05.30-14.41.34:841][  0]LogPakFile: PakFile PathHashIndexSize=101
[2026.05.30-14.41.34:841][  0]LogPakFile: PakFile FullDirectoryIndexSize=138
[2026.05.30-14.41.34:841][  0]LogShaderLibrary: Display: ShaderCodeLibraryPakFileMountedCallback: PakFile 'C:/Program Files/Epic Games/UE_4.27/FeaturePacks/TP_Flying.upack' (chunk index -1, root 'root:/') mounted
[2026.05.30-14.41.34:841][  0]LogShaderLibrary: Display: ShaderCodeLibraryPakFileMountedCallback: pending pak file info (ChunkID:-1 Root:root:/ File:C:/Program Files/Epic Games/UE_4.27/FeaturePacks/TP_Flying.upack)
[2026.05.30-14.41.34:842][  0]LogPakFile: OnPakFileMounted2Time == 0.000462
[2026.05.30-14.41.34:843][  0]LogPakFile: PakFile PrimaryIndexSize=184
[2026.05.30-14.41.34:843][  0]LogPakFile: PakFile PathHashIndexSize=101
[2026.05.30-14.41.34:844][  0]LogPakFile: PakFile FullDirectoryIndexSize=142
[2026.05.30-14.41.34:844][  0]LogShaderLibrary: Display: ShaderCodeLibraryPakFileMountedCallback: PakFile 'C:/Program Files/Epic Games/UE_4.27/FeaturePacks/TP_FlyingBP.upack' (chunk index -1, root 'root:/') mounted
[2026.05.30-14.41.34:844][  0]LogShaderLibrary: Display: ShaderCodeLibraryPakFileMountedCallback: pending pak file info (ChunkID:-1 Root:root:/ File:C:/Program Files/Epic Games/UE_4.27/FeaturePacks/TP_FlyingBP.upack)
[2026.05.30-14.41.34:844][  0]LogPakFile: OnPakFileMounted2Time == 0.000087
[2026.05.30-14.41.34:845][  0]LogPakFile: PakFile PrimaryIndexSize=188
[2026.05.30-14.41.34:845][  0]LogPakFile: PakFile PathHashIndexSize=101
[2026.05.30-14.41.34:845][  0]LogPakFile: PakFile FullDirectoryIndexSize=150
[2026.05.30-14.41.34:845][  0]LogShaderLibrary: Display: ShaderCodeLibraryPakFileMountedCallback: PakFile 'C:/Program Files/Epic Games/UE_4.27/FeaturePacks/TP_HandheldARBP.upack' (chunk index -1, root 'root:/') mounted
[2026.05.30-14.41.34:845][  0]LogShaderLibrary: Display: ShaderCodeLibraryPakFileMountedCallback: pending pak file info (ChunkID:-1 Root:root:/ File:C:/Program Files/Epic Games/UE_4.27/FeaturePacks/TP_HandheldARBP.upack)
[2026.05.30-14.41.34:845][  0]LogPakFile: OnPakFileMounted2Time == 0.000083
[2026.05.30-14.41.34:847][  0]LogPakFile: PakFile PrimaryIndexSize=182
[2026.05.30-14.41.34:847][  0]LogPakFile: PakFile PathHashIndexSize=101
[2026.05.30-14.41.34:847][  0]LogPakFile: PakFile FullDirectoryIndexSize=138
[2026.05.30-14.41.34:847][  0]LogShaderLibrary: Display: ShaderCodeLibraryPakFileMountedCallback: PakFile 'C:/Program Files/Epic Games/UE_4.27/FeaturePacks/TP_Puzzle.upack' (chunk index -1, root 'root:/') mounted
[2026.05.30-14.41.34:848][  0]LogShaderLibrary: Display: ShaderCodeLibraryPakFileMountedCallback: pending pak file info (ChunkID:-1 Root:root:/ File:C:/Program Files/Epic Games/UE_4.27/FeaturePacks/TP_Puzzle.upack)
[2026.05.30-14.41.34:848][  0]LogPakFile: OnPakFileMounted2Time == 0.000143
[2026.05.30-14.41.34:850][  0]LogPakFile: PakFile PrimaryIndexSize=184
[2026.05.30-14.41.34:850][  0]LogPakFile: PakFile PathHashIndexSize=101
[2026.05.30-14.41.34:850][  0]LogPakFile: PakFile FullDirectoryIndexSize=142
[2026.05.30-14.41.34:850][  0]LogShaderLibrary: Display: ShaderCodeLibraryPakFileMountedCallback: PakFile 'C:/Program Files/Epic Games/UE_4.27/FeaturePacks/TP_PuzzleBP.upack' (chunk index -1, root 'root:/') mounted
[2026.05.30-14.41.34:850][  0]LogShaderLibrary: Display: ShaderCodeLibraryPakFileMountedCallback: pending pak file info (ChunkID:-1 Root:root:/ File:C:/Program Files/Epic Games/UE_4.27/FeaturePacks/TP_PuzzleBP.upack)
[2026.05.30-14.41.34:850][  0]LogPakFile: OnPakFileMounted2Time == 0.000140
[2026.05.30-14.41.34:852][  0]LogPakFile: PakFile PrimaryIndexSize=183
[2026.05.30-14.41.34:852][  0]LogPakFile: PakFile PathHashIndexSize=101
[2026.05.30-14.41.34:852][  0]LogPakFile: PakFile FullDirectoryIndexSize=140
[2026.05.30-14.41.34:852][  0]LogShaderLibrary: Display: ShaderCodeLibraryPakFileMountedCallback: PakFile 'C:/Program Files/Epic Games/UE_4.27/FeaturePacks/TP_Rolling.upack' (chunk index -1, root 'root:/') mounted
[2026.05.30-14.41.34:852][  0]LogShaderLibrary: Display: ShaderCodeLibraryPakFileMountedCallback: pending pak file info (ChunkID:-1 Root:root:/ File:C:/Program Files/Epic Games/UE_4.27/FeaturePacks/TP_Rolling.upack)
[2026.05.30-14.41.34:852][  0]LogPakFile: OnPakFileMounted2Time == 0.000137
[2026.05.30-14.41.34:855][  0]LogPakFile: PakFile PrimaryIndexSize=185
[2026.05.30-14.41.34:855][  0]LogPakFile: PakFile PathHashIndexSize=101
[2026.05.30-14.41.34:855][  0]LogPakFile: PakFile FullDirectoryIndexSize=144
[2026.05.30-14.41.34:855][  0]LogShaderLibrary: Display: ShaderCodeLibraryPakFileMountedCallback: PakFile 'C:/Program Files/Epic Games/UE_4.27/FeaturePacks/TP_RollingBP.upack' (chunk index -1, root 'root:/') mounted
[2026.05.30-14.41.34:855][  0]LogShaderLibrary: Display: ShaderCodeLibraryPakFileMountedCallback: pending pak file info (ChunkID:-1 Root:root:/ File:C:/Program Files/Epic Games/UE_4.27/FeaturePacks/TP_RollingBP.upack)
[2026.05.30-14.41.34:855][  0]LogPakFile: OnPakFileMounted2Time == 0.000099
[2026.05.30-14.41.34:855][  0]LogPakFile: PakFile PrimaryIndexSize=188
[2026.05.30-14.41.34:855][  0]LogPakFile: PakFile PathHashIndexSize=101
[2026.05.30-14.41.34:855][  0]LogPakFile: PakFile FullDirectoryIndexSize=150
[2026.05.30-14.41.34:855][  0]LogShaderLibrary: Display: ShaderCodeLibraryPakFileMountedCallback: PakFile 'C:/Program Files/Epic Games/UE_4.27/FeaturePacks/TP_SideScroller.upack' (chunk index -1, root 'root:/') mounted
[2026.05.30-14.41.34:856][  0]LogShaderLibrary: Display: ShaderCodeLibraryPakFileMountedCallback: pending pak file info (ChunkID:-1 Root:root:/ File:C:/Program Files/Epic Games/UE_4.27/FeaturePacks/TP_SideScroller.upack)
[2026.05.30-14.41.34:856][  0]LogPakFile: OnPakFileMounted2Time == 0.000140
[2026.05.30-14.41.34:859][  0]LogPakFile: PakFile PrimaryIndexSize=190
[2026.05.30-14.41.34:859][  0]LogPakFile: PakFile PathHashIndexSize=101
[2026.05.30-14.41.34:859][  0]LogPakFile: PakFile FullDirectoryIndexSize=154
[2026.05.30-14.41.34:859][  0]LogShaderLibrary: Display: ShaderCodeLibraryPakFileMountedCallback: PakFile 'C:/Program Files/Epic Games/UE_4.27/FeaturePacks/TP_SideScrollerBP.upack' (chunk index -1, root 'root:/') mounted
[2026.05.30-14.41.34:859][  0]LogShaderLibrary: Display: ShaderCodeLibraryPakFileMountedCallback: pending pak file info (ChunkID:-1 Root:root:/ File:C:/Program Files/Epic Games/UE_4.27/FeaturePacks/TP_SideScrollerBP.upack)
[2026.05.30-14.41.34:859][  0]LogPakFile: OnPakFileMounted2Time == 0.000156
[2026.05.30-14.41.34:860][  0]LogPakFile: PakFile PrimaryIndexSize=187
[2026.05.30-14.41.34:860][  0]LogPakFile: PakFile PathHashIndexSize=101
[2026.05.30-14.41.34:860][  0]LogPakFile: PakFile FullDirectoryIndexSize=148
[2026.05.30-14.41.34:860][  0]LogShaderLibrary: Display: ShaderCodeLibraryPakFileMountedCallback: PakFile 'C:/Program Files/Epic Games/UE_4.27/FeaturePacks/TP_ThirdPerson.upack' (chunk index -1, root 'root:/') mounted
[2026.05.30-14.41.34:861][  0]LogShaderLibrary: Display: ShaderCodeLibraryPakFileMountedCallback: pending pak file info (ChunkID:-1 Root:root:/ File:C:/Program Files/Epic Games/UE_4.27/FeaturePacks/TP_ThirdPerson.upack)
[2026.05.30-14.41.34:861][  0]LogPakFile: OnPakFileMounted2Time == 0.000156
[2026.05.30-14.41.34:863][  0]LogPakFile: PakFile PrimaryIndexSize=189
[2026.05.30-14.41.34:863][  0]LogPakFile: PakFile PathHashIndexSize=101
[2026.05.30-14.41.34:863][  0]LogPakFile: PakFile FullDirectoryIndexSize=152
[2026.05.30-14.41.34:863][  0]LogShaderLibrary: Display: ShaderCodeLibraryPakFileMountedCallback: PakFile 'C:/Program Files/Epic Games/UE_4.27/FeaturePacks/TP_ThirdPersonBP.upack' (chunk index -1, root 'root:/') mounted
[2026.05.30-14.41.34:863][  0]LogShaderLibrary: Display: ShaderCodeLibraryPakFileMountedCallback: pending pak file info (ChunkID:-1 Root:root:/ File:C:/Program Files/Epic Games/UE_4.27/FeaturePacks/TP_ThirdPersonBP.upack)
[2026.05.30-14.41.34:863][  0]LogPakFile: OnPakFileMounted2Time == 0.000139
[2026.05.30-14.41.34:865][  0]LogPakFile: PakFile PrimaryIndexSize=183
[2026.05.30-14.41.34:865][  0]LogPakFile: PakFile PathHashIndexSize=101
[2026.05.30-14.41.34:866][  0]LogPakFile: PakFile FullDirectoryIndexSize=140
[2026.05.30-14.41.34:866][  0]LogShaderLibrary: Display: ShaderCodeLibraryPakFileMountedCallback: PakFile 'C:/Program Files/Epic Games/UE_4.27/FeaturePacks/TP_TopDown.upack' (chunk index -1, root 'root:/') mounted
[2026.05.30-14.41.34:866][  0]LogShaderLibrary: Display: ShaderCodeLibraryPakFileMountedCallback: pending pak file info (ChunkID:-1 Root:root:/ File:C:/Program Files/Epic Games/UE_4.27/FeaturePacks/TP_TopDown.upack)
[2026.05.30-14.41.34:866][  0]LogPakFile: OnPakFileMounted2Time == 0.000152
[2026.05.30-14.41.34:867][  0]LogPakFile: PakFile PrimaryIndexSize=185
[2026.05.30-14.41.34:868][  0]LogPakFile: PakFile PathHashIndexSize=101
[2026.05.30-14.41.34:868][  0]LogPakFile: PakFile FullDirectoryIndexSize=144
[2026.05.30-14.41.34:868][  0]LogShaderLibrary: Display: ShaderCodeLibraryPakFileMountedCallback: PakFile 'C:/Program Files/Epic Games/UE_4.27/FeaturePacks/TP_TopDownBP.upack' (chunk index -1, root 'root:/') mounted
[2026.05.30-14.41.34:868][  0]LogShaderLibrary: Display: ShaderCodeLibraryPakFileMountedCallback: pending pak file info (ChunkID:-1 Root:root:/ File:C:/Program Files/Epic Games/UE_4.27/FeaturePacks/TP_TopDownBP.upack)
[2026.05.30-14.41.34:868][  0]LogPakFile: OnPakFileMounted2Time == 0.000125
[2026.05.30-14.41.34:869][  0]LogPakFile: PakFile PrimaryIndexSize=185
[2026.05.30-14.41.34:870][  0]LogPakFile: PakFile PathHashIndexSize=101
[2026.05.30-14.41.34:870][  0]LogPakFile: PakFile FullDirectoryIndexSize=144
[2026.05.30-14.41.34:870][  0]LogShaderLibrary: Display: ShaderCodeLibraryPakFileMountedCallback: PakFile 'C:/Program Files/Epic Games/UE_4.27/FeaturePacks/TP_TwinStick.upack' (chunk index -1, root 'root:/') mounted
[2026.05.30-14.41.34:870][  0]LogShaderLibrary: Display: ShaderCodeLibraryPakFileMountedCallback: pending pak file info (ChunkID:-1 Root:root:/ File:C:/Program Files/Epic Games/UE_4.27/FeaturePacks/TP_TwinStick.upack)
[2026.05.30-14.41.34:870][  0]LogPakFile: OnPakFileMounted2Time == 0.000095
[2026.05.30-14.41.34:872][  0]LogPakFile: PakFile PrimaryIndexSize=187
[2026.05.30-14.41.34:872][  0]LogPakFile: PakFile PathHashIndexSize=101
[2026.05.30-14.41.34:872][  0]LogPakFile: PakFile FullDirectoryIndexSize=148
[2026.05.30-14.41.34:872][  0]LogShaderLibrary: Display: ShaderCodeLibraryPakFileMountedCallback: PakFile 'C:/Program Files/Epic Games/UE_4.27/FeaturePacks/TP_TwinStickBP.upack' (chunk index -1, root 'root:/') mounted
[2026.05.30-14.41.34:872][  0]LogShaderLibrary: Display: ShaderCodeLibraryPakFileMountedCallback: pending pak file info (ChunkID:-1 Root:root:/ File:C:/Program Files/Epic Games/UE_4.27/FeaturePacks/TP_TwinStickBP.upack)
[2026.05.30-14.41.34:872][  0]LogPakFile: OnPakFileMounted2Time == 0.000084
[2026.05.30-14.41.34:874][  0]LogPakFile: PakFile PrimaryIndexSize=183
[2026.05.30-14.41.34:874][  0]LogPakFile: PakFile PathHashIndexSize=101
[2026.05.30-14.41.34:875][  0]LogPakFile: PakFile FullDirectoryIndexSize=140
[2026.05.30-14.41.34:875][  0]LogShaderLibrary: Display: ShaderCodeLibraryPakFileMountedCallback: PakFile 'C:/Program Files/Epic Games/UE_4.27/FeaturePacks/TP_Vehicle.upack' (chunk index -1, root 'root:/') mounted
[2026.05.30-14.41.34:875][  0]LogShaderLibrary: Display: ShaderCodeLibraryPakFileMountedCallback: pending pak file info (ChunkID:-1 Root:root:/ File:C:/Program Files/Epic Games/UE_4.27/FeaturePacks/TP_Vehicle.upack)
[2026.05.30-14.41.34:875][  0]LogPakFile: OnPakFileMounted2Time == 0.000088
[2026.05.30-14.41.34:876][  0]LogPakFile: PakFile PrimaryIndexSize=186
[2026.05.30-14.41.34:876][  0]LogPakFile: PakFile PathHashIndexSize=101
[2026.05.30-14.41.34:876][  0]LogPakFile: PakFile FullDirectoryIndexSize=146
[2026.05.30-14.41.34:876][  0]LogShaderLibrary: Display: ShaderCodeLibraryPakFileMountedCallback: PakFile 'C:/Program Files/Epic Games/UE_4.27/FeaturePacks/TP_VehicleAdv.upack' (chunk index -1, root 'root:/') mounted
[2026.05.30-14.41.34:876][  0]LogShaderLibrary: Display: ShaderCodeLibraryPakFileMountedCallback: pending pak file info (ChunkID:-1 Root:root:/ File:C:/Program Files/Epic Games/UE_4.27/FeaturePacks/TP_VehicleAdv.upack)
[2026.05.30-14.41.34:876][  0]LogPakFile: OnPakFileMounted2Time == 0.000103
[2026.05.30-14.41.34:877][  0]LogPakFile: PakFile PrimaryIndexSize=188
[2026.05.30-14.41.34:878][  0]LogPakFile: PakFile PathHashIndexSize=101
[2026.05.30-14.41.34:878][  0]LogPakFile: PakFile FullDirectoryIndexSize=150
[2026.05.30-14.41.34:878][  0]LogShaderLibrary: Display: ShaderCodeLibraryPakFileMountedCallback: PakFile 'C:/Program Files/Epic Games/UE_4.27/FeaturePacks/TP_VehicleAdvBP.upack' (chunk index -1, root 'root:/') mounted
[2026.05.30-14.41.34:878][  0]LogShaderLibrary: Display: ShaderCodeLibraryPakFileMountedCallback: pending pak file info (ChunkID:-1 Root:root:/ File:C:/Program Files/Epic Games/UE_4.27/FeaturePacks/TP_VehicleAdvBP.upack)
[2026.05.30-14.41.34:878][  0]LogPakFile: OnPakFileMounted2Time == 0.000080
[2026.05.30-14.41.34:880][  0]LogPakFile: PakFile PrimaryIndexSize=185
[2026.05.30-14.41.34:880][  0]LogPakFile: PakFile PathHashIndexSize=101
[2026.05.30-14.41.34:880][  0]LogPakFile: PakFile FullDirectoryIndexSize=144
[2026.05.30-14.41.34:881][  0]LogShaderLibrary: Display: ShaderCodeLibraryPakFileMountedCallback: PakFile 'C:/Program Files/Epic Games/UE_4.27/FeaturePacks/TP_VehicleBP.upack' (chunk index -1, root 'root:/') mounted
[2026.05.30-14.41.34:881][  0]LogShaderLibrary: Display: ShaderCodeLibraryPakFileMountedCallback: pending pak file info (ChunkID:-1 Root:root:/ File:C:/Program Files/Epic Games/UE_4.27/FeaturePacks/TP_VehicleBP.upack)
[2026.05.30-14.41.34:881][  0]LogPakFile: OnPakFileMounted2Time == 0.000137
[2026.05.30-14.41.34:883][  0]LogPakFile: PakFile PrimaryIndexSize=192
[2026.05.30-14.41.34:883][  0]LogPakFile: PakFile PathHashIndexSize=101
[2026.05.30-14.41.34:883][  0]LogPakFile: PakFile FullDirectoryIndexSize=158
[2026.05.30-14.41.34:883][  0]LogShaderLibrary: Display: ShaderCodeLibraryPakFileMountedCallback: PakFile 'C:/Program Files/Epic Games/UE_4.27/FeaturePacks/TP_VirtualRealityBP.upack' (chunk index -1, root 'root:/') mounted
[2026.05.30-14.41.34:883][  0]LogShaderLibrary: Display: ShaderCodeLibraryPakFileMountedCallback: pending pak file info (ChunkID:-1 Root:root:/ File:C:/Program Files/Epic Games/UE_4.27/FeaturePacks/TP_VirtualRealityBP.upack)
[2026.05.30-14.41.34:883][  0]LogPakFile: OnPakFileMounted2Time == 0.000137
[2026.05.30-14.41.35:091][  0]LogSlate: Took 0.000355 seconds to synchronously load lazily loaded font '../../../Engine/Content/Slate/Fonts/Roboto-Regular.ttf' (155K)
[2026.05.30-14.41.35:095][  0]LogSlate: Took 0.000512 seconds to synchronously load lazily loaded font '../../../Engine/Content/Editor/Slate/Fonts/FontAwesome.ttf' (139K)
[2026.05.30-14.41.35:097][  0]LogSlate: Took 0.000355 seconds to synchronously load lazily loaded font '../../../Engine/Content/Slate/Fonts/Roboto-Bold.ttf' (160K)
[2026.05.30-14.41.35:253][  0]LogRenderer: Reallocating scene render targets to support 792x372 Format 9 NumSamples 1 (Frame:1).
[2026.05.30-14.41.35:504][  0]LogInput: Warning: Action Jump uses invalid key OculusGo_Left_Trigger_Click.
[2026.05.30-14.41.35:504][  0]LogInput: Warning: Action ResetVR uses invalid key OculusGo_Left_Trackpad_Click.
[2026.05.30-14.41.35:504][  0]LogInput: Warning: Use -RemoveInvalidKeys to remove instances of these keys from the action mapping.
[2026.05.30-14.41.35:504][  0]LogLoad: (Engine Initialization) Total time: 22.85 seconds
[2026.05.30-14.41.35:504][  0]LogLoad: (Engine Initialization) Total Blueprint compile time: 0.00 seconds
[2026.05.30-14.41.35:579][  0]LogAssetRegistry: Asset discovery search completed in 11.7501 seconds
[2026.05.30-14.41.35:587][  0]LogCollectionManager: Fixed up redirectors for 0 collections in 0.000005 seconds (updated 0 objects)
[2026.05.30-14.41.35:588][  0]LogContentStreaming: Texture pool size now 600 MB
[2026.05.30-14.41.35:921][  2]LogNativeClassHierarchy: Verbose: Native class hierarchy populated in 0.0236 seconds. Added 3823 classes and 931 folders.
[2026.05.30-14.41.36:209][  2]LogSlate: Took 0.000331 seconds to synchronously load lazily loaded font '../../../Engine/Content/Slate/Fonts/Roboto-Light.ttf' (167K)
[2026.05.30-14.41.57:446][179]LogDirectoryWatcher: A directory notification for '../../../Engine/Plugins/' was aborted.
[2026.05.30-14.42.06:635][574]LogTemp: Wakatime Integration: Heartbeat accepted with code 202
[2026.05.30-14.42.23:181][512]LogUObjectHash: Compacting FUObjectHashTables data took   1.18ms
[2026.05.30-14.44.53:854][478]LogContentBrowser: Deferred new asset folder creation: NewFolder
[2026.05.30-14.44.53:872][478]LogContentBrowser: Creating deferred item: NewFolder
[2026.05.30-14.45.00:499][767]LogContentBrowser: Attempting asset rename: NewFolder -> BPs
[2026.05.30-14.45.00:502][767]LogContentBrowser: End creating deferred item NewFolder
[2026.05.30-14.45.04:210][932]LogContentBrowser: Deferred new asset folder creation: NewFolder
[2026.05.30-14.45.04:220][932]LogContentBrowser: Creating deferred item: NewFolder
[2026.05.30-14.45.08:995][136]LogContentBrowser: Attempting asset rename: NewFolder -> Flashlight
[2026.05.30-14.45.08:996][136]LogContentBrowser: End creating deferred item NewFolder
[2026.05.30-14.45.45:541][903]LogSlate: Took 0.000294 seconds to synchronously load lazily loaded font '../../../Engine/Content/Slate/Fonts/Roboto-Light.ttf' (167K)
[2026.05.30-14.45.45:568][903]LogAssetEditorSubsystem: Opening Asset editor for Blueprint /Game/ThirdPersonBP/Blueprints/ThirdPersonCharacter.ThirdPersonCharacter
[2026.05.30-14.45.46:179][903]LogNativeClassHierarchy: Verbose: Native class hierarchy updated for 'BlueprintGraph' in 0.0008 seconds. Added 126 classes and 0 folders.
[2026.05.30-14.45.47:900][903]LogSlate: Took 0.001242 seconds to synchronously load lazily loaded font '../../../Engine/Content/Slate/Fonts/Roboto-BoldCondensed.ttf' (158K)
[2026.05.30-14.45.50:949][ 33]LogSlate: Window 'ThirdPersonCharacter' being destroyed
[2026.05.30-14.45.55:061][262]LogSlate: Took 0.023884 seconds to synchronously load lazily loaded font '../../../Engine/Content/Slate/Fonts/Roboto-Italic.ttf' (157K)
[2026.05.30-14.46.42:730][728]LogSlate: Took 0.011228 seconds to synchronously load lazily loaded font '../../../Engine/Content/Slate/Fonts/Roboto-BoldCondensedItalic.ttf' (160K)
[2026.05.30-14.46.47:842][923]Cmd: OBJ SAVEPACKAGE PACKAGE="/Game/ThirdPersonBP/Blueprints/ThirdPersonCharacter" FILE="D:/Event_Horizon_SOL_V2/Content/ThirdPersonBP/Blueprints/ThirdPersonCharacter.uasset" SILENT=true
[2026.05.30-14.46.47:905][923]LogSavePackage: Moving 'D:/Event_Horizon_SOL_V2/Saved/ThirdPersonCharacter44AD1841495B59287F93359F6D6D34F1.tmp' to 'D:/Event_Horizon_SOL_V2/Content/ThirdPersonBP/Blueprints/ThirdPersonCharacter.uasset'
[2026.05.30-14.46.47:934][923]AssetCheck: New page: Asset Save: ThirdPersonCharacter
[2026.05.30-14.46.47:934][923]LogContentValidation: Display: Validating Blueprint /Game/ThirdPersonBP/Blueprints/ThirdPersonCharacter.ThirdPersonCharacter
[2026.05.30-14.46.48:606][958]BlueprintLog: New page: Compile ThirdPersonCharacter
[2026.05.30-14.46.48:747][958]LogUObjectHash: Compacting FUObjectHashTables data took   5.27ms
[2026.05.30-14.46.49:379][984]Cmd: OBJ SAVEPACKAGE PACKAGE="/Game/ThirdPersonBP/Blueprints/ThirdPersonCharacter" FILE="D:/Event_Horizon_SOL_V2/Content/ThirdPersonBP/Blueprints/ThirdPersonCharacter.uasset" SILENT=true
[2026.05.30-14.46.49:426][984]LogSavePackage: Moving 'D:/Event_Horizon_SOL_V2/Saved/ThirdPersonCharacterED155EA445CF871E51A3B684F49C8CB7.tmp' to 'D:/Event_Horizon_SOL_V2/Content/ThirdPersonBP/Blueprints/ThirdPersonCharacter.uasset'
[2026.05.30-14.46.49:451][984]AssetCheck: New page: Asset Save: ThirdPersonCharacter
[2026.05.30-14.46.49:451][984]LogContentValidation: Display: Validating Blueprint /Game/ThirdPersonBP/Blueprints/ThirdPersonCharacter.ThirdPersonCharacter
[2026.05.30-14.47.07:291][  2]LogTemp: Wakatime Integration: Heartbeat accepted with code 202
[2026.05.30-14.47.13:884][394]BlueprintLog: New page: Compile ThirdPersonCharacter
[2026.05.30-14.47.13:977][394]LogUObjectHash: Compacting FUObjectHashTables data took   3.16ms
[2026.05.30-14.47.14:761][432]Cmd: OBJ SAVEPACKAGE PACKAGE="/Game/ThirdPersonBP/Blueprints/ThirdPersonCharacter" FILE="D:/Event_Horizon_SOL_V2/Content/ThirdPersonBP/Blueprints/ThirdPersonCharacter.uasset" SILENT=true
[2026.05.30-14.47.14:796][432]LogSavePackage: Moving 'D:/Event_Horizon_SOL_V2/Saved/ThirdPersonCharacter1DDA8A6F4E2AE52E423773807AC67426.tmp' to 'D:/Event_Horizon_SOL_V2/Content/ThirdPersonBP/Blueprints/ThirdPersonCharacter.uasset'
[2026.05.30-14.47.14:817][432]AssetCheck: New page: Asset Save: ThirdPersonCharacter
[2026.05.30-14.47.14:817][432]LogContentValidation: Display: Validating Blueprint /Game/ThirdPersonBP/Blueprints/ThirdPersonCharacter.ThirdPersonCharacter
[2026.05.30-14.47.37:184][439]LogTemp: Wakatime Integration: Heartbeat accepted with code 202
[2026.05.30-14.48.33:114][479]BlueprintLog: New page: Compile ThirdPersonCharacter
[2026.05.30-14.48.33:224][479]LogUObjectHash: Compacting FUObjectHashTables data took   3.62ms
[2026.05.30-14.48.34:044][515]Cmd: OBJ SAVEPACKAGE PACKAGE="/Game/ThirdPersonBP/Blueprints/ThirdPersonCharacter" FILE="D:/Event_Horizon_SOL_V2/Content/ThirdPersonBP/Blueprints/ThirdPersonCharacter.uasset" SILENT=true
[2026.05.30-14.48.34:094][515]LogSavePackage: Moving 'D:/Event_Horizon_SOL_V2/Saved/ThirdPersonCharacter021399044C61962521840CB79ABF4702.tmp' to 'D:/Event_Horizon_SOL_V2/Content/ThirdPersonBP/Blueprints/ThirdPersonCharacter.uasset'
[2026.05.30-14.48.34:126][515]AssetCheck: New page: Asset Save: ThirdPersonCharacter
[2026.05.30-14.48.34:126][515]LogContentValidation: Display: Validating Blueprint /Game/ThirdPersonBP/Blueprints/ThirdPersonCharacter.ThirdPersonCharacter
[2026.05.30-14.48.36:988][682]LogTemp: Wakatime Integration: Heartbeat accepted with code 202
[2026.05.30-14.49.35:244][ 52]BlueprintLog: New page: Compile ThirdPersonCharacter
[2026.05.30-14.49.35:371][ 52]LogUObjectHash: Compacting FUObjectHashTables data took   6.59ms
[2026.05.30-14.49.36:290][ 91]Cmd: OBJ SAVEPACKAGE PACKAGE="/Game/ThirdPersonBP/Blueprints/ThirdPersonCharacter" FILE="D:/Event_Horizon_SOL_V2/Content/ThirdPersonBP/Blueprints/ThirdPersonCharacter.uasset" SILENT=true
[2026.05.30-14.49.36:350][ 91]LogSavePackage: Moving 'D:/Event_Horizon_SOL_V2/Saved/ThirdPersonCharacter46C3C39E46FAD8A52F8D0EA6EB67AD48.tmp' to 'D:/Event_Horizon_SOL_V2/Content/ThirdPersonBP/Blueprints/ThirdPersonCharacter.uasset'
[2026.05.30-14.49.36:390][ 91]AssetCheck: New page: Asset Save: ThirdPersonCharacter
[2026.05.30-14.49.36:391][ 91]LogContentValidation: Display: Validating Blueprint /Game/ThirdPersonBP/Blueprints/ThirdPersonCharacter.ThirdPersonCharacter
[2026.05.30-14.49.36:998][128]LogTemp: Wakatime Integration: Heartbeat accepted with code 202
[2026.05.30-14.49.38:412][209]LogRenderer: Reallocating scene render targets to support 792x568 Format 9 NumSamples 1 (Frame:1).
[2026.05.30-14.49.51:913][341]LogUObjectHash: Compacting FUObjectHashTables data took   2.94ms
[2026.05.30-14.49.51:983][341]LogUObjectHash: Compacting FUObjectHashTables data took   0.60ms
[2026.05.30-14.49.52:012][341]LogSavePackage: Moving 'D:/Event_Horizon_SOL_V2/Saved/ThirdPersonExampleMapFFFF59B348DC766218EE66B09A691D20.tmp' to 'D:/Event_Horizon_SOL_V2/Content/ThirdPersonBP/Maps/ThirdPersonExampleMap.umap'
[2026.05.30-14.49.52:020][341]LogFileHelpers: Saving map 'ThirdPersonExampleMap' took 0.071
[2026.05.30-14.49.52:042][341]AssetCheck: New page: Asset Save: ThirdPersonExampleMap
[2026.05.30-14.49.52:042][341]LogContentValidation: Display: Validating World /Game/ThirdPersonBP/Maps/ThirdPersonExampleMap.ThirdPersonExampleMap
[2026.05.30-14.49.56:180][561]LogUObjectHash: Compacting FUObjectHashTables data took   2.58ms
[2026.05.30-14.49.56:220][561]LogWorld: UWorld::CleanupWorld for World_1, bSessionEnded=true, bCleanupResources=true
[2026.05.30-14.49.56:221][561]LogSlate: InvalidateAllWidgets triggered.  All widgets were invalidated
[2026.05.30-14.49.56:413][561]LogSlate: Window 'Event_Horizon_SOL_V2 - Unreal Editor' being destroyed
[2026.05.30-14.49.56:610][562]Cmd: QUIT_EDITOR
[2026.05.30-14.49.56:610][562]LogCore: Engine exit requested (reason: UUnrealEdEngine::CloseEditor())
[2026.05.30-14.49.56:621][562]LogCore: Engine exit requested (reason: EngineExit() was called; note: exit was already requested)
[2026.05.30-14.49.56:624][562]LogAudio: Display: Beginning Audio Device Manager Shutdown (Module: AudioMixerXAudio2)...
[2026.05.30-14.49.56:624][562]LogAudio: Display: Destroying 1 Remaining Audio Device(s)...
[2026.05.30-14.49.56:624][562]LogAudio: Display: Audio Device unregistered from world 'ThirdPersonExampleMap'.
[2026.05.30-14.49.56:624][562]LogAudioMixer: FMixerPlatformXAudio2::StopAudioStream() called
[2026.05.30-14.49.56:626][562]LogAudioMixer: FMixerPlatformXAudio2::StopAudioStream() called
[2026.05.30-14.49.56:651][562]LogAudio: Display: Audio Device Manager Shutdown
[2026.05.30-14.49.56:652][562]LogWindowsTextInputMethodSystem: Display: IME system deactivated.
[2026.05.30-14.49.56:659][562]LogExit: Preparing to exit.
[2026.05.30-14.49.57:733][562]LogUObjectHash: Compacting FUObjectHashTables data took   6.16ms
[2026.05.30-14.49.57:863][562]LogWorld: UWorld::CleanupWorld for World_2, bSessionEnded=true, bCleanupResources=true
[2026.05.30-14.49.57:872][562]LogWorld: UWorld::CleanupWorld for World_0, bSessionEnded=true, bCleanupResources=true
[2026.05.30-14.49.57:954][562]LogDemo: Cleaned up 0 splitscreen connections with owner deletion
[2026.05.30-14.49.57:966][562]LogWorld: UWorld::CleanupWorld for None, bSessionEnded=true, bCleanupResources=true
[2026.05.30-14.49.57:967][562]LogExit: Editor shut down
[2026.05.30-14.49.57:971][562]LogExit: Transaction tracking system shut down
[2026.05.30-14.49.58:482][562]LogExit: Object subsystem successfully closed.
[2026.05.30-14.49.58:497][562]LogShaderCompilers: Display: === FShaderJobCache stats ===
[2026.05.30-14.49.58:497][562]LogShaderCompilers: Display: Total job queries 0, among them cache hits 0 (0.00%)
[2026.05.30-14.49.58:497][562]LogShaderCompilers: Display: Tracking 0 distinct input hashes that result in 0 distinct outputs (0.00%)
[2026.05.30-14.49.58:497][562]LogShaderCompilers: Display: RAM used: 0.00 MB (0.00 GB) of 409.60 MB (0.40 GB) budget. Usage: 0.00%
[2026.05.30-14.49.58:497][562]LogShaderCompilers: Display: ================================================
[2026.05.30-14.49.58:505][562]LogShaderCompilers: Display: Shaders left to compile 0
[2026.05.30-14.49.58:599][562]LogModuleManager: Shutting down and abandoning module BlueprintGraph (874)
[2026.05.30-14.49.58:599][562]LogModuleManager: Shutting down and abandoning module HierarchicalLODOutliner (872)
[2026.05.30-14.49.58:599][562]LogModuleManager: Shutting down and abandoning module SceneOutliner (870)
[2026.05.30-14.49.58:599][562]LogModuleManager: Shutting down and abandoning module AddContentDialog (868)
[2026.05.30-14.49.58:599][562]LogModuleManager: Shutting down and abandoning module WidgetCarousel (867)
[2026.05.30-14.49.58:600][562]LogModuleManager: Shutting down and abandoning module EditorWidgets (864)
[2026.05.30-14.49.58:600][562]LogModuleManager: Shutting down and abandoning module StatsViewer (862)
[2026.05.30-14.49.58:600][562]LogModuleManager: Shutting down and abandoning module PIEPreviewDeviceProfileSelector (860)
[2026.05.30-14.49.58:600][562]LogModuleManager: Shutting down and abandoning module SequenceRecorderSections (858)
[2026.05.30-14.49.58:600][562]LogModuleManager: Shutting down and abandoning module AutomationWorker (856)
[2026.05.30-14.49.58:600][562]LogModuleManager: Shutting down and abandoning module SteamVREditor (854)
[2026.05.30-14.49.58:600][562]LogModuleManager: Shutting down and abandoning module OculusMR (852)
[2026.05.30-14.49.58:600][562]LogModuleManager: Shutting down and abandoning module TakeRecorderSources (850)
[2026.05.30-14.49.58:600][562]LogModuleManager: Shutting down and abandoning module TakeRecorder (849)
[2026.05.30-14.49.58:600][562]LogModuleManager: Shutting down and abandoning module TakeTrackRecorders (846)
[2026.05.30-14.49.58:600][562]LogModuleManager: Shutting down and abandoning module TakesCore (844)
[2026.05.30-14.49.58:600][562]LogModuleManager: Shutting down and abandoning module OpenXRInput (842)
[2026.05.30-14.49.58:600][562]LogModuleManager: Shutting down and abandoning module GooglePADEditor (840)
[2026.05.30-14.49.58:600][562]LogModuleManager: Shutting down and abandoning module AudioCaptureEditor (838)
[2026.05.30-14.49.58:600][562]LogModuleManager: Shutting down and abandoning module TemplateSequenceEditor (836)
[2026.05.30-14.49.58:600][562]LogModuleManager: Shutting down and abandoning module MatineeToLevelSequence (834)
[2026.05.30-14.49.58:600][562]LogModuleManager: Shutting down and abandoning module LevelSequenceEditor (832)
[2026.05.30-14.49.58:600][562]LogModuleManager: Shutting down and abandoning module ActorSequenceEditor (830)
[2026.05.30-14.49.58:600][562]LogModuleManager: Shutting down and abandoning module WmfMediaFactory (828)
[2026.05.30-14.49.58:600][562]LogModuleManager: Shutting down and abandoning module WmfMediaEditor (826)
[2026.05.30-14.49.58:601][562]LogModuleManager: Shutting down and abandoning module WebMMediaFactory (824)
[2026.05.30-14.49.58:601][562]LogModuleManager: Shutting down and abandoning module WebMMediaEditor (822)
[2026.05.30-14.49.58:601][562]LogModuleManager: Shutting down and abandoning module WebMMedia (820)
[2026.05.30-14.49.58:601][562]LogModuleManager: Shutting down and abandoning module MediaPlayerEditor (818)
[2026.05.30-14.49.58:601][562]LogModuleManager: Shutting down and abandoning module MediaCompositingEditor (816)
[2026.05.30-14.49.58:601][562]LogModuleManager: Shutting down and abandoning module SequenceRecorder (815)
[2026.05.30-14.49.58:601][562]LogModuleManager: Shutting down and abandoning module OpenExrWrapper (812)
[2026.05.30-14.49.58:601][562]LogModuleManager: Shutting down and abandoning module ImgMediaFactory (810)
[2026.05.30-14.49.58:601][562]LogModuleManager: Shutting down and abandoning module ImgMediaEditor (808)
[2026.05.30-14.49.58:601][562]LogModuleManager: Shutting down and abandoning module AvfMediaFactory (806)
[2026.05.30-14.49.58:601][562]LogModuleManager: Shutting down and abandoning module AvfMediaEditor (804)
[2026.05.30-14.49.58:601][562]LogModuleManager: Shutting down and abandoning module AndroidMediaFactory (802)
[2026.05.30-14.49.58:601][562]LogModuleManager: Shutting down and abandoning module AndroidMediaEditor (800)
[2026.05.30-14.49.58:601][562]LogModuleManager: Shutting down and abandoning module MagicLeapMediaCodecFactory (798)
[2026.05.30-14.49.58:601][562]LogModuleManager: Shutting down and abandoning module MagicLeapMediaFactory (796)
[2026.05.30-14.49.58:601][562]LogModuleManager: Shutting down and abandoning module MagicLeapMediaEditor (794)
[2026.05.30-14.49.58:601][562]LogModuleManager: Shutting down and abandoning module PlanarCut (792)
[2026.05.30-14.49.58:601][562]LogModuleManager: Shutting down and abandoning module CharacterAI (790)
[2026.05.30-14.49.58:601][562]LogModuleManager: Shutting down and abandoning module TextureAlignMode (788)
[2026.05.30-14.49.58:601][562]LogModuleManager: Shutting down and abandoning module BspMode (786)
[2026.05.30-14.49.58:601][562]LogModuleManager: Shutting down and abandoning module GeometryMode (784)
[2026.05.30-14.49.58:601][562]LogModuleManager: Shutting down and abandoning module CameraShakePreviewer (782)
[2026.05.30-14.49.58:601][562]LogModuleManager: Shutting down and abandoning module SmartSnapping (780)
[2026.05.30-14.49.58:601][562]LogModuleManager: Shutting down and abandoning module SessionServices (778)
[2026.05.30-14.49.58:601][562]LogModuleManager: Shutting down and abandoning module MeshPaint (776)
[2026.05.30-14.49.58:601][562]LogModuleManager: Shutting down and abandoning module VirtualTexturingEditor (774)
[2026.05.30-14.49.58:601][562]LogModuleManager: Shutting down and abandoning module FoliageEdit (772)
[2026.05.30-14.49.58:602][562]LogModuleManager: Shutting down and abandoning module LandscapeEditor (770)
[2026.05.30-14.49.58:602][562]LogModuleManager: Shutting down and abandoning module MeshPaintMode (768)
[2026.05.30-14.49.58:602][562]LogModuleManager: Shutting down and abandoning module SceneDepthPickerMode (766)
[2026.05.30-14.49.58:602][562]LogModuleManager: Shutting down and abandoning module ActorPickerMode (764)
[2026.05.30-14.49.58:602][562]LogModuleManager: Shutting down and abandoning module PlacementMode (762)
[2026.05.30-14.49.58:602][562]LogModuleManager: Shutting down and abandoning module ViewportSnapping (760)
[2026.05.30-14.49.58:602][562]LogModuleManager: Shutting down and abandoning module ViewportInteraction (758)
[2026.05.30-14.49.58:602][562]LogModuleManager: Shutting down and abandoning module ClothPainter (756)
[2026.05.30-14.49.58:602][562]LogModuleManager: Shutting down and abandoning module SkeletalMeshEditor (755)
[2026.05.30-14.49.58:602][562]LogModuleManager: Shutting down and abandoning module LogVisualizer (752)
[2026.05.30-14.49.58:602][562]LogModuleManager: Shutting down and abandoning module IntroTutorials (750)
[2026.05.30-14.49.58:602][562]LogModuleManager: Shutting down and abandoning module GameProjectGeneration (749)
[2026.05.30-14.49.58:602][562]LogModuleManager: Shutting down and abandoning module LuminPlatformEditor (746)
[2026.05.30-14.49.58:602][562]LogModuleManager: Shutting down and abandoning module IOSPlatformEditor (744)
[2026.05.30-14.49.58:602][562]LogModuleManager: Shutting down and abandoning module AndroidPlatformEditor (742)
[2026.05.30-14.49.58:602][562]LogModuleManager: Shutting down and abandoning module AndroidDeviceDetection (741)
[2026.05.30-14.49.59:717][562]LogModuleManager: Shutting down and abandoning module WindowsPlatformEditor (738)
[2026.05.30-14.49.59:717][562]LogModuleManager: Shutting down and abandoning module LuminRuntimeSettings (736)
[2026.05.30-14.49.59:717][562]LogModuleManager: Shutting down and abandoning module IOSRuntimeSettings (734)
[2026.05.30-14.49.59:717][562]LogModuleManager: Shutting down and abandoning module AndroidRuntimeSettings (732)
[2026.05.30-14.49.59:717][562]LogModuleManager: Shutting down and abandoning module TraceInsights (730)
[2026.05.30-14.49.59:717][562]MemoryProfiler: Shutdown
[2026.05.30-14.49.59:718][562]NetworkingProfiler: Shutdown
[2026.05.30-14.49.59:718][562]LoadingProfiler: Shutdown
[2026.05.30-14.49.59:718][562]TimingProfiler: Shutdown
[2026.05.30-14.49.59:718][562]LogModuleManager: Shutting down and abandoning module TraceServices (729)
[2026.05.30-14.49.59:718][562]LogModuleManager: Shutting down and abandoning module EditorInteractiveToolsFramework (726)
[2026.05.30-14.49.59:718][562]LogModuleManager: Shutting down and abandoning module TimeManagementEditor (724)
[2026.05.30-14.49.59:718][562]LogModuleManager: Shutting down and abandoning module InputBindingEditor (722)
[2026.05.30-14.49.59:718][562]LogModuleManager: Shutting down and abandoning module MergeActors (720)
[2026.05.30-14.49.59:719][562]LogModuleManager: Shutting down and abandoning module LocalizationDashboard (718)
[2026.05.30-14.49.59:719][562]LogModuleManager: Shutting down and abandoning module LocalizationService (717)
[2026.05.30-14.49.59:719][562]LogModuleManager: Shutting down and abandoning module HardwareTargeting (714)
[2026.05.30-14.49.59:719][562]LogModuleManager: Shutting down and abandoning module DeviceProfileEditor (712)
[2026.05.30-14.49.59:719][562]LogModuleManager: Shutting down and abandoning module UndoHistory (710)
[2026.05.30-14.49.59:719][562]LogModuleManager: Shutting down and abandoning module XmlParser (708)
[2026.05.30-14.49.59:719][562]LogModuleManager: Shutting down and abandoning module Blutility (706)
[2026.05.30-14.49.59:719][562]LogModuleManager: Shutting down and abandoning module ProjectSettingsViewer (704)
[2026.05.30-14.49.59:719][562]LogModuleManager: Shutting down and abandoning module ProjectTargetPlatformEditor (703)
[2026.05.30-14.49.59:720][562]LogModuleManager: Shutting down and abandoning module EditorSettingsViewer (700)
[2026.05.30-14.49.59:720][562]LogModuleManager: Shutting down and abandoning module InternationalizationSettings (699)
[2026.05.30-14.49.59:720][562]LogModuleManager: Shutting down and abandoning module SettingsEditor (696)
[2026.05.30-14.49.59:720][562]LogModuleManager: Shutting down and abandoning module ProjectLauncher (694)
[2026.05.30-14.49.59:720][562]LogModuleManager: Shutting down and abandoning module SessionFrontend (692)
[2026.05.30-14.49.59:720][562]LogModuleManager: Shutting down and abandoning module ProfilerClient (690)
[2026.05.30-14.49.59:720][562]LogModuleManager: Shutting down and abandoning module DeviceManager (688)
[2026.05.30-14.49.59:720][562]LogModuleManager: Shutting down and abandoning module TargetDeviceServices (687)
[2026.05.30-14.49.59:754][562]LogModuleManager: Shutting down and abandoning module AutomationController (684)
[2026.05.30-14.49.59:754][562]LogModuleManager: Shutting down and abandoning module AutomationWindow (682)
[2026.05.30-14.49.59:754][562]LogModuleManager: Shutting down and abandoning module Layers (680)
[2026.05.30-14.49.59:754][562]LogModuleManager: Shutting down and abandoning module ComponentVisualizers (678)
[2026.05.30-14.49.59:754][562]LogModuleManager: Shutting down and abandoning module DetailCustomizations (676)
[2026.05.30-14.49.59:754][562]LogModuleManager: Shutting down and abandoning module PackagesDialog (674)
[2026.05.30-14.49.59:754][562]LogModuleManager: Shutting down and abandoning module AnimationBlueprintEditor (672)
[2026.05.30-14.49.59:754][562]LogModuleManager: Shutting down and abandoning module Persona (670)
[2026.05.30-14.49.59:754][562]LogModuleManager: Shutting down and abandoning module AdvancedPreviewScene (669)
[2026.05.30-14.49.59:755][562]LogModuleManager: Shutting down and abandoning module AnimGraph (667)
[2026.05.30-14.49.59:755][562]LogModuleManager: Shutting down and abandoning module Kismet (664)
[2026.05.30-14.49.59:778][562]LogModuleManager: Shutting down and abandoning module KismetWidgets (663)
[2026.05.30-14.49.59:778][562]LogModuleManager: Shutting down and abandoning module GraphEditor (660)
[2026.05.30-14.49.59:778][562]LogModuleManager: Shutting down and abandoning module StructViewer (658)
[2026.05.30-14.49.59:779][562]LogModuleManager: Shutting down and abandoning module ClassViewer (656)
[2026.05.30-14.49.59:779][562]LogModuleManager: Shutting down and abandoning module Toolbox (654)
[2026.05.30-14.49.59:779][562]LogModuleManager: Shutting down and abandoning module ModuleUI (652)
[2026.05.30-14.49.59:779][562]LogModuleManager: Shutting down and abandoning module OutputLog (650)
[2026.05.30-14.49.59:779][562]LogModuleManager: Shutting down and abandoning module GammaUI (648)
[2026.05.30-14.49.59:780][562]LogModuleManager: Shutting down and abandoning module Documentation (646)
[2026.05.30-14.49.59:780][562]LogModuleManager: Shutting down and abandoning module LiveCoding (644)
[2026.05.30-14.49.59:781][562]LogModuleManager: Shutting down and abandoning module LevelSequence (642)
[2026.05.30-14.49.59:782][562]LogModuleManager: Shutting down and abandoning module MovieSceneTracks (640)
[2026.05.30-14.49.59:782][562]LogModuleManager: Shutting down and abandoning module MovieScene (638)
[2026.05.30-14.49.59:783][562]LogModuleManager: Shutting down and abandoning module StreamingPauseRendering (636)
[2026.05.30-14.49.59:783][562]LogModuleManager: Shutting down and abandoning module LauncherPlatform (634)
[2026.05.30-14.49.59:784][562]LogModuleManager: Shutting down and abandoning module AnalyticsET (632)
[2026.05.30-14.49.59:784][562]LogModuleManager: Shutting down and abandoning module PortalServices (630)
[2026.05.30-14.49.59:784][562]LogModuleManager: Shutting down and abandoning module PortalRpc (628)
[2026.05.30-14.49.59:784][562]LogModuleManager: Shutting down and abandoning module MessagingRpc (626)
[2026.05.30-14.49.59:784][562]LogModuleManager: Shutting down and abandoning module AudioMixerXAudio2 (624)
[2026.05.30-14.49.59:784][562]LogModuleManager: Shutting down and abandoning module AudioMixerCore (623)
[2026.05.30-14.49.59:784][562]LogModuleManager: Shutting down and abandoning module AIModule (620)
[2026.05.30-14.49.59:784][562]LogModuleManager: Shutting down and abandoning module GameplayDebugger (619)
[2026.05.30-14.49.59:784][562]LogModuleManager: Shutting down and abandoning module AITestSuite (617)
[2026.05.30-14.49.59:784][562]LogModuleManager: Shutting down and abandoning module NavigationSystem (615)
[2026.05.30-14.49.59:784][562]LogModuleManager: Shutting down and abandoning module ImageWriteQueue (612)
[2026.05.30-14.49.59:791][562]LogModuleManager: Shutting down and abandoning module ProfilerService (610)
[2026.05.30-14.49.59:922][562]LogModuleManager: Shutting down and abandoning module TaskGraph (608)
[2026.05.30-14.49.59:922][562]LogModuleManager: Shutting down and abandoning module AudioSynesthesiaEditor (606)
[2026.05.30-14.49.59:922][562]LogModuleManager: Shutting down and abandoning module OculusEditor (604)
[2026.05.30-14.49.59:922][562]LogModuleManager: Shutting down and abandoning module OculusInput (602)
[2026.05.30-14.49.59:922][562]LogModuleManager: Shutting down and abandoning module ContentBrowserClassDataSource (600)
[2026.05.30-14.49.59:923][562]LogModuleManager: Shutting down and abandoning module ContentBrowserFileDataSource (598)
[2026.05.30-14.49.59:923][562]LogModuleManager: Shutting down and abandoning module ContentBrowserAssetDataSource (596)
[2026.05.30-14.49.59:923][562]LogModuleManager: Shutting down and abandoning module CollectionManager (595)
[2026.05.30-14.49.59:923][562]LogModuleManager: Shutting down and abandoning module TakeSequencer (592)
[2026.05.30-14.49.59:923][562]LogModuleManager: Shutting down and abandoning module TakeMovieScene (590)
[2026.05.30-14.49.59:923][562]LogModuleManager: Shutting down and abandoning module SynthesisEditor (588)
[2026.05.30-14.49.59:923][562]LogModuleManager: Shutting down and abandoning module Synthesis (586)
[2026.05.30-14.49.59:923][562]LogModuleManager: Shutting down and abandoning module ScreenshotTools (584)
[2026.05.30-14.49.59:924][562]LogModuleManager: Shutting down and abandoning module ProceduralMeshComponentEditor (582)
[2026.05.30-14.49.59:924][562]LogModuleManager: Shutting down and abandoning module ProceduralMeshComponent (580)
[2026.05.30-14.49.59:924][562]LogModuleManager: Shutting down and abandoning module OpenXREditor (578)
[2026.05.30-14.49.59:924][562]LogModuleManager: Shutting down and abandoning module MobilePatchingUtils (576)
[2026.05.30-14.49.59:924][562]LogModuleManager: Shutting down and abandoning module GooglePAD (574)
[2026.05.30-14.49.59:924][562]LogModuleManager: Shutting down and abandoning module EditableMesh (572)
[2026.05.30-14.49.59:924][562]LogModuleManager: Shutting down and abandoning module CustomMeshComponent (570)
[2026.05.30-14.49.59:924][562]LogModuleManager: Shutting down and abandoning module CableComponent (568)
[2026.05.30-14.49.59:925][562]LogModuleManager: Shutting down and abandoning module AudioCapture (566)
[2026.05.30-14.49.59:925][562]LogModuleManager: Shutting down and abandoning module AudioCaptureRtAudio (565)
[2026.05.30-14.49.59:925][562]LogModuleManager: Shutting down and abandoning module AssetTags (562)
[2026.05.30-14.49.59:925][562]LogModuleManager: Shutting down and abandoning module ArchVisCharacter (560)
[2026.05.30-14.49.59:925][562]LogModuleManager: Shutting down and abandoning module AppleImageUtilsBlueprintSupport (558)
[2026.05.30-14.49.59:925][562]LogModuleManager: Shutting down and abandoning module AppleImageUtils (556)
[2026.05.30-14.49.59:925][562]LogModuleManager: Shutting down and abandoning module AndroidPermission (554)
[2026.05.30-14.49.59:925][562]LogModuleManager: Shutting down and abandoning module ActorLayerUtilitiesEditor (552)
[2026.05.30-14.49.59:925][562]LogModuleManager: Shutting down and abandoning module ActorLayerUtilities (550)
[2026.05.30-14.49.59:925][562]LogModuleManager: Shutting down and abandoning module TemplateSequence (548)
[2026.05.30-14.49.59:927][562]LogModuleManager: Shutting down and abandoning module MediaCompositing (546)
[2026.05.30-14.49.59:927][562]LogModuleManager: Shutting down and abandoning module ImgMedia (544)
[2026.05.30-14.49.59:927][562]LogModuleManager: Shutting down and abandoning module MagicLeapSharedWorld (542)
[2026.05.30-14.49.59:927][562]LogModuleManager: Shutting down and abandoning module MagicLeapLightEstimation (540)
[2026.05.30-14.49.59:927][562]LogModuleManager: Shutting down and abandoning module MagicLeapHelperVulkan (538)
[2026.05.30-14.49.59:927][562]LogModuleManager: Shutting down and abandoning module MagicLeapHelperOpenGL (536)
[2026.05.30-14.49.59:927][562]LogModuleManager: Shutting down and abandoning module MagicLeapAudio (534)
[2026.05.30-14.49.59:927][562]LogModuleManager: Shutting down and abandoning module VariantManagerContentEditor (532)
[2026.05.30-14.49.59:927][562]LogModuleManager: Shutting down and abandoning module DatasmithContentEditor (530)
[2026.05.30-14.49.59:927][562]LogModuleManager: Shutting down and abandoning module OpenImageDenoise (528)
[2026.05.30-14.49.59:927][562]LogOpenImageDenoise: OIDN shutting down
[2026.05.30-14.49.59:927][562]LogModuleManager: Shutting down and abandoning module MotoSynthEditor (526)
[2026.05.30-14.49.59:927][562]LogModuleManager: Shutting down and abandoning module MotoSynth (524)
[2026.05.30-14.49.59:927][562]LogModuleManager: Shutting down and abandoning module MeshConversion (522)
[2026.05.30-14.49.59:927][562]LogModuleManager: Shutting down and abandoning module DynamicMesh (520)
[2026.05.30-14.49.59:927][562]LogModuleManager: Shutting down and abandoning module GeometryAlgorithms (518)
[2026.05.30-14.49.59:927][562]LogModuleManager: Shutting down and abandoning module GeometricObjects (516)
[2026.05.30-14.49.59:927][562]LogModuleManager: Shutting down and abandoning module NiagaraEditorWidgets (514)
[2026.05.30-14.49.59:927][562]LogModuleManager: Shutting down and abandoning module GeometryCollectionTracks (512)
[2026.05.30-14.49.59:927][562]LogModuleManager: Shutting down and abandoning module GeometryCollectionSequencer (511)
[2026.05.30-14.49.59:927][562]LogModuleManager: Shutting down and abandoning module GeometryCollectionEditor (508)
[2026.05.30-14.49.59:927][562]LogModuleManager: Shutting down and abandoning module GeometryCacheTracks (506)
[2026.05.30-14.49.59:927][562]LogModuleManager: Shutting down and abandoning module GeometryCacheStreamer (504)
[2026.05.30-14.49.59:928][562]LogModuleManager: Shutting down and abandoning module GeometryCacheSequencer (502)
[2026.05.30-14.49.59:928][562]LogModuleManager: Shutting down and abandoning module FractureEditor (500)
[2026.05.30-14.49.59:928][562]LogModuleManager: Shutting down and abandoning module ChaosNiagara (498)
[2026.05.30-14.49.59:928][562]LogModuleManager: Shutting down and abandoning module ChaosSolverEditor (496)
[2026.05.30-14.49.59:928][562]LogModuleManager: Shutting down and abandoning module FieldSystemEngine (495)
[2026.05.30-14.49.59:928][562]LogModuleManager: Shutting down and abandoning module ChaosClothEditor (492)
[2026.05.30-14.49.59:928][562]LogModuleManager: Shutting down and abandoning module BackChannel (490)
[2026.05.30-14.49.59:929][562]LogModuleManager: Shutting down and abandoning module AutomationUtilsEditor (488)
[2026.05.30-14.49.59:929][562]LogModuleManager: Shutting down and abandoning module AutomationUtils (486)
[2026.05.30-14.49.59:929][562]LogModuleManager: Shutting down and abandoning module AlembicImporter (484)
[2026.05.30-14.49.59:929][562]LogModuleManager: Shutting down and abandoning module AlembicLibrary (483)
[2026.05.30-14.49.59:934][562]LogModuleManager: Shutting down and abandoning module GeometryCache (482)
[2026.05.30-14.49.59:934][562]LogModuleManager: Shutting down and abandoning module GeometryCacheEd (481)
[2026.05.30-14.49.59:934][562]LogModuleManager: Shutting down and abandoning module VisualStudioCodeSourceCodeAccess (476)
[2026.05.30-14.49.59:934][562]LogModuleManager: Shutting down and abandoning module VisualStudioSourceCodeAccess (474)
[2026.05.30-14.49.59:935][562]LogModuleManager: Shutting down and abandoning module UObjectPlugin (472)
[2026.05.30-14.49.59:935][562]LogModuleManager: Shutting down and abandoning module SubversionSourceControl (470)
[2026.05.30-14.49.59:935][562]LogModuleManager: Shutting down and abandoning module RiderSourceCodeAccess (468)
[2026.05.30-14.49.59:935][562]LogModuleManager: Shutting down and abandoning module PluginUtils (466)
[2026.05.30-14.49.59:935][562]LogModuleManager: Shutting down and abandoning module PlasticSourceControl (464)
[2026.05.30-14.49.59:935][562]LogModuleManager: Shutting down and abandoning module PerforceSourceControl (462)
[2026.05.30-14.49.59:935][562]LogModuleManager: Shutting down and abandoning module GitSourceControl (460)
[2026.05.30-14.49.59:935][562]LogModuleManager: Shutting down and abandoning module SourceControl (459)
[2026.05.30-14.49.59:935][562]LogModuleManager: Shutting down and abandoning module CLionSourceCodeAccess (456)
[2026.05.30-14.49.59:935][562]LogModuleManager: Shutting down and abandoning module AnimationSharingEd (454)
[2026.05.30-14.49.59:935][562]LogModuleManager: Shutting down and abandoning module OodleNetworkHandlerComponent (452)
[2026.05.30-14.49.59:935][562]LogModuleManager: Shutting down and abandoning module SpeedTreeImporter (450)
[2026.05.30-14.49.59:935][562]LogModuleManager: Shutting down and abandoning module MobileLauncherProfileWizard (448)
[2026.05.30-14.49.59:935][562]LogModuleManager: Shutting down and abandoning module PluginBrowser (446)
[2026.05.30-14.49.59:935][562]LogModuleManager: Shutting down and abandoning module MaterialAnalyzer (444)
[2026.05.30-14.49.59:936][562]LogModuleManager: Shutting down and abandoning module CurveEditorTools (442)
[2026.05.30-14.49.59:936][562]LogModuleManager: Shutting down and abandoning module CryptoKeysOpenSSL (440)
[2026.05.30-14.49.59:936][562]LogModuleManager: Shutting down and abandoning module CryptoKeys (438)
[2026.05.30-14.49.59:936][562]LogModuleManager: Shutting down and abandoning module LightPropagationVolumeEditor (436)
[2026.05.30-14.49.59:936][562]LogModuleManager: Shutting down and abandoning module LiveLinkSequencer (434)
[2026.05.30-14.49.59:936][562]LogModuleManager: Shutting down and abandoning module LiveLinkMovieScene (432)
[2026.05.30-14.49.59:936][562]LogModuleManager: Shutting down and abandoning module LiveLinkGraphNode (430)
[2026.05.30-14.49.59:936][562]LogModuleManager: Shutting down and abandoning module LiveLinkEditor (428)
[2026.05.30-14.49.59:936][562]LogModuleManager: Shutting down and abandoning module LiveLinkComponents (426)
[2026.05.30-14.49.59:936][562]LogModuleManager: Shutting down and abandoning module LiveLink (424)
[2026.05.30-14.49.59:989][562]LogModuleManager: Shutting down and abandoning module PaperTiledImporter (422)
[2026.05.30-14.49.59:989][562]LogModuleManager: Shutting down and abandoning module PaperSpriteSheetImporter (420)
[2026.05.30-14.49.59:989][562]LogModuleManager: Shutting down and abandoning module Paper2DEditor (418)
[2026.05.30-14.49.59:992][562]LogModuleManager: Shutting down and abandoning module WakatimeIntegration (416)
[2026.05.30-14.49.59:992][562]LogModuleManager: Shutting down and abandoning module MeshPaintingToolset (414)
[2026.05.30-14.49.59:992][562]LogModuleManager: Shutting down and abandoning module MeshPaintEditorMode (412)
[2026.05.30-14.49.59:992][562]LogModuleManager: Shutting down and abandoning module SoundFields (410)
[2026.05.30-14.49.59:992][562]LogModuleManager: Shutting down and abandoning module SignificanceManager (408)
[2026.05.30-14.49.59:992][562]LogModuleManager: Shutting down and abandoning module RuntimePhysXCooking (406)
[2026.05.30-14.49.59:992][562]LogModuleManager: Shutting down and abandoning module PropertyAccessEditor (404)
[2026.05.30-14.49.59:992][562]LogModuleManager: Shutting down and abandoning module PhysXVehiclesEditor (402)
[2026.05.30-14.49.59:992][562]LogModuleManager: Shutting down and abandoning module LocationServicesBPLibrary (398)
[2026.05.30-14.49.59:992][562]LogModuleManager: Shutting down and abandoning module AudioSynesthesia (396)
[2026.05.30-14.49.59:992][562]LogModuleManager: Shutting down and abandoning module AudioSynesthesiaCore (394)
[2026.05.30-14.49.59:992][562]LogModuleManager: Shutting down and abandoning module ActorSequence (392)
[2026.05.30-14.49.59:992][562]LogModuleManager: Shutting down and abandoning module UdpMessaging (390)
[2026.05.30-14.50.00:093][562]LogModuleManager: Shutting down and abandoning module TcpMessaging (388)
[2026.05.30-14.50.00:194][562]LogModuleManager: Shutting down and abandoning module ImgMediaEngine (386)
[2026.05.30-14.50.00:194][562]LogModuleManager: Shutting down and abandoning module MagicLeapARPin (384)
[2026.05.30-14.50.00:194][562]LogModuleManager: Shutting down and abandoning module MagicLeapHandMeshing (382)
[2026.05.30-14.50.00:194][562]LogModuleManager: Shutting down and abandoning module MagicLeapSecureStorage (380)
[2026.05.30-14.50.00:194][562]LogModuleManager: Shutting down and abandoning module MagicLeapPrivileges (378)
[2026.05.30-14.50.00:194][562]LogModuleManager: Shutting down and abandoning module MagicLeapPlanes (376)
[2026.05.30-14.50.00:194][562]LogMagicLeapPlanes: Planes tracker already destroyed.
[2026.05.30-14.50.00:194][562]LogModuleManager: Shutting down and abandoning module MagicLeapImageTracker (374)
[2026.05.30-14.50.00:195][562]LogModuleManager: Shutting down and abandoning module MagicLeapIdentity (372)
[2026.05.30-14.50.00:195][562]LogModuleManager: Shutting down and abandoning module MagicLeapHandTracking (370)
[2026.05.30-14.50.00:195][562]LogModuleManager: Shutting down and abandoning module MagicLeapEyeTracker (368)
[2026.05.30-14.50.00:195][562]LogModuleManager: Shutting down and abandoning module MagicLeapController (366)
[2026.05.30-14.50.00:196][562]LogModuleManager: Shutting down and abandoning module MagicLeapARPinImpl (364)
[2026.05.30-14.50.00:196][562]LogModuleManager: Shutting down and abandoning module MagicLeapAR (362)
[2026.05.30-14.50.00:196][562]LogModuleManager: Shutting down and abandoning module PythonScriptPlugin (360)
[2026.05.30-14.50.00:196][562]LogModuleManager: Shutting down and abandoning module NiagaraAnimNotifies (358)
[2026.05.30-14.50.00:196][562]LogModuleManager: Shutting down and abandoning module Niagara (356)
[2026.05.30-14.50.00:196][562]LogModuleManager: Shutting down and abandoning module SignalProcessing (355)
[2026.05.30-14.50.00:197][562]LogModuleManager: Shutting down and abandoning module NiagaraEditor (353)
[2026.05.30-14.50.00:198][562]LogModuleManager: Shutting down and abandoning module NiagaraCore (350)
[2026.05.30-14.50.00:198][562]LogModuleManager: Shutting down and abandoning module PropertyAccessNode (348)
[2026.05.30-14.50.00:198][562]LogModuleManager: Shutting down and abandoning module AnimationSharing (346)
[2026.05.30-14.50.00:199][562]LogModuleManager: Shutting down and abandoning module GameplayTagsEditor (344)
[2026.05.30-14.50.00:199][562]LogModuleManager: Shutting down and abandoning module FacialAnimationEditor (342)
[2026.05.30-14.50.00:199][562]LogModuleManager: Shutting down and abandoning module FacialAnimation (340)
[2026.05.30-14.50.00:199][562]LogModuleManager: Shutting down and abandoning module DataValidation (338)
[2026.05.30-14.50.00:199][562]LogModuleManager: Shutting down and abandoning module GameplayCameras (336)
[2026.05.30-14.50.00:199][562]LogModuleManager: Shutting down and abandoning module AssetManagerEditor (334)
[2026.05.30-14.50.00:200][562]LogModuleManager: Shutting down and abandoning module LevelEditor (333)
[2026.05.30-14.50.00:204][562]LogModuleManager: Shutting down and abandoning module PixelInspectorModule (332)
[2026.05.30-14.50.00:205][562]LogModuleManager: Shutting down and abandoning module CommonMenuExtensions (330)
[2026.05.30-14.50.00:205][562]LogModuleManager: Shutting down and abandoning module MainFrame (328)
[2026.05.30-14.50.00:205][562]LogModuleManager: Shutting down and abandoning module HotReload (327)
[2026.05.30-14.50.00:207][562]LogModuleManager: Shutting down and abandoning module ToolMenus (323)
[2026.05.30-14.50.00:207][562]LogModuleManager: Shutting down and abandoning module ContentBrowser (321)
[2026.05.30-14.50.00:207][562]LogModuleManager: Shutting down and abandoning module ContentBrowserData (320)
[2026.05.30-14.50.00:207][562]LogModuleManager: Shutting down and abandoning module TreeMap (317)
[2026.05.30-14.50.00:207][562]LogModuleManager: Shutting down and abandoning module LightPropagationVolumeRuntime (314)
[2026.05.30-14.50.00:207][562]LogModuleManager: Shutting down and abandoning module EnvironmentQueryEditor (312)
[2026.05.30-14.50.00:207][562]LogModuleManager: Shutting down and abandoning module Paper2D (310)
[2026.05.30-14.50.00:207][562]LogModuleManager: Shutting down and abandoning module WindowsMoviePlayer (308)
[2026.05.30-14.50.00:211][562]LogModuleManager: Shutting down and abandoning module WebMMoviePlayer (306)
[2026.05.30-14.50.00:211][562]LogModuleManager: Shutting down and abandoning module NetworkReplayStreaming (304)
[2026.05.30-14.50.00:211][562]LogModuleManager: Shutting down and abandoning module PacketHandler (302)
[2026.05.30-14.50.00:211][562]LogModuleManager: Shutting down and abandoning module ClothingSystemEditor (300)
[2026.05.30-14.50.00:211][562]LogModuleManager: Shutting down and abandoning module ClothingSystemRuntimeNv (298)
[2026.05.30-14.50.00:211][562]LogModuleManager: Shutting down and abandoning module MediaAssets (296)
[2026.05.30-14.50.00:211][562]LogModuleManager: Shutting down and abandoning module Overlay (294)
[2026.05.30-14.50.00:211][562]LogModuleManager: Shutting down and abandoning module OverlayEditor (293)
[2026.05.30-14.50.00:211][562]LogModuleManager: Shutting down and abandoning module VREditor (290)
[2026.05.30-14.50.00:211][562]LogModuleManager: Shutting down and abandoning module StringTableEditor (288)
[2026.05.30-14.50.00:211][562]LogModuleManager: Shutting down and abandoning module GameplayTasksEditor (286)
[2026.05.30-14.50.00:211][562]LogModuleManager: Shutting down and abandoning module BehaviorTreeEditor (284)
[2026.05.30-14.50.00:212][562]LogModuleManager: Shutting down and abandoning module FunctionalTesting (282)
[2026.05.30-14.50.00:212][562]LogModuleManager: Shutting down and abandoning module CollisionAnalyzer (280)
[2026.05.30-14.50.00:212][562]LogModuleManager: Shutting down and abandoning module WorkspaceMenuStructure (279)
[2026.05.30-14.50.00:212][562]LogModuleManager: Shutting down and abandoning module UMG (276)
[2026.05.30-14.50.00:212][562]LogModuleManager: Shutting down and abandoning module UMGEditor (275)
[2026.05.30-14.50.00:212][562]LogModuleManager: Shutting down and abandoning module MessageLog (273)
[2026.05.30-14.50.00:212][562]LogModuleManager: Shutting down and abandoning module SlateReflector (268)
[2026.05.30-14.50.00:212][562]LogModuleManager: Shutting down and abandoning module Slate (266)
[2026.05.30-14.50.00:212][562]LogModuleManager: Shutting down and abandoning module SlateCore (264)
[2026.05.30-14.50.00:216][562]LogModuleManager: Shutting down and abandoning module LandscapeEditorUtilities (262)
[2026.05.30-14.50.00:216][562]LogModuleManager: Shutting down and abandoning module UnrealEd (260)
[2026.05.30-14.50.00:216][562]LogModuleManager: Shutting down and abandoning module MRMesh (258)
[2026.05.30-14.50.00:216][562]LogModuleManager: Shutting down and abandoning module SourceCodeAccess (256)
[2026.05.30-14.50.00:216][562]LogModuleManager: Shutting down and abandoning module HeadMountedDisplay (254)
[2026.05.30-14.50.00:216][562]LogModuleManager: Shutting down and abandoning module XAudio2 (252)
[2026.05.30-14.50.00:216][562]LogModuleManager: Shutting down and abandoning module Networking (250)
[2026.05.30-14.50.00:216][562]LogModuleManager: Shutting down and abandoning module Core (248)
[2026.05.30-14.50.00:216][562]LogModuleManager: Shutting down and abandoning module MaterialEditor (246)
[2026.05.30-14.50.00:216][562]LogModuleManager: Shutting down and abandoning module MovieSceneTools (244)
[2026.05.30-14.50.00:216][562]LogModuleManager: Shutting down and abandoning module CurveEditor (243)
[2026.05.30-14.50.00:217][562]LogModuleManager: Shutting down and abandoning module Sequencer (241)
[2026.05.30-14.50.00:217][562]LogModuleManager: Shutting down and abandoning module EditorStyle (240)
[2026.05.30-14.50.00:219][562]LogModuleManager: Shutting down and abandoning module KismetCompiler (236)
[2026.05.30-14.50.00:219][562]LogModuleManager: Shutting down and abandoning module MeshBuilder (234)
[2026.05.30-14.50.00:219][562]LogModuleManager: Shutting down and abandoning module MeshUtilities (232)
[2026.05.30-14.50.00:219][562]LogModuleManager: Shutting down and abandoning module MeshMergeUtilities (231)
[2026.05.30-14.50.00:219][562]LogModuleManager: Shutting down and abandoning module MeshReductionInterface (230)
[2026.05.30-14.50.00:219][562]LogModuleManager: Shutting down and abandoning module MeshBoneReduction (229)
[2026.05.30-14.50.00:219][562]LogModuleManager: Shutting down and abandoning module SkeletalMeshReduction (227)
[2026.05.30-14.50.00:219][562]LogModuleManager: Shutting down and abandoning module ProxyLODMeshReduction (225)
[2026.05.30-14.50.00:219][562]LogModuleManager: Shutting down and abandoning module QuadricMeshReduction (223)
[2026.05.30-14.50.00:220][562]LogModuleManager: Shutting down and abandoning module MaterialBaking (219)
[2026.05.30-14.50.00:220][562]LogModuleManager: Shutting down and abandoning module NullInstallBundleManager (214)
[2026.05.30-14.50.00:220][562]LogModuleManager: Shutting down and abandoning module DerivedDataCache (212)
[2026.05.30-14.50.00:220][562]LogModuleManager: Shutting down and abandoning module TargetPlatform (210)
[2026.05.30-14.50.00:220][562]LogModuleManager: Shutting down and abandoning module VulkanShaderFormat (209)
[2026.05.30-14.50.00:220][562]LogModuleManager: Shutting down and abandoning module ShaderFormatVectorVM (207)
[2026.05.30-14.50.00:220][562]LogModuleManager: Shutting down and abandoning module ShaderFormatOpenGL (205)
[2026.05.30-14.50.00:220][562]LogModuleManager: Shutting down and abandoning module ShaderFormatD3D (203)
[2026.05.30-14.50.00:220][562]LogModuleManager: Shutting down and abandoning module MetalShaderFormat (201)
[2026.05.30-14.50.00:220][562]LogModuleManager: Shutting down and abandoning module TextureFormatOodle (199)
[2026.05.30-14.50.00:220][562]LogModuleManager: Shutting down and abandoning module TextureFormatUncompressed (197)
[2026.05.30-14.50.00:220][562]LogModuleManager: Shutting down and abandoning module TextureFormatPVR (195)
[2026.05.30-14.50.00:220][562]LogModuleManager: Shutting down and abandoning module TextureFormatETC2 (193)
[2026.05.30-14.50.00:220][562]LogModuleManager: Shutting down and abandoning module TextureFormatDXT (191)
[2026.05.30-14.50.00:220][562]LogModuleManager: Shutting down and abandoning module TextureFormatIntelISPCTexComp (189)
[2026.05.30-14.50.00:221][562]LogModuleManager: Shutting down and abandoning module TextureFormatASTC (187)
[2026.05.30-14.50.00:221][562]LogModuleManager: Shutting down and abandoning module ImageWrapper (186)
[2026.05.30-14.50.00:221][562]LogModuleManager: Shutting down and abandoning module AudioFormatOpus (183)
[2026.05.30-14.50.00:221][562]LogModuleManager: Shutting down and abandoning module AudioFormatOgg (181)
[2026.05.30-14.50.00:221][562]LogModuleManager: Shutting down and abandoning module AudioFormatADPCM (179)
[2026.05.30-14.50.00:221][562]LogModuleManager: Shutting down and abandoning module WindowsServerTargetPlatform (177)
[2026.05.30-14.50.00:221][562]LogModuleManager: Shutting down and abandoning module WindowsClientTargetPlatform (175)
[2026.05.30-14.50.00:221][562]LogModuleManager: Shutting down and abandoning module WindowsTargetPlatform (173)
[2026.05.30-14.50.00:221][562]LogModuleManager: Shutting down and abandoning module WindowsNoEditorTargetPlatform (171)
[2026.05.30-14.50.00:221][562]LogModuleManager: Shutting down and abandoning module TVOSTargetPlatform (169)
[2026.05.30-14.50.00:224][562]LogModuleManager: Shutting down and abandoning module MacServerTargetPlatform (167)
[2026.05.30-14.50.00:224][562]LogModuleManager: Shutting down and abandoning module MacClientTargetPlatform (165)
[2026.05.30-14.50.00:224][562]LogModuleManager: Shutting down and abandoning module MacTargetPlatform (163)
[2026.05.30-14.50.00:224][562]LogModuleManager: Shutting down and abandoning module MacNoEditorTargetPlatform (161)
[2026.05.30-14.50.00:224][562]LogModuleManager: Shutting down and abandoning module LuminTargetPlatform (159)
[2026.05.30-14.50.00:226][562]LogModuleManager: Shutting down and abandoning module LinuxAArch64ServerTargetPlatform (157)
[2026.05.30-14.50.00:226][562]LogModuleManager: Shutting down and abandoning module LinuxAArch64ClientTargetPlatform (155)
[2026.05.30-14.50.00:226][562]LogModuleManager: Shutting down and abandoning module LinuxAArch64NoEditorTargetPlatform (153)
[2026.05.30-14.50.00:226][562]LogModuleManager: Shutting down and abandoning module LinuxServerTargetPlatform (151)
[2026.05.30-14.50.00:226][562]LogModuleManager: Shutting down and abandoning module LinuxClientTargetPlatform (149)
[2026.05.30-14.50.00:226][562]LogModuleManager: Shutting down and abandoning module LinuxNoEditorTargetPlatform (147)
[2026.05.30-14.50.00:226][562]LogModuleManager: Shutting down and abandoning module LinuxTargetPlatform (145)
[2026.05.30-14.50.00:226][562]LogModuleManager: Shutting down and abandoning module Messaging (143)
[2026.05.30-14.50.00:227][562]LogModuleManager: Shutting down and abandoning module IOSTargetPlatform (141)
[2026.05.30-14.50.00:228][562]LogModuleManager: Shutting down and abandoning module AndroidTargetPlatform (139)
[2026.05.30-14.50.00:237][562]LogModuleManager: Shutting down and abandoning module AllDesktopTargetPlatform (137)
[2026.05.30-14.50.00:237][562]LogModuleManager: Shutting down and abandoning module D3D11RHI (134)
[2026.05.30-14.50.00:237][562]LogModuleManager: Shutting down and abandoning module InputCore (132)
[2026.05.30-14.50.00:237][562]LogModuleManager: Shutting down and abandoning module Settings (130)
[2026.05.30-14.50.00:237][562]LogModuleManager: Shutting down and abandoning module DirectoryWatcher (128)
[2026.05.30-14.50.00:238][562]LogModuleManager: Shutting down and abandoning module PhysXCooking (126)
[2026.05.30-14.50.00:238][562]LogModuleManager: Shutting down and abandoning module Chaos (124)
[2026.05.30-14.50.00:238][562]LogModuleManager: Shutting down and abandoning module WindowsPlatformFeatures (122)
[2026.05.30-14.50.00:238][562]LogModuleManager: Shutting down and abandoning module GameplayMediaEncoder (121)
[2026.05.30-14.50.00:238][562]LogModuleManager: Shutting down and abandoning module AVEncoder (120)
[2026.05.30-14.50.00:239][562]LogModuleManager: Shutting down and abandoning module SteamVRInputDevice (116)
[2026.05.30-14.50.00:239][562]LogModuleManager: Shutting down and abandoning module SteamVRInput (114)
[2026.05.30-14.50.00:239][562]LogModuleManager: Shutting down and abandoning module SteamVR (112)
[2026.05.30-14.50.00:239][562]LogHMD: Freeing OpenVRDLLHandle.
[2026.05.30-14.50.00:239][562]LogModuleManager: Shutting down and abandoning module OculusHMD (110)
[2026.05.30-14.50.00:239][562]LogModuleManager: Shutting down and abandoning module OpenXRHandTracking (108)
[2026.05.30-14.50.00:240][562]LogSlate: Slate User Destroyed.  User Index 0, Is Virtual User: 0
[2026.05.30-14.50.00:240][562]LogModuleManager: Shutting down and abandoning module OpenXREyeTracker (106)
[2026.05.30-14.50.00:240][562]LogModuleManager: Shutting down and abandoning module OpenXRAR (104)
[2026.05.30-14.50.00:240][562]LogModuleManager: Shutting down and abandoning module AugmentedReality (103)
[2026.05.30-14.50.00:240][562]LogModuleManager: Shutting down and abandoning module OpenXRHMD (100)
[2026.05.30-14.50.00:240][562]LogModuleManager: Shutting down and abandoning module ExampleDeviceProfileSelector (98)
[2026.05.30-14.50.00:240][562]LogModuleManager: Shutting down and abandoning module ChunkDownloader (96)
[2026.05.30-14.50.00:240][562]LogModuleManager: Shutting down and abandoning module LauncherChunkInstaller (94)
[2026.05.30-14.50.00:240][562]LogModuleManager: Shutting down and abandoning module OnlineBlueprintSupport (92)
[2026.05.30-14.50.00:240][562]LogModuleManager: Shutting down and abandoning module OnlineSubsystem (88)
[2026.05.30-14.50.00:243][562]LogModuleManager: Shutting down and abandoning module XMPP (83)
[2026.05.30-14.50.00:243][562]LogModuleManager: Shutting down and abandoning module WebSockets (82)
[2026.05.30-14.50.00:281][562]LogModuleManager: Shutting down and abandoning module HTTP (79)
[2026.05.30-14.50.00:281][562]LogHttp: Display: Http module shutting down, but needs to wait on 1 outstanding Http requests:
[2026.05.30-14.50.00:281][562]LogHttp: Display: 	verb=[POST] url=[https://datarouter.ol.epicgames.com/datarouter/api/v1/public/data?SessionID=%7BB7F9587D-47F5-679E-E676-C38E5B887A05%7D&AppID=UEEditor.Rocket.Release&AppVersion=4.27.2-18319896%2B%2B%2BUE4%2BRelease-4.27&UserID=f377eb1a4dfafe8dd739c8b598f03754%7Cabced1c5a32445ae940123eae20d7177%7C4c5740ad-5660-4228-a168-e31eb177de0d&AppEnvironment=datacollector-binary&UploadType=eteventstream] refs=[1] status=Processing
[2026.05.30-14.50.00:281][562]LogHttp: Display: cleaning up 1 outstanding Http requests.
[2026.05.30-14.50.00:312][562]LogModuleManager: Shutting down and abandoning module SSL (78)
[2026.05.30-14.50.00:316][562]LogModuleManager: Shutting down and abandoning module WmfMedia (74)
[2026.05.30-14.50.00:320][562]LogModuleManager: Shutting down and abandoning module Media (73)
[2026.05.30-14.50.00:322][562]LogModuleManager: Shutting down and abandoning module MediaInfo (72)
[2026.05.30-14.50.00:322][562]LogModuleManager: Shutting down and abandoning module ExrReaderGpu (68)
[2026.05.30-14.50.00:322][562]LogModuleManager: Shutting down and abandoning module MLSDK (66)
[2026.05.30-14.50.00:322][562]LogModuleManager: Shutting down and abandoning module MagicLeap (64)
[2026.05.30-14.50.00:322][562]LogModuleManager: Shutting down and abandoning module VariantManagerContent (62)
[2026.05.30-14.50.00:322][562]LogModuleManager: Shutting down and abandoning module DatasmithContent (60)
[2026.05.30-14.50.00:322][562]LogModuleManager: Shutting down and abandoning module NiagaraVertexFactories (58)
[2026.05.30-14.50.00:322][562]LogModuleManager: Shutting down and abandoning module NiagaraShader (56)
[2026.05.30-14.50.00:322][562]LogModuleManager: Shutting down and abandoning module ChaosCloth (54)
[2026.05.30-14.50.00:322][562]LogModuleManager: Shutting down and abandoning module PixWinPlugin (52)
[2026.05.30-14.50.00:322][562]LogModuleManager: Shutting down and abandoning module AISupportModule (50)
[2026.05.30-14.50.00:322][562]LogModuleManager: Shutting down and abandoning module DesktopPlatform (48)
[2026.05.30-14.50.00:322][562]LogModuleManager: Shutting down and abandoning module PlatformCryptoOpenSSL (46)
[2026.05.30-14.50.00:322][562]LogModuleManager: Shutting down and abandoning module PlatformCryptoTypes (44)
[2026.05.30-14.50.00:322][562]LogModuleManager: Shutting down and abandoning module PlatformCrypto (42)
[2026.05.30-14.50.00:322][562]LogModuleManager: Shutting down and abandoning module PythonScriptPluginPreload (40)
[2026.05.30-14.50.00:322][562]LogModuleManager: Shutting down and abandoning module OodleDataCompressionFormat (38)
[2026.05.30-14.50.00:322][562]LogModuleManager: Shutting down and abandoning module XGEController (36)
[2026.05.30-14.50.00:323][562]LogModuleManager: Shutting down and abandoning module AnimationModifiers (34)
[2026.05.30-14.50.00:323][562]LogModuleManager: Shutting down and abandoning module AudioEditor (32)
[2026.05.30-14.50.00:323][562]LogModuleManager: Shutting down and abandoning module PropertyEditor (31)
[2026.05.30-14.50.00:323][562]LogModuleManager: Shutting down and abandoning module TextureCompressor (28)
[2026.05.30-14.50.00:323][562]LogModuleManager: Shutting down and abandoning module RenderCore (26)
[2026.05.30-14.50.00:323][562]LogModuleManager: Shutting down and abandoning module Landscape (24)
[2026.05.30-14.50.00:323][562]LogModuleManager: Shutting down and abandoning module SlateRHIRenderer (22)
[2026.05.30-14.50.00:324][562]LogModuleManager: Shutting down and abandoning module AnimGraphRuntime (20)
[2026.05.30-14.50.00:324][562]LogModuleManager: Shutting down and abandoning module Renderer (18)
[2026.05.30-14.50.00:324][562]LogModuleManager: Shutting down and abandoning module Engine (16)
[2026.05.30-14.50.00:325][562]LogModuleManager: Shutting down and abandoning module CoreUObject (14)
[2026.05.30-14.50.00:325][562]LogModuleManager: Shutting down and abandoning module NetworkFile (12)
[2026.05.30-14.50.00:325][562]LogModuleManager: Shutting down and abandoning module CookedIterativeFile (10)
[2026.05.30-14.50.00:325][562]LogModuleManager: Shutting down and abandoning module StreamingFile (8)
[2026.05.30-14.50.00:325][562]LogModuleManager: Shutting down and abandoning module SandboxFile (6)
[2026.05.30-14.50.00:325][562]LogModuleManager: Shutting down and abandoning module PakFile (4)
[2026.05.30-14.50.00:325][562]LogModuleManager: Shutting down and abandoning module RSA (3)
[2026.05.30-14.50.00:325][562]LogContentStreaming: Display: There are 1 unreleased StreamingManagers
[2026.05.30-14.50.00:335][562]LogD3D11RHI: Shutdown
[2026.05.30-14.50.00:335][562]LogD3D11RHI: CleanupD3DDevice
[2026.05.30-14.50.00:358][562]LogD3D11RHI: Intel Extensions Framework unloaded
[2026.05.30-14.50.00:363][562]LogD3D11RHI: [IntelMetricsDiscovery] Stopped
[2026.05.30-14.50.00:363][562]LogExit: Exiting.
[2026.05.30-14.50.00:370][562]Log file closed, 05/30/26 20:20:00
