Log file open, 08/23/26 02:23:07
LogWindows: Failed to load 'aqProf.dll' (GetLastError=126)
LogWindows: File 'aqProf.dll' does not exist
LogWindows: Failed to load 'VtuneApi.dll' (GetLastError=126)
LogWindows: File 'VtuneApi.dll' does not exist
LogWindows: Failed to load 'VtuneApi32e.dll' (GetLastError=126)
LogWindows: File 'VtuneApi32e.dll' does not exist
LogConsoleResponse: Display: Failed to find resolution value strings in scalability ini. Falling back to default.
LogConsoleResponse: Display: Failed to find resolution value strings in scalability ini. Falling back to default.
LogInit: Display: Running engine for game: Event_Horizon_SOL_V2
LogPlatformFile: Not using cached read wrapper
LogTaskGraph: Started task graph with 5 named threads and 11 total threads with 3 sets of task threads.
LogStats: Stats thread started at 0.499405
LogICUInternationalization: ICU TimeZone Detection - Raw Offset: +5:30, Platform Override: ''
LogInit: Display: Loading text-based GConfig....
LogPluginManager: Mounting plugin MeshPainting
LogPluginManager: Mounting plugin WakatimeIntegration
LogPluginManager: Mounting plugin XGEController
LogPluginManager: Mounting plugin Paper2D
LogPluginManager: Mounting plugin LiveLink
LogPluginManager: Mounting plugin LightPropagationVolume
LogPluginManager: Mounting plugin AISupport
LogPluginManager: Mounting plugin EnvironmentQueryEditor
LogPluginManager: Mounting plugin CameraShakePreviewer
LogPluginManager: Mounting plugin GameplayCameras
LogPluginManager: Mounting plugin OodleData
LogPluginManager: Mounting plugin OodleNetwork
LogPluginManager: Mounting plugin AnimationSharing
LogPluginManager: Mounting plugin CLionSourceCodeAccess
LogPluginManager: Mounting plugin CodeLiteSourceCodeAccess
LogPluginManager: Mounting plugin GitSourceControl
LogPluginManager: Mounting plugin KDevelopSourceCodeAccess
LogPluginManager: Mounting plugin NullSourceCodeAccess
LogPluginManager: Mounting plugin PerforceSourceControl
LogPluginManager: Mounting plugin PlasticSourceControl
LogPluginManager: Mounting plugin PixWinPlugin
LogPluginManager: Mounting plugin PluginUtils
LogPluginManager: Mounting plugin PropertyAccessNode
LogPluginManager: Mounting plugin RiderSourceCodeAccess
LogPluginManager: Mounting plugin SubversionSourceControl
LogPluginManager: Mounting plugin TextureFormatOodle
LogPluginManager: Mounting plugin UObjectPlugin
LogPluginManager: Mounting plugin VisualStudioCodeSourceCodeAccess
LogPluginManager: Mounting plugin VisualStudioSourceCodeAccess
LogPluginManager: Mounting plugin XCodeSourceCodeAccess
LogPluginManager: Mounting plugin AssetManagerEditor
LogPluginManager: Mounting plugin CryptoKeys
LogPluginManager: Mounting plugin CurveEditorTools
LogPluginManager: Mounting plugin DataValidation
LogPluginManager: Mounting plugin FacialAnimation
LogPluginManager: Mounting plugin GameplayTagsEditor
LogPluginManager: Mounting plugin GeometryMode
LogPluginManager: Mounting plugin MacGraphicsSwitching
LogPluginManager: Mounting plugin MaterialAnalyzer
LogPluginManager: Mounting plugin MobileLauncherProfileWizard
LogPluginManager: Mounting plugin PluginBrowser
LogPluginManager: Mounting plugin SpeedTreeImporter
LogPluginManager: Mounting plugin DatasmithContent
LogPluginManager: Mounting plugin VariantManagerContent
LogPluginManager: Mounting plugin Niagara
LogPluginManager: Mounting plugin AlembicImporter
LogPluginManager: Mounting plugin AutomationUtils
LogPluginManager: Mounting plugin BackChannel
LogPluginManager: Mounting plugin ChaosCloth
LogPluginManager: Mounting plugin ChaosClothEditor
LogPluginManager: Mounting plugin ChaosNiagara
LogPluginManager: Mounting plugin ChaosEditor
LogPluginManager: Mounting plugin ChaosSolverPlugin
LogPluginManager: Mounting plugin CharacterAI
LogPluginManager: Mounting plugin GeometryCache
LogPluginManager: Mounting plugin GeometryCollectionPlugin
LogPluginManager: Mounting plugin GeometryProcessing
LogPluginManager: Mounting plugin MotoSynth
LogPluginManager: Mounting plugin OpenImageDenoise
LogPluginManager: Mounting plugin PlanarCut
LogPluginManager: Mounting plugin PlatformCrypto
LogPluginManager: Mounting plugin ProxyLODPlugin
LogPluginManager: Mounting plugin PythonScriptPlugin
LogPluginManager: Mounting plugin SkeletalReduction
LogPluginManager: Mounting plugin LuminPlatformFeatures
LogPluginManager: Mounting plugin MagicLeap
LogPluginManager: Mounting plugin MagicLeapLightEstimation
LogPluginManager: Mounting plugin MagicLeapMedia
LogPluginManager: Mounting plugin MagicLeapPassableWorld
LogPluginManager: Mounting plugin MLSDK
LogPluginManager: Mounting plugin AndroidMedia
LogPluginManager: Mounting plugin AvfMedia
LogPluginManager: Mounting plugin ImgMedia
LogPluginManager: Mounting plugin MediaCompositing
LogPluginManager: Mounting plugin MediaPlayerEditor
LogPluginManager: Mounting plugin WebMMedia
LogPluginManager: Mounting plugin WmfMedia
LogPluginManager: Mounting plugin TcpMessaging
LogPluginManager: Mounting plugin UdpMessaging
LogPluginManager: Mounting plugin ActorSequence
LogPluginManager: Mounting plugin LevelSequenceEditor
LogPluginManager: Mounting plugin MatineeToLevelSequence
LogPluginManager: Mounting plugin TemplateSequence
LogPluginManager: Mounting plugin OnlineSubsystem
LogPluginManager: Mounting plugin OnlineSubsystemNull
LogPluginManager: Mounting plugin OnlineSubsystemUtils
LogPluginManager: Mounting plugin LauncherChunkInstaller
LogPluginManager: Mounting plugin ActorLayerUtilities
LogPluginManager: Mounting plugin AndroidDeviceProfileSelector
LogPluginManager: Mounting plugin AndroidMoviePlayer
LogPluginManager: Mounting plugin AndroidPermission
LogPluginManager: Mounting plugin AppleImageUtils
LogPluginManager: Mounting plugin AppleMoviePlayer
LogPluginManager: Mounting plugin ArchVisCharacter
LogPluginManager: Mounting plugin AssetTags
LogPluginManager: Mounting plugin AudioCapture
LogPluginManager: Mounting plugin AudioSynesthesia
LogPluginManager: Mounting plugin ChunkDownloader
LogPluginManager: Mounting plugin CableComponent
LogPluginManager: Mounting plugin CustomMeshComponent
LogPluginManager: Mounting plugin EditableMesh
LogPluginManager: Mounting plugin ExampleDeviceProfileSelector
LogPluginManager: Mounting plugin GoogleCloudMessaging
LogPluginManager: Mounting plugin GooglePAD
LogPluginManager: Mounting plugin IOSDeviceProfileSelector
LogPluginManager: Mounting plugin LinuxDeviceProfileSelector
LogPluginManager: Mounting plugin LocationServicesBPLibrary
LogPluginManager: Mounting plugin MobilePatchingUtils
LogPluginManager: Mounting plugin OpenXR
LogPluginManager: Mounting plugin OpenXREyeTracker
LogPluginManager: Mounting plugin OpenXRHandTracking
LogPluginManager: Mounting plugin PhysXVehicles
LogPluginManager: Mounting plugin PostSplashScreen
LogPluginManager: Mounting plugin PropertyAccessEditor
LogPluginManager: Mounting plugin ProceduralMeshComponent
LogPluginManager: Mounting plugin RuntimePhysXCooking
LogPluginManager: Mounting plugin SignificanceManager
LogPluginManager: Mounting plugin SoundFields
LogPluginManager: Mounting plugin Synthesis
LogPluginManager: Mounting plugin WebMMoviePlayer
LogPluginManager: Mounting plugin WindowsMoviePlayer
LogPluginManager: Mounting plugin ScreenshotTools
LogPluginManager: Mounting plugin Takes
LogPluginManager: Mounting plugin ContentBrowserAssetDataSource
LogPluginManager: Mounting plugin ContentBrowserClassDataSource
LogPluginManager: Mounting plugin ContentBrowserFileDataSource
LogPluginManager: Mounting plugin OnlineSubsystemGooglePlay
LogPluginManager: Mounting plugin OnlineSubsystemIOS
LogPluginManager: Mounting plugin OculusVR
LogPluginManager: Mounting plugin SteamVR
PixWinPlugin: PIX capture plugin failed to initialize! Check that the process is launched from PIX.
LogInit: Using libcurl 7.55.1-DEV
LogInit:  - built for x86_64-pc-win32
LogInit:  - supports SSL with OpenSSL/1.1.1
LogInit:  - supports HTTP deflate (compression) using libz 1.2.8
LogInit:  - other features:
LogInit:      CURL_VERSION_SSL
LogInit:      CURL_VERSION_LIBZ
LogInit:      CURL_VERSION_IPV6
LogInit:      CURL_VERSION_ASYNCHDNS
LogInit:      CURL_VERSION_LARGEFILE
LogInit:      CURL_VERSION_IDN
LogInit:  CurlRequestOptions (configurable via config and command line):
LogInit:  - bVerifyPeer = true  - Libcurl will verify peer certificate
LogInit:  - bUseHttpProxy = false  - Libcurl will NOT use HTTP proxy
LogInit:  - bDontReuseConnections = false  - Libcurl will reuse connections
LogInit:  - MaxHostConnections = 16  - Libcurl will limit the number of connections to a host
LogInit:  - LocalHostAddr = Default
LogInit:  - BufferSize = 65536
LogOnline: OSS: Creating online subsystem instance for: NULL
LogInit: WinSock: version 1.1 (2.2), MaxSocks=32767, MaxUdp=65467
LogOnline: OSS: TryLoadSubsystemAndSetDefault: Loaded subsystem for module [NULL]
LogOculusPluginWrapper: OculusPlugin initialized successfully
LogHMD: Failed initializing OVRPlugin 1.59.0
LogInit: Build: ++UE4+Release-4.27-CL-18319896
LogInit: Engine Version: 4.27.2-18319896+++UE4+Release-4.27
LogInit: Compatible Engine Version: 4.27.0-17155196+++UE4+Release-4.27
LogInit: Net CL: 17155196
LogInit: OS: Windows 10 (Release 2009) (), CPU: Intel(R) Core(TM) i5-6200U CPU @ 2.30GHz, GPU: Intel(R) HD Graphics 520
LogInit: Compiled (64-bit): Nov 30 2021 07:12:08
LogInit: Compiled with Visual C++: 19.24.28315.00
LogInit: Build Configuration: Development
LogInit: Branch Name: ++UE4+Release-4.27
LogInit: Command Line: 
LogInit: Base Directory: C:/Program Files/Epic Games/UE_4.27/Engine/Binaries/Win64/
LogInit: Allocator: TBB
LogInit: Installed Engine Build: 1
LogDevObjectVersion: Number of dev versions registered: 29
LogDevObjectVersion:   Dev-Blueprints (B0D832E4-1F89-4F0D-ACCF-7EB736FD4AA2): 10
LogDevObjectVersion:   Dev-Build (E1C64328-A22C-4D53-A36C-8E866417BD8C): 0
LogDevObjectVersion:   Dev-Core (375EC13C-06E4-48FB-B500-84F0262A717E): 4
LogDevObjectVersion:   Dev-Editor (E4B068ED-F494-42E9-A231-DA0B2E46BB41): 40
LogDevObjectVersion:   Dev-Framework (CFFC743F-43B0-4480-9391-14DF171D2073): 37
LogDevObjectVersion:   Dev-Mobile (B02B49B5-BB20-44E9-A304-32B752E40360): 3
LogDevObjectVersion:   Dev-Networking (A4E4105C-59A1-49B5-A7C5-40C4547EDFEE): 0
LogDevObjectVersion:   Dev-Online (39C831C9-5AE6-47DC-9A44-9C173E1C8E7C): 0
LogDevObjectVersion:   Dev-Physics (78F01B33-EBEA-4F98-B9B4-84EACCB95AA2): 14
LogDevObjectVersion:   Dev-Platform (6631380F-2D4D-43E0-8009-CF276956A95A): 0
LogDevObjectVersion:   Dev-Rendering (12F88B9F-8875-4AFC-A67C-D90C383ABD29): 45
LogDevObjectVersion:   Dev-Sequencer (7B5AE74C-D270-4C10-A958-57980B212A5A): 13
LogDevObjectVersion:   Dev-VR (D7296918-1DD6-4BDD-9DE2-64A83CC13884): 3
LogDevObjectVersion:   Dev-LoadTimes (C2A15278-BFE7-4AFE-6C17-90FF531DF755): 1
LogDevObjectVersion:   Private-Geometry (6EACA3D4-40EC-4CC1-B786-8BED09428FC5): 3
LogDevObjectVersion:   Dev-AnimPhys (29E575DD-E0A3-4627-9D10-D276232CDCEA): 17
LogDevObjectVersion:   Dev-Anim (AF43A65D-7FD3-4947-9873-3E8ED9C1BB05): 15
LogDevObjectVersion:   Dev-ReflectionCapture (6B266CEC-1EC7-4B8F-A30B-E4D90942FC07): 1
LogDevObjectVersion:   Dev-Automation (0DF73D61-A23F-47EA-B727-89E90C41499A): 1
LogDevObjectVersion:   FortniteMain (601D1886-AC64-4F84-AA16-D3DE0DEAC7D6): 47
LogDevObjectVersion:   FortniteRelease (E7086368-6B23-4C58-8439-1B7016265E91): 1
LogDevObjectVersion:   Dev-Enterprise (9DFFBCD6-494F-0158-E221-12823C92A888): 10
LogDevObjectVersion:   Dev-Niagara (F2AED0AC-9AFE-416F-8664-AA7FFA26D6FC): 1
LogDevObjectVersion:   Dev-Destruction (174F1F0B-B4C6-45A5-B13F-2EE8D0FB917D): 10
LogDevObjectVersion:   Dev-Physics-Ext (35F94A83-E258-406C-A318-09F59610247C): 41
LogDevObjectVersion:   Dev-PhysicsMaterial-Chaos (B68FC16E-8B1B-42E2-B453-215C058844FE): 1
LogDevObjectVersion:   Dev-CineCamera (B2E18506-4273-CFC2-A54E-F4BB758BBA07): 1
LogDevObjectVersion:   Dev-VirtualProduction (64F58936-FD1B-42BA-BA96-7289D5D0FA4E): 1
LogDevObjectVersion:   Dev-MediaFramework (6F0ED827-A609-4895-9C91-998D90180EA4): 2
LogInit: Presizing for max 25165824 objects, including 0 objects not considered by GC, pre-allocating 0 bytes for permanent pool.
LogConfig: Applying CVar settings from Section [/Script/Engine.StreamingSettings] File [D:/Event_Horizon_SOL_V2/Saved/Config/Windows/Engine.ini]
LogConfig: Setting CVar [[s.MinBulkDataSizeForAsyncLoading:131072]]
LogConfig: Setting CVar [[s.AsyncLoadingThreadEnabled:0]]
LogConfig: Setting CVar [[s.EventDrivenLoaderEnabled:1]]
LogConfig: Setting CVar [[s.WarnIfTimeLimitExceeded:0]]
LogConfig: Setting CVar [[s.TimeLimitExceededMultiplier:1.5]]
LogConfig: Setting CVar [[s.TimeLimitExceededMinTime:0.005]]
LogConfig: Setting CVar [[s.UseBackgroundLevelStreaming:1]]
LogConfig: Setting CVar [[s.PriorityAsyncLoadingExtraTime:15.0]]
LogConfig: Setting CVar [[s.LevelStreamingActorsUpdateTimeLimit:5.0]]
LogConfig: Setting CVar [[s.PriorityLevelStreamingActorsUpdateExtraTime:5.0]]
LogConfig: Setting CVar [[s.LevelStreamingComponentsRegistrationGranularity:10]]
LogConfig: Setting CVar [[s.UnregisterComponentsTimeLimit:1.0]]
LogConfig: Setting CVar [[s.LevelStreamingComponentsUnregistrationGranularity:5]]
LogConfig: Setting CVar [[s.FlushStreamingOnExit:1]]
LogInit: Object subsystem initialized
LogConfig: Setting CVar [[con.DebugEarlyDefault:1]]
LogConfig: Setting CVar [[r.setres:1280x720]]
[2026.08.22-20.53.08:490][  0]LogConfig: Setting CVar [[r.VSync:0]]
[2026.08.22-20.53.08:490][  0]LogConfig: Setting CVar [[r.RHICmdBypass:0]]
[2026.08.22-20.53.08:490][  0]LogConfig: Applying CVar settings from Section [/Script/Engine.RendererSettings] File [D:/Event_Horizon_SOL_V2/Saved/Config/Windows/Engine.ini]
[2026.08.22-20.53.08:490][  0]LogConfig: Setting CVar [[r.GPUCrashDebugging:0]]
[2026.08.22-20.53.08:490][  0]LogConfig: Applying CVar settings from Section [/Script/Engine.RendererOverrideSettings] File [D:/Event_Horizon_SOL_V2/Saved/Config/Windows/Engine.ini]
[2026.08.22-20.53.08:490][  0]LogConfig: Applying CVar settings from Section [/Script/Engine.StreamingSettings] File [D:/Event_Horizon_SOL_V2/Saved/Config/Windows/Engine.ini]
[2026.08.22-20.53.08:490][  0]LogConfig: Setting CVar [[s.MinBulkDataSizeForAsyncLoading:131072]]
[2026.08.22-20.53.08:490][  0]LogConfig: Setting CVar [[s.AsyncLoadingThreadEnabled:0]]
[2026.08.22-20.53.08:490][  0]LogConfig: Setting CVar [[s.EventDrivenLoaderEnabled:1]]
[2026.08.22-20.53.08:490][  0]LogConfig: Setting CVar [[s.WarnIfTimeLimitExceeded:0]]
[2026.08.22-20.53.08:490][  0]LogConfig: Setting CVar [[s.TimeLimitExceededMultiplier:1.5]]
[2026.08.22-20.53.08:490][  0]LogConfig: Setting CVar [[s.TimeLimitExceededMinTime:0.005]]
[2026.08.22-20.53.08:490][  0]LogConfig: Setting CVar [[s.UseBackgroundLevelStreaming:1]]
[2026.08.22-20.53.08:490][  0]LogConfig: Setting CVar [[s.PriorityAsyncLoadingExtraTime:15.0]]
[2026.08.22-20.53.08:490][  0]LogConfig: Setting CVar [[s.LevelStreamingActorsUpdateTimeLimit:5.0]]
[2026.08.22-20.53.08:490][  0]LogConfig: Setting CVar [[s.PriorityLevelStreamingActorsUpdateExtraTime:5.0]]
[2026.08.22-20.53.08:490][  0]LogConfig: Setting CVar [[s.LevelStreamingComponentsRegistrationGranularity:10]]
[2026.08.22-20.53.08:490][  0]LogConfig: Setting CVar [[s.UnregisterComponentsTimeLimit:1.0]]
[2026.08.22-20.53.08:490][  0]LogConfig: Setting CVar [[s.LevelStreamingComponentsUnregistrationGranularity:5]]
[2026.08.22-20.53.08:491][  0]LogConfig: Setting CVar [[s.FlushStreamingOnExit:1]]
[2026.08.22-20.53.08:491][  0]LogConfig: Applying CVar settings from Section [/Script/Engine.GarbageCollectionSettings] File [D:/Event_Horizon_SOL_V2/Saved/Config/Windows/Engine.ini]
[2026.08.22-20.53.08:491][  0]LogConfig: Setting CVar [[gc.MaxObjectsNotConsideredByGC:1]]
[2026.08.22-20.53.08:491][  0]LogConfig: Setting CVar [[gc.SizeOfPermanentObjectPool:0]]
[2026.08.22-20.53.08:491][  0]LogConfig: Setting CVar [[gc.FlushStreamingOnGC:0]]
[2026.08.22-20.53.08:491][  0]LogConfig: Setting CVar [[gc.NumRetriesBeforeForcingGC:10]]
[2026.08.22-20.53.08:491][  0]LogConfig: Setting CVar [[gc.AllowParallelGC:1]]
[2026.08.22-20.53.08:491][  0]LogConfig: Setting CVar [[gc.TimeBetweenPurgingPendingKillObjects:61.1]]
[2026.08.22-20.53.08:491][  0]LogConfig: Setting CVar [[gc.MaxObjectsInEditor:25165824]]
[2026.08.22-20.53.08:491][  0]LogConfig: Setting CVar [[gc.IncrementalBeginDestroyEnabled:1]]
[2026.08.22-20.53.08:491][  0]LogConfig: Setting CVar [[gc.CreateGCClusters:1]]
[2026.08.22-20.53.08:491][  0]LogConfig: Setting CVar [[gc.MinGCClusterSize:5]]
[2026.08.22-20.53.08:491][  0]LogConfig: Setting CVar [[gc.ActorClusteringEnabled:0]]
[2026.08.22-20.53.08:491][  0]LogConfig: Setting CVar [[gc.BlueprintClusteringEnabled:0]]
[2026.08.22-20.53.08:491][  0]LogConfig: Setting CVar [[gc.UseDisregardForGCOnDedicatedServers:0]]
[2026.08.22-20.53.08:491][  0]LogConfig: Setting CVar [[gc.MultithreadedDestructionEnabled:1]]
[2026.08.22-20.53.08:491][  0]LogConfig: Applying CVar settings from Section [/Script/Engine.NetworkSettings] File [D:/Event_Horizon_SOL_V2/Saved/Config/Windows/Engine.ini]
[2026.08.22-20.53.08:491][  0]LogConfig: Applying CVar settings from Section [/Script/UnrealEd.CookerSettings] File [D:/Event_Horizon_SOL_V2/Saved/Config/Windows/Engine.ini]
[2026.08.22-20.53.08:501][  0]LogConfig: Applying CVar settings from Section [ViewDistanceQuality@3] File [D:/Event_Horizon_SOL_V2/Saved/Config/Windows/Scalability.ini]
[2026.08.22-20.53.08:501][  0]LogConfig: Setting CVar [[r.SkeletalMeshLODBias:0]]
[2026.08.22-20.53.08:501][  0]LogConfig: Setting CVar [[r.ViewDistanceScale:1.0]]
[2026.08.22-20.53.08:501][  0]LogConfig: Applying CVar settings from Section [AntiAliasingQuality@3] File [D:/Event_Horizon_SOL_V2/Saved/Config/Windows/Scalability.ini]
[2026.08.22-20.53.08:501][  0]LogConfig: Setting CVar [[r.PostProcessAAQuality:4]]
[2026.08.22-20.53.08:502][  0]LogConfig: Applying CVar settings from Section [ShadowQuality@3] File [D:/Event_Horizon_SOL_V2/Saved/Config/Windows/Scalability.ini]
[2026.08.22-20.53.08:502][  0]LogConfig: Setting CVar [[r.LightFunctionQuality:1]]
[2026.08.22-20.53.08:502][  0]LogConfig: Setting CVar [[r.ShadowQuality:5]]
[2026.08.22-20.53.08:502][  0]LogConfig: Setting CVar [[r.Shadow.CSM.MaxCascades:10]]
[2026.08.22-20.53.08:502][  0]LogConfig: Setting CVar [[r.Shadow.MaxResolution:2048]]
[2026.08.22-20.53.08:502][  0]LogConfig: Setting CVar [[r.Shadow.MaxCSMResolution:2048]]
[2026.08.22-20.53.08:502][  0]LogConfig: Setting CVar [[r.Shadow.RadiusThreshold:0.01]]
[2026.08.22-20.53.08:502][  0]LogConfig: Setting CVar [[r.Shadow.DistanceScale:1.0]]
[2026.08.22-20.53.08:502][  0]LogConfig: Setting CVar [[r.Shadow.CSM.TransitionScale:1.0]]
[2026.08.22-20.53.08:502][  0]LogConfig: Setting CVar [[r.Shadow.PreShadowResolutionFactor:1.0]]
[2026.08.22-20.53.08:502][  0]LogConfig: Setting CVar [[r.DistanceFieldShadowing:1]]
[2026.08.22-20.53.08:502][  0]LogConfig: Setting CVar [[r.DistanceFieldAO:1]]
[2026.08.22-20.53.08:502][  0]LogConfig: Setting CVar [[r.AOQuality:2]]
[2026.08.22-20.53.08:502][  0]LogConfig: Setting CVar [[r.VolumetricFog:1]]
[2026.08.22-20.53.08:502][  0]LogConfig: Setting CVar [[r.VolumetricFog.GridPixelSize:8]]
[2026.08.22-20.53.08:502][  0]LogConfig: Setting CVar [[r.VolumetricFog.GridSizeZ:128]]
[2026.08.22-20.53.08:502][  0]LogConfig: Setting CVar [[r.VolumetricFog.HistoryMissSupersampleCount:4]]
[2026.08.22-20.53.08:502][  0]LogConfig: Setting CVar [[r.LightMaxDrawDistanceScale:1]]
[2026.08.22-20.53.08:502][  0]LogConfig: Setting CVar [[r.CapsuleShadows:1]]
[2026.08.22-20.53.08:502][  0]LogConfig: Applying CVar settings from Section [PostProcessQuality@3] File [D:/Event_Horizon_SOL_V2/Saved/Config/Windows/Scalability.ini]
[2026.08.22-20.53.08:502][  0]LogConfig: Setting CVar [[r.MotionBlurQuality:4]]
[2026.08.22-20.53.08:502][  0]LogConfig: Setting CVar [[r.AmbientOcclusionMipLevelFactor:0.4]]
[2026.08.22-20.53.08:502][  0]LogConfig: Setting CVar [[r.AmbientOcclusionMaxQuality:100]]
[2026.08.22-20.53.08:502][  0]LogConfig: Setting CVar [[r.AmbientOcclusionLevels:-1]]
[2026.08.22-20.53.08:502][  0]LogConfig: Setting CVar [[r.AmbientOcclusionRadiusScale:1.0]]
[2026.08.22-20.53.08:502][  0]LogConfig: Setting CVar [[r.DepthOfFieldQuality:2]]
[2026.08.22-20.53.08:502][  0]LogConfig: Setting CVar [[r.RenderTargetPoolMin:400]]
[2026.08.22-20.53.08:502][  0]LogConfig: Setting CVar [[r.LensFlareQuality:2]]
[2026.08.22-20.53.08:502][  0]LogConfig: Setting CVar [[r.SceneColorFringeQuality:1]]
[2026.08.22-20.53.08:502][  0]LogConfig: Setting CVar [[r.EyeAdaptationQuality:2]]
[2026.08.22-20.53.08:502][  0]LogConfig: Setting CVar [[r.BloomQuality:5]]
[2026.08.22-20.53.08:502][  0]LogConfig: Setting CVar [[r.FastBlurThreshold:100]]
[2026.08.22-20.53.08:502][  0]LogConfig: Setting CVar [[r.Upscale.Quality:3]]
[2026.08.22-20.53.08:502][  0]LogConfig: Setting CVar [[r.Tonemapper.GrainQuantization:1]]
[2026.08.22-20.53.08:502][  0]LogConfig: Setting CVar [[r.LightShaftQuality:1]]
[2026.08.22-20.53.08:502][  0]LogConfig: Setting CVar [[r.Filter.SizeScale:1]]
[2026.08.22-20.53.08:502][  0]LogConfig: Setting CVar [[r.Tonemapper.Quality:5]]
[2026.08.22-20.53.08:502][  0]LogConfig: Setting CVar [[r.DOF.Gather.AccumulatorQuality:1        ; higher gathering accumulator quality]]
[2026.08.22-20.53.08:502][  0]LogConfig: Setting CVar [[r.DOF.Gather.PostfilterMethod:1          ; Median3x3 postfilering method]]
[2026.08.22-20.53.08:502][  0]LogConfig: Setting CVar [[r.DOF.Gather.EnableBokehSettings:0       ; no bokeh simulation when gathering]]
[2026.08.22-20.53.08:502][  0]LogConfig: Setting CVar [[r.DOF.Gather.RingCount:4                 ; medium number of samples when gathering]]
[2026.08.22-20.53.08:502][  0]LogConfig: Setting CVar [[r.DOF.Scatter.ForegroundCompositing:1    ; additive foreground scattering]]
[2026.08.22-20.53.08:502][  0]LogConfig: Setting CVar [[r.DOF.Scatter.BackgroundCompositing:2    ; additive background scattering]]
[2026.08.22-20.53.08:502][  0]LogConfig: Setting CVar [[r.DOF.Scatter.EnableBokehSettings:1      ; bokeh simulation when scattering]]
[2026.08.22-20.53.08:502][  0]LogConfig: Setting CVar [[r.DOF.Scatter.MaxSpriteRatio:0.1         ; only a maximum of 10% of scattered bokeh]]
[2026.08.22-20.53.08:502][  0]LogConfig: Setting CVar [[r.DOF.Recombine.Quality:1                ; cheap slight out of focus]]
[2026.08.22-20.53.08:502][  0]LogConfig: Setting CVar [[r.DOF.Recombine.EnableBokehSettings:0    ; no bokeh simulation on slight out of focus]]
[2026.08.22-20.53.08:503][  0]LogConfig: Setting CVar [[r.DOF.TemporalAAQuality:1                ; more stable temporal accumulation]]
[2026.08.22-20.53.08:503][  0]LogConfig: Setting CVar [[r.DOF.Kernel.MaxForegroundRadius:0.025]]
[2026.08.22-20.53.08:503][  0]LogConfig: Setting CVar [[r.DOF.Kernel.MaxBackgroundRadius:0.025]]
[2026.08.22-20.53.08:503][  0]LogConfig: Applying CVar settings from Section [TextureQuality@3] File [D:/Event_Horizon_SOL_V2/Saved/Config/Windows/Scalability.ini]
[2026.08.22-20.53.08:503][  0]LogConfig: Setting CVar [[r.Streaming.MipBias:0]]
[2026.08.22-20.53.08:503][  0]LogConfig: Setting CVar [[r.Streaming.AmortizeCPUToGPUCopy:0]]
[2026.08.22-20.53.08:503][  0]LogConfig: Setting CVar [[r.Streaming.MaxNumTexturesToStreamPerFrame:0]]
[2026.08.22-20.53.08:503][  0]LogConfig: Setting CVar [[r.Streaming.Boost:1]]
[2026.08.22-20.53.08:503][  0]LogConfig: Setting CVar [[r.MaxAnisotropy:8]]
[2026.08.22-20.53.08:503][  0]LogConfig: Setting CVar [[r.VT.MaxAnisotropy:8]]
[2026.08.22-20.53.08:503][  0]LogConfig: Setting CVar [[r.Streaming.LimitPoolSizeToVRAM:0]]
[2026.08.22-20.53.08:503][  0]LogConfig: Setting CVar [[r.Streaming.PoolSize:1000]]
[2026.08.22-20.53.08:503][  0]LogConfig: Setting CVar [[r.Streaming.MaxEffectiveScreenSize:0]]
[2026.08.22-20.53.08:503][  0]LogConfig: Applying CVar settings from Section [EffectsQuality@3] File [D:/Event_Horizon_SOL_V2/Saved/Config/Windows/Scalability.ini]
[2026.08.22-20.53.08:503][  0]LogConfig: Setting CVar [[r.TranslucencyLightingVolumeDim:64]]
[2026.08.22-20.53.08:503][  0]LogConfig: Setting CVar [[r.RefractionQuality:2]]
[2026.08.22-20.53.08:503][  0]LogConfig: Setting CVar [[r.SSR.Quality:3]]
[2026.08.22-20.53.08:503][  0]LogConfig: Setting CVar [[r.SSR.HalfResSceneColor:0]]
[2026.08.22-20.53.08:503][  0]LogConfig: Setting CVar [[r.SceneColorFormat:4]]
[2026.08.22-20.53.08:503][  0]LogConfig: Setting CVar [[r.DetailMode:2]]
[2026.08.22-20.53.08:503][  0]LogConfig: Setting CVar [[r.TranslucencyVolumeBlur:1]]
[2026.08.22-20.53.08:503][  0]LogConfig: Setting CVar [[r.MaterialQualityLevel:1 ; High quality]]
[2026.08.22-20.53.08:503][  0]LogConfig: Setting CVar [[r.AnisotropicMaterials:1]]
[2026.08.22-20.53.08:503][  0]LogConfig: Setting CVar [[r.SSS.Scale:1]]
[2026.08.22-20.53.08:503][  0]LogConfig: Setting CVar [[r.SSS.SampleSet:2]]
[2026.08.22-20.53.08:503][  0]LogConfig: Setting CVar [[r.SSS.Quality:1]]
[2026.08.22-20.53.08:503][  0]LogConfig: Setting CVar [[r.SSS.HalfRes:0]]
[2026.08.22-20.53.08:503][  0]LogConfig: Setting CVar [[r.SSGI.Quality:3]]
[2026.08.22-20.53.08:503][  0]LogConfig: Setting CVar [[r.EmitterSpawnRateScale:1.0]]
[2026.08.22-20.53.08:503][  0]LogConfig: Setting CVar [[r.ParticleLightQuality:2]]
[2026.08.22-20.53.08:503][  0]LogConfig: Setting CVar [[r.SkyAtmosphere.AerialPerspectiveLUT.FastApplyOnOpaque:1 ; Always have FastSkyLUT 1 in this case to avoid wrong sky]]
[2026.08.22-20.53.08:503][  0]LogConfig: Setting CVar [[r.SkyAtmosphere.AerialPerspectiveLUT.SampleCountMaxPerSlice:4]]
[2026.08.22-20.53.08:503][  0]LogConfig: Setting CVar [[r.SkyAtmosphere.AerialPerspectiveLUT.DepthResolution:16.0]]
[2026.08.22-20.53.08:503][  0]LogConfig: Setting CVar [[r.SkyAtmosphere.FastSkyLUT:1]]
[2026.08.22-20.53.08:503][  0]LogConfig: Setting CVar [[r.SkyAtmosphere.FastSkyLUT.SampleCountMin:4.0]]
[2026.08.22-20.53.08:503][  0]LogConfig: Setting CVar [[r.SkyAtmosphere.FastSkyLUT.SampleCountMax:128.0]]
[2026.08.22-20.53.08:503][  0]LogConfig: Setting CVar [[r.SkyAtmosphere.SampleCountMin:4.0]]
[2026.08.22-20.53.08:503][  0]LogConfig: Setting CVar [[r.SkyAtmosphere.SampleCountMax:128.0]]
[2026.08.22-20.53.08:503][  0]LogConfig: Setting CVar [[r.SkyAtmosphere.TransmittanceLUT.UseSmallFormat:0]]
[2026.08.22-20.53.08:503][  0]LogConfig: Setting CVar [[r.SkyAtmosphere.TransmittanceLUT.SampleCount:10.0]]
[2026.08.22-20.53.08:503][  0]LogConfig: Setting CVar [[r.SkyAtmosphere.MultiScatteringLUT.SampleCount:15.0]]
[2026.08.22-20.53.08:503][  0]LogConfig: Setting CVar [[r.SkyLight.RealTimeReflectionCapture:1]]
[2026.08.22-20.53.08:503][  0]LogConfig: Applying CVar settings from Section [FoliageQuality@3] File [D:/Event_Horizon_SOL_V2/Saved/Config/Windows/Scalability.ini]
[2026.08.22-20.53.08:503][  0]LogConfig: Setting CVar [[foliage.DensityScale:1.0]]
[2026.08.22-20.53.08:503][  0]LogConfig: Setting CVar [[grass.DensityScale:1.0]]
[2026.08.22-20.53.08:503][  0]LogConfig: Applying CVar settings from Section [ShadingQuality@3] File [D:/Event_Horizon_SOL_V2/Saved/Config/Windows/Scalability.ini]
[2026.08.22-20.53.08:503][  0]LogConfig: Setting CVar [[r.HairStrands.SkyLighting.IntegrationType:2]]
[2026.08.22-20.53.08:503][  0]LogConfig: Setting CVar [[r.HairStrands.SkyAO.SampleCount:4]]
[2026.08.22-20.53.08:503][  0]LogConfig: Setting CVar [[r.HairStrands.Visibility.MSAA.SamplePerPixel:4]]
[2026.08.22-20.53.08:504][  0]LogInit: Selected Device Profile: [Windows]
[2026.08.22-20.53.08:504][  0]LogInit: Applying CVar settings loaded from the selected device profile: [Windows]
[2026.08.22-20.53.08:504][  0]LogHAL: Display: Platform has ~ 8 GB [8400711680 / 8589934592 / 8], which maps to Default [LargestMinGB=32, LargerMinGB=12, DefaultMinGB=8, SmallerMinGB=6, SmallestMinGB=0)
[2026.08.22-20.53.08:504][  0]LogInit: Going up to parent DeviceProfile []
[2026.08.22-20.53.08:504][  0]LogConfig: Applying CVar settings from Section [ViewDistanceQuality@0] File [D:/Event_Horizon_SOL_V2/Saved/Config/Windows/Scalability.ini]
[2026.08.22-20.53.08:504][  0]LogConfig: Setting CVar [[r.SkeletalMeshLODBias:2]]
[2026.08.22-20.53.08:504][  0]LogConfig: Setting CVar [[r.ViewDistanceScale:0.4]]
[2026.08.22-20.53.08:504][  0]LogConfig: Applying CVar settings from Section [AntiAliasingQuality@0] File [D:/Event_Horizon_SOL_V2/Saved/Config/Windows/Scalability.ini]
[2026.08.22-20.53.08:504][  0]LogConfig: Setting CVar [[r.PostProcessAAQuality:0]]
[2026.08.22-20.53.08:504][  0]LogConfig: Applying CVar settings from Section [ShadowQuality@0] File [D:/Event_Horizon_SOL_V2/Saved/Config/Windows/Scalability.ini]
[2026.08.22-20.53.08:504][  0]LogConfig: Setting CVar [[r.LightFunctionQuality:0]]
[2026.08.22-20.53.08:504][  0]LogConfig: Setting CVar [[r.ShadowQuality:0]]
[2026.08.22-20.53.08:504][  0]LogConfig: Setting CVar [[r.Shadow.CSM.MaxCascades:1]]
[2026.08.22-20.53.08:504][  0]LogConfig: Setting CVar [[r.Shadow.MaxResolution:512]]
[2026.08.22-20.53.08:504][  0]LogConfig: Setting CVar [[r.Shadow.MaxCSMResolution:512]]
[2026.08.22-20.53.08:504][  0]LogConfig: Setting CVar [[r.Shadow.RadiusThreshold:0.06]]
[2026.08.22-20.53.08:504][  0]LogConfig: Setting CVar [[r.Shadow.DistanceScale:0.6]]
[2026.08.22-20.53.08:504][  0]LogConfig: Setting CVar [[r.Shadow.CSM.TransitionScale:0]]
[2026.08.22-20.53.08:504][  0]LogConfig: Setting CVar [[r.Shadow.PreShadowResolutionFactor:0.5]]
[2026.08.22-20.53.08:504][  0]LogConfig: Setting CVar [[r.DistanceFieldShadowing:0]]
[2026.08.22-20.53.08:504][  0]LogConfig: Setting CVar [[r.DistanceFieldAO:0]]
[2026.08.22-20.53.08:504][  0]LogConfig: Setting CVar [[r.VolumetricFog:0]]
[2026.08.22-20.53.08:504][  0]LogConfig: Setting CVar [[r.LightMaxDrawDistanceScale:0]]
[2026.08.22-20.53.08:504][  0]LogConfig: Setting CVar [[r.CapsuleShadows:0]]
[2026.08.22-20.53.08:504][  0]LogConfig: Applying CVar settings from Section [PostProcessQuality@0] File [D:/Event_Horizon_SOL_V2/Saved/Config/Windows/Scalability.ini]
[2026.08.22-20.53.08:504][  0]LogConfig: Setting CVar [[r.MotionBlurQuality:0]]
[2026.08.22-20.53.08:504][  0]LogConfig: Setting CVar [[r.AmbientOcclusionMipLevelFactor:1.0]]
[2026.08.22-20.53.08:505][  0]LogConfig: Setting CVar [[r.AmbientOcclusionMaxQuality:0]]
[2026.08.22-20.53.08:505][  0]LogConfig: Setting CVar [[r.AmbientOcclusionLevels:0]]
[2026.08.22-20.53.08:505][  0]LogConfig: Setting CVar [[r.AmbientOcclusionRadiusScale:1.2]]
[2026.08.22-20.53.08:505][  0]LogConfig: Setting CVar [[r.DepthOfFieldQuality:0]]
[2026.08.22-20.53.08:505][  0]LogConfig: Setting CVar [[r.RenderTargetPoolMin:300]]
[2026.08.22-20.53.08:505][  0]LogConfig: Setting CVar [[r.LensFlareQuality:0]]
[2026.08.22-20.53.08:505][  0]LogConfig: Setting CVar [[r.SceneColorFringeQuality:0]]
[2026.08.22-20.53.08:505][  0]LogConfig: Setting CVar [[r.EyeAdaptationQuality:2]]
[2026.08.22-20.53.08:505][  0]LogConfig: Setting CVar [[r.BloomQuality:4]]
[2026.08.22-20.53.08:505][  0]LogConfig: Setting CVar [[r.FastBlurThreshold:0]]
[2026.08.22-20.53.08:505][  0]LogConfig: Setting CVar [[r.Upscale.Quality:1]]
[2026.08.22-20.53.08:505][  0]LogConfig: Setting CVar [[r.Tonemapper.GrainQuantization:0]]
[2026.08.22-20.53.08:505][  0]LogConfig: Setting CVar [[r.LightShaftQuality:0]]
[2026.08.22-20.53.08:505][  0]LogConfig: Setting CVar [[r.Filter.SizeScale:0.6]]
[2026.08.22-20.53.08:505][  0]LogConfig: Setting CVar [[r.Tonemapper.Quality:0]]
[2026.08.22-20.53.08:505][  0]LogConfig: Applying CVar settings from Section [TextureQuality@0] File [D:/Event_Horizon_SOL_V2/Saved/Config/Windows/Scalability.ini]
[2026.08.22-20.53.08:505][  0]LogConfig: Setting CVar [[r.Streaming.MipBias:16]]
[2026.08.22-20.53.08:505][  0]LogConfig: Setting CVar [[r.Streaming.AmortizeCPUToGPUCopy:1]]
[2026.08.22-20.53.08:505][  0]LogConfig: Setting CVar [[r.Streaming.MaxNumTexturesToStreamPerFrame:1]]
[2026.08.22-20.53.08:505][  0]LogConfig: Setting CVar [[r.Streaming.Boost:0.3]]
[2026.08.22-20.53.08:505][  0]LogConfig: Setting CVar [[r.MaxAnisotropy:0]]
[2026.08.22-20.53.08:505][  0]LogConfig: Setting CVar [[r.VT.MaxAnisotropy:4]]
[2026.08.22-20.53.08:505][  0]LogConfig: Setting CVar [[r.Streaming.LimitPoolSizeToVRAM:1]]
[2026.08.22-20.53.08:505][  0]LogConfig: Setting CVar [[r.Streaming.PoolSize:400]]
[2026.08.22-20.53.08:506][  0]LogConfig: Setting CVar [[r.Streaming.MaxEffectiveScreenSize:0]]
[2026.08.22-20.53.08:506][  0]LogConfig: Applying CVar settings from Section [EffectsQuality@0] File [D:/Event_Horizon_SOL_V2/Saved/Config/Windows/Scalability.ini]
[2026.08.22-20.53.08:506][  0]LogConfig: Setting CVar [[r.TranslucencyLightingVolumeDim:24]]
[2026.08.22-20.53.08:506][  0]LogConfig: Setting CVar [[r.RefractionQuality:0]]
[2026.08.22-20.53.08:506][  0]LogConfig: Setting CVar [[r.SSR.Quality:0]]
[2026.08.22-20.53.08:506][  0]LogConfig: Setting CVar [[r.SSR.HalfResSceneColor:1]]
[2026.08.22-20.53.08:506][  0]LogConfig: Setting CVar [[r.SceneColorFormat:3]]
[2026.08.22-20.53.08:506][  0]LogConfig: Setting CVar [[r.DetailMode:0]]
[2026.08.22-20.53.08:506][  0]LogConfig: Setting CVar [[r.TranslucencyVolumeBlur:0]]
[2026.08.22-20.53.08:506][  0]LogConfig: Setting CVar [[r.MaterialQualityLevel:0 ; Low quality]]
[2026.08.22-20.53.08:506][  0]LogConfig: Setting CVar [[r.AnisotropicMaterials:0]]
[2026.08.22-20.53.08:506][  0]LogConfig: Setting CVar [[r.SSS.Scale:0]]
[2026.08.22-20.53.08:506][  0]LogConfig: Setting CVar [[r.SSS.SampleSet:0]]
[2026.08.22-20.53.08:506][  0]LogConfig: Setting CVar [[r.SSS.Quality:0]]
[2026.08.22-20.53.08:506][  0]LogConfig: Setting CVar [[r.SSS.HalfRes:1]]
[2026.08.22-20.53.08:506][  0]LogConfig: Setting CVar [[r.SSGI.Quality:0]]
[2026.08.22-20.53.08:506][  0]LogConfig: Setting CVar [[r.EmitterSpawnRateScale:0.125]]
[2026.08.22-20.53.08:506][  0]LogConfig: Setting CVar [[r.ParticleLightQuality:0]]
[2026.08.22-20.53.08:506][  0]LogConfig: Setting CVar [[r.SkyAtmosphere.AerialPerspectiveLUT.FastApplyOnOpaque:1 ; Always have FastSkyLUT 1 in this case to avoid wrong sky]]
[2026.08.22-20.53.08:506][  0]LogConfig: Setting CVar [[r.SkyAtmosphere.AerialPerspectiveLUT.SampleCountMaxPerSlice:1]]
[2026.08.22-20.53.08:506][  0]LogConfig: Setting CVar [[r.SkyAtmosphere.AerialPerspectiveLUT.DepthResolution:8.0]]
[2026.08.22-20.53.08:506][  0]LogConfig: Setting CVar [[r.SkyAtmosphere.FastSkyLUT:1]]
[2026.08.22-20.53.08:506][  0]LogConfig: Setting CVar [[r.SkyAtmosphere.FastSkyLUT.SampleCountMin:2.0]]
[2026.08.22-20.53.08:507][  0]LogConfig: Setting CVar [[r.SkyAtmosphere.FastSkyLUT.SampleCountMax:16.0]]
[2026.08.22-20.53.08:507][  0]LogConfig: Setting CVar [[r.SkyAtmosphere.SampleCountMin:2.0]]
[2026.08.22-20.53.08:507][  0]LogConfig: Setting CVar [[r.SkyAtmosphere.SampleCountMax:16.0]]
[2026.08.22-20.53.08:507][  0]LogConfig: Setting CVar [[r.SkyAtmosphere.TransmittanceLUT.UseSmallFormat:1]]
[2026.08.22-20.53.08:507][  0]LogConfig: Setting CVar [[r.SkyAtmosphere.TransmittanceLUT.SampleCount:10.0]]
[2026.08.22-20.53.08:507][  0]LogConfig: Setting CVar [[r.SkyAtmosphere.MultiScatteringLUT.SampleCount:15.0]]
[2026.08.22-20.53.08:507][  0]LogConfig: Setting CVar [[r.SkyLight.RealTimeReflectionCapture:0]]
[2026.08.22-20.53.08:507][  0]LogConfig: Applying CVar settings from Section [FoliageQuality@0] File [D:/Event_Horizon_SOL_V2/Saved/Config/Windows/Scalability.ini]
[2026.08.22-20.53.08:507][  0]LogConfig: Setting CVar [[foliage.DensityScale:0]]
[2026.08.22-20.53.08:507][  0]LogConfig: Setting CVar [[grass.DensityScale:0]]
[2026.08.22-20.53.08:507][  0]LogConfig: Applying CVar settings from Section [ShadingQuality@0] File [D:/Event_Horizon_SOL_V2/Saved/Config/Windows/Scalability.ini]
[2026.08.22-20.53.08:507][  0]LogConfig: Setting CVar [[r.HairStrands.SkyLighting.IntegrationType:2]]
[2026.08.22-20.53.08:507][  0]LogConfig: Setting CVar [[r.HairStrands.SkyAO.SampleCount:4]]
[2026.08.22-20.53.08:507][  0]LogConfig: Setting CVar [[r.HairStrands.Visibility.MSAA.SamplePerPixel:1]]
[2026.08.22-20.53.08:507][  0]LogConfig: Applying CVar settings from Section [Startup] File [../../../Engine/Config/ConsoleVariables.ini]
[2026.08.22-20.53.08:508][  0]LogConfig: Setting CVar [[net.UseAdaptiveNetUpdateFrequency:0]]
[2026.08.22-20.53.08:508][  0]LogConfig: Setting CVar [[p.chaos.AllowCreatePhysxBodies:1]]
[2026.08.22-20.53.08:508][  0]LogConfig: Setting CVar [[fx.SkipVectorVMBackendOptimizations:1]]
[2026.08.22-20.53.08:508][  0]LogConfig: Applying CVar settings from Section [ConsoleVariables] File [D:/Event_Horizon_SOL_V2/Saved/Config/Windows/Engine.ini]
[2026.08.22-20.53.08:508][  0]LogConfig: Applying CVar settings from Section [ConsoleVariables] File [D:/Event_Horizon_SOL_V2/Saved/Config/Windows/Editor.ini]
[2026.08.22-20.53.08:508][  0]LogInit: Computer: DESKTOP-LCIBC1C
[2026.08.22-20.53.08:508][  0]LogInit: User: user
[2026.08.22-20.53.08:508][  0]LogInit: CPU Page size=4096, Cores=2
[2026.08.22-20.53.08:508][  0]LogInit: High frequency timer resolution =10.000000 MHz
[2026.08.22-20.53.08:508][  0]LogMemory: Memory total: Physical=7.8GB (8GB approx)
[2026.08.22-20.53.08:508][  0]LogMemory: Platform Memory Stats for Windows
[2026.08.22-20.53.08:508][  0]LogMemory: Process Physical Memory: 142.56 MB used, 142.57 MB peak
[2026.08.22-20.53.08:508][  0]LogMemory: Process Virtual Memory: 118.96 MB used, 118.96 MB peak
[2026.08.22-20.53.08:508][  0]LogMemory: Physical Memory: 5624.07 MB used,  2387.47 MB free, 8011.54 MB total
[2026.08.22-20.53.08:508][  0]LogMemory: Virtual Memory: 134204152.00 MB used,  13578.66 MB free, 134217728.00 MB total
[2026.08.22-20.53.08:516][  0]LogWindows: WindowsPlatformFeatures enabled
[2026.08.22-20.53.08:556][  0]LogInit: Physics initialised using underlying interface: PhysX
[2026.08.22-20.53.08:557][  0]LogInit: Using OS detected language (en-US).
[2026.08.22-20.53.08:557][  0]LogInit: Using OS detected locale (en-US).
[2026.08.22-20.53.08:564][  0]LogTextLocalizationManager: No specific localization for 'en-US' exists, so the 'en' localization will be used.
[2026.08.22-20.53.08:934][  0]LogInit: Setting process to per monitor DPI aware
[2026.08.22-20.53.08:956][  0]LogWindowsTextInputMethodSystem: Display: IME system deactivated.
[2026.08.22-20.53.08:979][  0]LogSlate: New Slate User Created.  User Index 0, Is Virtual User: 0
[2026.08.22-20.53.08:979][  0]LogSlate: Slate User Registered.  User Index 0, Is Virtual User: 0
[2026.08.22-20.53.09:322][  0]LogD3D11RHI: Loaded GFSDK_Aftermath_Lib.x64.dll
[2026.08.22-20.53.09:326][  0]LogHMD: Failed to initialize OpenVR with code 110
[2026.08.22-20.53.09:326][  0]LogD3D11RHI: D3D11 min allowed feature level: 11_0
[2026.08.22-20.53.09:326][  0]LogD3D11RHI: D3D11 max allowed feature level: 11_0
[2026.08.22-20.53.09:326][  0]LogD3D11RHI: D3D11 adapters:
[2026.08.22-20.53.09:576][  0]LogD3D11RHI:    0. 'Intel(R) HD Graphics 520' (Feature Level 11_0)
[2026.08.22-20.53.09:577][  0]LogD3D11RHI:       128/0/4005 MB DedicatedVideo/DedicatedSystem/SharedSystem, Outputs:1, VendorId:0x8086
[2026.08.22-20.53.09:580][  0]LogD3D11RHI:    1. 'Microsoft Basic Render Driver' (Feature Level 11_0)
[2026.08.22-20.53.09:580][  0]LogD3D11RHI:       0/0/4005 MB DedicatedVideo/DedicatedSystem/SharedSystem, Outputs:0, VendorId:0x1414
[2026.08.22-20.53.09:580][  0]LogD3D11RHI: Chosen D3D11 Adapter:
[2026.08.22-20.53.09:580][  0]LogD3D11RHI:     Description : Intel(R) HD Graphics 520
[2026.08.22-20.53.09:580][  0]LogD3D11RHI:     VendorId    : 8086
[2026.08.22-20.53.09:581][  0]LogD3D11RHI:     DeviceId    : 1916
[2026.08.22-20.53.09:581][  0]LogD3D11RHI:     SubSysId    : 6de1028
[2026.08.22-20.53.09:581][  0]LogD3D11RHI:     Revision    : 0007
[2026.08.22-20.53.09:581][  0]LogD3D11RHI:     DedicatedVideoMemory : 134217728 bytes
[2026.08.22-20.53.09:581][  0]LogD3D11RHI:     DedicatedSystemMemory : 0 bytes
[2026.08.22-20.53.09:581][  0]LogD3D11RHI:     SharedSystemMemory : 4200355840 bytes
[2026.08.22-20.53.09:581][  0]LogD3D11RHI:     AdapterLuid : 0 63181
[2026.08.22-20.53.09:590][  0]LogD3D11RHI: Creating new Direct3DDevice
[2026.08.22-20.53.09:590][  0]LogD3D11RHI:     GPU DeviceId: 0x1916 (for the marketing name, search the web for "GPU Device Id")
[2026.08.22-20.53.09:590][  0]LogWindows: EnumDisplayDevices:
[2026.08.22-20.53.09:591][  0]LogWindows:    0. 'Intel(R) HD Graphics 520' (P:1 D:1)
[2026.08.22-20.53.09:591][  0]LogWindows:    1. 'Intel(R) HD Graphics 520' (P:0 D:0)
[2026.08.22-20.53.09:591][  0]LogWindows:    2. 'Intel(R) HD Graphics 520' (P:0 D:0)
[2026.08.22-20.53.09:592][  0]LogWindows: DebugString: FoundDriverCount:3 
[2026.08.22-20.53.09:592][  0]LogD3D11RHI:     Adapter Name: Intel(R) HD Graphics 520
[2026.08.22-20.53.09:592][  0]LogD3D11RHI:   Driver Version: 30.0.101.1338 (internal:30.0.101.1338, unified:30.0.101.1338)
[2026.08.22-20.53.09:592][  0]LogD3D11RHI:      Driver Date: 1-20-2022
[2026.08.22-20.53.09:592][  0]LogRHI: Texture pool is 1491 MB (70% of 2130 MB)
[2026.08.22-20.53.09:604][  0]LogD3D11RHI: Creating D3DDevice using adapter:
[2026.08.22-20.53.09:604][  0]LogD3D11RHI:     Description : Intel(R) HD Graphics 520
[2026.08.22-20.53.09:604][  0]LogD3D11RHI:     VendorId    : 8086
[2026.08.22-20.53.09:604][  0]LogD3D11RHI:     DeviceId    : 1916
[2026.08.22-20.53.09:604][  0]LogD3D11RHI:     SubSysId    : 6de1028
[2026.08.22-20.53.09:604][  0]LogD3D11RHI:     Revision    : 0007
[2026.08.22-20.53.09:604][  0]LogD3D11RHI:     DedicatedVideoMemory : 134217728 bytes
[2026.08.22-20.53.09:604][  0]LogD3D11RHI:     DedicatedSystemMemory : 0 bytes
[2026.08.22-20.53.09:604][  0]LogD3D11RHI:     SharedSystemMemory : 4200355840 bytes
[2026.08.22-20.53.09:604][  0]LogD3D11RHI:     AdapterLuid : 0 63181
[2026.08.22-20.53.09:834][  0]LogD3D11RHI: RHI does not have support for 64 bit atomics
[2026.08.22-20.53.09:913][  0]LogD3D11RHI: Intel Extensions support version Full=16777216, Major=1, Minor=0, Revision=0
[2026.08.22-20.53.09:913][  0]LogD3D11RHI: Intel Extensions support version Full=16777217, Major=1, Minor=0, Revision=1
[2026.08.22-20.53.09:914][  0]LogD3D11RHI: Intel Extensions Framework enabled
[2026.08.22-20.53.09:915][  0]LogD3D11RHI: [IntelMetricsDiscovery] Started
[2026.08.22-20.53.09:915][  0]LogD3D11RHI: Async texture creation enabled
[2026.08.22-20.53.09:915][  0]LogD3D11RHI: Array index from any shader is supported
[2026.08.22-20.53.09:928][  0]LogD3D11RHI: GPU Timing Frequency: 12.000048 (Debug: 2 0)
[2026.08.22-20.53.10:520][  0]LogTargetPlatformManager: Display: Loaded TargetPlatform 'AllDesktop'
[2026.08.22-20.53.10:561][  0]LogTargetPlatformManager: Display: Loaded TargetPlatform 'Android'
[2026.08.22-20.53.10:561][  0]LogTargetPlatformManager: Display: Loaded TargetPlatform 'Android_ASTC'
[2026.08.22-20.53.10:561][  0]LogTargetPlatformManager: Display: Loaded TargetPlatform 'Android_DXT'
[2026.08.22-20.53.10:561][  0]LogTargetPlatformManager: Display: Loaded TargetPlatform 'Android_ETC2'
[2026.08.22-20.53.10:561][  0]LogTargetPlatformManager: Display: Loaded TargetPlatform 'AndroidClient'
[2026.08.22-20.53.10:561][  0]LogTargetPlatformManager: Display: Loaded TargetPlatform 'Android_ASTCClient'
[2026.08.22-20.53.10:562][  0]LogTargetPlatformManager: Display: Loaded TargetPlatform 'Android_DXTClient'
[2026.08.22-20.53.10:562][  0]LogTargetPlatformManager: Display: Loaded TargetPlatform 'Android_ETC2Client'
[2026.08.22-20.53.10:562][  0]LogTargetPlatformManager: Display: Loaded TargetPlatform 'Android_Multi'
[2026.08.22-20.53.10:562][  0]LogTargetPlatformManager: Display: Loaded TargetPlatform 'Android_MultiClient'
[2026.08.22-20.53.10:593][  0]LogTargetPlatformManager: Display: Loaded TargetPlatform 'IOSClient'
[2026.08.22-20.53.10:593][  0]LogTargetPlatformManager: Display: Loaded TargetPlatform 'IOS'
[2026.08.22-20.53.10:610][  0]LogTargetPlatformManager: Display: Loaded TargetPlatform 'Linux'
[2026.08.22-20.53.10:617][  0]LogTargetPlatformManager: Display: Loaded TargetPlatform 'LinuxNoEditor'
[2026.08.22-20.53.10:625][  0]LogTargetPlatformManager: Display: Loaded TargetPlatform 'LinuxClient'
[2026.08.22-20.53.10:632][  0]LogTargetPlatformManager: Display: Loaded TargetPlatform 'LinuxServer'
[2026.08.22-20.53.10:650][  0]LogTargetPlatformManager: Display: Loaded TargetPlatform 'LinuxAArch64NoEditor'
[2026.08.22-20.53.10:656][  0]LogTargetPlatformManager: Display: Loaded TargetPlatform 'LinuxAArch64Client'
[2026.08.22-20.53.10:665][  0]LogTargetPlatformManager: Display: Loaded TargetPlatform 'LinuxAArch64Server'
[2026.08.22-20.53.10:709][  0]LogTargetPlatformManager: Display: Loaded TargetPlatform 'Lumin'
[2026.08.22-20.53.10:709][  0]LogTargetPlatformManager: Display: Loaded TargetPlatform 'LuminClient'
[2026.08.22-20.53.10:722][  0]LogTargetPlatformManager: Display: Loaded TargetPlatform 'MacNoEditor'
[2026.08.22-20.53.10:729][  0]LogTargetPlatformManager: Display: Loaded TargetPlatform 'Mac'
[2026.08.22-20.53.10:737][  0]LogTargetPlatformManager: Display: Loaded TargetPlatform 'MacClient'
[2026.08.22-20.53.10:744][  0]LogTargetPlatformManager: Display: Loaded TargetPlatform 'MacServer'
[2026.08.22-20.53.10:762][  0]LogTargetPlatformManager: Display: Loaded TargetPlatform 'TVOSClient'
[2026.08.22-20.53.10:762][  0]LogTargetPlatformManager: Display: Loaded TargetPlatform 'TVOS'
[2026.08.22-20.53.10:780][  0]LogTargetPlatformManager: Display: Loaded TargetPlatform 'WindowsNoEditor'
[2026.08.22-20.53.10:789][  0]LogTargetPlatformManager: Display: Loaded TargetPlatform 'Windows'
[2026.08.22-20.53.10:798][  0]LogTargetPlatformManager: Display: Loaded TargetPlatform 'WindowsClient'
[2026.08.22-20.53.10:808][  0]LogTargetPlatformManager: Display: Loaded TargetPlatform 'WindowsServer'
[2026.08.22-20.53.10:808][  0]LogTargetPlatformManager: Display: Building Assets For Windows
[2026.08.22-20.53.10:823][  0]LogAudioDebug: Display: Lib vorbis DLL was dynamically loaded.
[2026.08.22-20.53.10:881][  0]LogTextureFormatOodle: Display: Oodle Texture 2.9.0 init RDO Off
[2026.08.22-20.53.10:929][  0]LogRendererCore: Ray tracing is disabled. Reason: r.RayTracing=0.
[2026.08.22-20.53.10:929][  0]LogShaderCompilers: Guid format shader working directory is 21 characters bigger than the processId version (D:/Event_Horizon_SOL_V2/Intermediate/Shaders/WorkingDirectory/10848/).
[2026.08.22-20.53.10:929][  0]LogShaderCompilers: Cleaned the shader compiler working directory 'C:/Users/user/AppData/Local/Temp/UnrealShaderWorkingDir/8D61185A4396F94C14A47C8B99A01E76/'.
[2026.08.22-20.53.10:929][  0]LogXGEController: Cannot use XGE Controller as Incredibuild is not installed on this machine.
[2026.08.22-20.53.10:930][  0]LogShaderCompilers: Cannot use XGE Shader Compiler as Incredibuild is not installed on this machine.
[2026.08.22-20.53.10:930][  0]LogShaderCompilers: Display: Using Local Shader Compiler.
[2026.08.22-20.53.12:139][  0]LogDerivedDataCache: Display: Max Cache Size: 512 MB
[2026.08.22-20.53.12:236][  0]LogDerivedDataCache: Loaded boot cache 0.10s 94MB C:/Users/user/AppData/Local/UnrealEngine/4.27/DerivedDataCache/Boot.ddc.
[2026.08.22-20.53.12:236][  0]LogDerivedDataCache: Display: Loaded Boot cache: C:/Users/user/AppData/Local/UnrealEngine/4.27/DerivedDataCache/Boot.ddc
[2026.08.22-20.53.12:236][  0]LogDerivedDataCache: FDerivedDataBackendGraph:  Pak pak cache file D:/Event_Horizon_SOL_V2/DerivedDataCache/DDC.ddp not found, will not use a pak cache.
[2026.08.22-20.53.12:236][  0]LogDerivedDataCache: Unable to find inner node Pak for hierarchical cache Hierarchy.
[2026.08.22-20.53.12:236][  0]LogDerivedDataCache: FDerivedDataBackendGraph:  CompressedPak pak cache file D:/Event_Horizon_SOL_V2/DerivedDataCache/Compressed.ddp not found, will not use a pak cache.
[2026.08.22-20.53.12:236][  0]LogDerivedDataCache: Unable to find inner node CompressedPak for hierarchical cache Hierarchy.
[2026.08.22-20.53.12:261][  0]LogDerivedDataCache: Display: Pak cache opened for reading ../../../Engine/DerivedDataCache/Compressed.ddp.
[2026.08.22-20.53.12:261][  0]LogDerivedDataCache: FDerivedDataBackendGraph:  EnterprisePak pak cache file ../../../Enterprise/DerivedDataCache/Compressed.ddp not found, will not use a pak cache.
[2026.08.22-20.53.12:261][  0]LogDerivedDataCache: Unable to find inner node EnterprisePak for hierarchical cache Hierarchy.
[2026.08.22-20.53.12:277][  0]LogDerivedDataCache: Speed tests for C:/Users/user/AppData/Local/UnrealEngine/Common/DerivedDataCache took 0.02 seconds
[2026.08.22-20.53.12:277][  0]LogDerivedDataCache: Display: Performance to C:/Users/user/AppData/Local/UnrealEngine/Common/DerivedDataCache: Latency=0.07ms. RandomReadSpeed=426.72MBs, RandomWriteSpeed=75.96MBs. Assigned SpeedClass 'Local'
[2026.08.22-20.53.12:277][  0]LogDerivedDataCache: Using Local data cache path C:/Users/user/AppData/Local/UnrealEngine/Common/DerivedDataCache: Writable
[2026.08.22-20.53.12:278][  0]LogDerivedDataCache: Shared data cache path not found in *engine.ini, will not use an Shared cache.
[2026.08.22-20.53.12:278][  0]LogDerivedDataCache: Unable to find inner node Shared for hierarchical cache Hierarchy.
[2026.08.22-20.53.12:373][  0]LogSlate: Using FreeType 2.10.0
[2026.08.22-20.53.12:374][  0]LogSlate: SlateFontServices - WITH_FREETYPE: 1, WITH_HARFBUZZ: 1
[2026.08.22-20.53.12:426][  0]LogAssetRegistry: FAssetRegistry took 0.0041 seconds to start up
[2026.08.22-20.53.12:903][  0]LogInit: Selected Device Profile: [Windows]
[2026.08.22-20.53.12:903][  0]LogInit: Active device profile: [00000193E2783E00][00000193DCDFC0C0 49] Windows
[2026.08.22-20.53.12:903][  0]LogInit: Profiles: [00000193E2783E00][00000193DCDFC0C0 49] Windows, [00000193E1FB3D00][00000193DCE04240 49] WindowsNoEditor, [00000193E2780600][00000193E1E283C0 49] WindowsServer, [00000193E1FB0600][00000193E1E2C540 49] WindowsClient, [00000193E2783C00][00000193E1E306C0 49] IOS, [00000193E1FB0100][00000193DC370840 49] iPadAir, [00000193E2780500][00000193DCE00980 49] iPadAir2, [00000193E271D100][00000193DC378BC0 49] IPadPro, [00000193E271D200][00000193DC374C00 49] iPadAir3, [00000193E2783A00][00000193DC37CD40 49] iPadAir4, [00000193E271C800][00000193DCBDEEC0 49] iPadMini2, [00000193E2780400][00000193DCBE9040 49] iPadMini3, [00000193E271D700][00000193E1F8B1C0 49] iPadMini4, [00000193E2783900][00000193E337F340 49] iPadMini5, [00000193E1FB1200][00000193E30ED600 49] iPhone6, [00000193E1FB1300][00000193E3095640 49] iPodTouch6, [00000193E271FA00][00000193E3123900 49] iPhone7, [00000193E271F900][00000193E311F940 49] iPodTouch7, [00000193E1FB0A00][00000193E312BAC0 49] iPhone5S, [00000193E271CE00][00000193E31320C0 49] iPhone6Plus, [00000193E1FB1800][00000193E3150240 49] iPhone6S, [00000193E271F600][00000193E31963C0 49] iPhone6SPlus, [00000193E1FB0D00][00000193E31AA540 49] iPhone7Plus, [00000193E271C900][00000193E31AE6C0 49] iPhoneSE, [00000193E1FB3300][00000193E31B2840 49] iPhone8, [00000193E271F200][00000193E31B69C0 49] iPhone8Plus, [00000193E1FB0200][00000193E31BAB40 49] iPhoneX, [00000193E271C100][00000193DC380C80 49] iPhoneXS, [00000193E1FB1E00][00000193E31BEDC0 49] iPhoneXSMax, [00000193E271EF00][00000193E31C8F00 49] iPhoneXR, [00000193E1FB3700][00000193E31D1080 49] iPhone11, [00000193E271D600][00000193E31EF200 49] iPhone11Pro, [00000193E1FB2200][00000193DC335380 49] iPhone11ProMax, [00000193E271EB00][00000193DC339500 49] iPhoneSE2, [00000193E1FB3600][00000193DC33D680 49] iPhone12Mini, [00000193E271DB00][00000193DC341800 49] iPhone12, [00000193E1FB0500][00000193DC349980 49] iPhone12Pro, [00000193E271E800][00000193DC34DB00 49] iPhone12ProMax, [00000193E1FB3000][00000193E1ED8100 49] iPadPro105, [00000193E271F400][00000193DC350280 49] iPadPro129, [00000193E1FB2700][00000193DC354400 49] iPadPro97, [00000193E271C400][00000193DC358580 49] iPadPro2_129, [00000193E1FB1700][00000193E1F3C700 49] iPad5, [00000193E271E000][00000193DC344880 49] iPad6, [00000193E1FB0700][00000193DC35CA00 49] iPad7, [00000193E271E700][00000193DC36CB80 49] iPad8, [00000193E1FB2000][00000193DCBBAD00 49] iPadPro11, [00000193E271ED00][00000193E31CCE40 49] iPadPro2_11, [00000193E1FB3A00][00000193DCBBEF80 49] iPadPro3_129, [00000193E271E400][00000193E31270C0 49] iPadPro4_129, [00000193E1FB2D00][00000193E3113240 49] AppleTV, [00000193E271CF00][00000193E33833C0 49] AppleTV4K, [00000193E1FB2B00][00000193E3349540 49] TVOS, [00000193E271DC00][00000193E1F7B6C0 49] Mac, [00000193E1FB2100][00000193E1F77840 49] MacClient, [00000193E271F500][00000193E1F739C0 49] MacNoEditor, [00000193E1FB0900][00000193E1F6FB40 49] MacServer, [00000193E271CC00][00000193E1F6A140 49] Linux, [00000193E1FB1400][00000193DCBEC2C0 49] LinuxAArch64, [00000193E271DD00][00000193E1DEA440 49] LinuxNoEditor, [00000193E1FB2A00][00000193E312E5C0 49] LinuxAArch64NoEditor, [00000193E271C600][00000193DCBC2740 49] LinuxClient, [00000193E1FB3100][00000193DCBC68C0 49] LinuxAArch64Client, [00000193E271FE00][00000193DCBCAA40 49] LinuxServer, [00000193E1FB2600][00000193DCBCEBC0 49] LinuxAArch64Server, [00000193E271E600][00000193DCBD2D40 49] Android, [00000193E1FB2E00][00000193E1F46EC0 49] Android_Low, [00000193E271EC00][00000193E3117000 49] Android_Mid, [00000193E1FB2C00][00000193E1F4B140 49] Android_High, [00000193E271EE00][00000193E1F4F280 49] Android_Default, [00000193E2780700][00000193E1F533C0 49] Android_Adreno4xx, [00000193E2165400][00000193E1F5B540 49] Android_Adreno5xx_Low, [00000193E2781200][00000193E1F5F6C0 49] Android_Adreno5xx, [00000193E2166700][00000193E1F63840 49] Android_Adreno6xx, [00000193E2781800][00000193E1F679C0 49] Android_Adreno6xx_Vulkan, [00000193E2164100][00000193E1DC3B40 49] Android_Mali_T6xx, [00000193E2782900][00000193E1DC6140 49] Android_Mali_T7xx, [00000193E2164800][00000193E1DCA2C0 49] Android_Mali_T8xx, [00000193E2781900][00000193E1DCE440 49] Android_Mali_G71, [00000193E2166000][00000193E1DD25C0 49] Android_Mali_G72, [00000193E2782200][00000193E1DD6740 49] Android_Mali_G72_Vulkan, [00000193E2164200][00000193E1DDA8C0 49] Android_Mali_G76, [00000193E2780900][00000193E1DDEA40 49] Android_Mali_G76_Vulkan, [00000193E2166200][00000193E1DE2BC0 49] Android_Mali_G77, [00000193E2783100][00000193E1DE6D40 49] Android_Mali_G77_Vulkan, [00000193E2166300][00000193E3044EC0 49] Android_Mali_G78, [00000193E2783000][00000193E3049040 49] Android_Mali_G78_Vulkan, [00000193E2164C00][00000193E1F57180 49] Android_Mali_G710, [00000193E2782D00][00000193E304D2C0 49] Android_Mali_G710_Vulkan, [00000193E2165900][00000193E3051400 49] Android_Vulkan_SM5, [00000193E2782400][00000193E3055540 49] Android_PowerVR_G6xxx, [00000193E2166C00][00000193E305D6C0 49] Android_PowerVR_GT7xxx, [00000193E271C500][00000193E3061840 49] Android_PowerVR_GE8xxx, [00000193E2165B00][00000193E30659C0 49] Android_PowerVR_GM9xxx, [00000193E271E300][00000193E3069B40 49] Android_PowerVR_GM9xxx_Vulkan, [00000193E2165A00][00000193E330C140 49] Android_TegraK1, [00000193E271C300][00000193E33102C0 49] Android_Unknown_Vulkan, [00000193E2165700][00000193E3314440 49] Lumin, [00000193E271FB00][00000193E33185C0 49] Lumin_Desktop, [00000193E2165500][00000193E331C740 49] HoloLens, 
[2026.08.22-20.53.13:098][  0]LogMeshReduction: Using QuadricMeshReduction for automatic static mesh reduction
[2026.08.22-20.53.13:098][  0]LogMeshReduction: Using SimplygonMeshReduction for automatic skeletal mesh reduction
[2026.08.22-20.53.13:098][  0]LogMeshReduction: Using ProxyLODMeshReduction for automatic mesh merging
[2026.08.22-20.53.13:098][  0]LogMeshReduction: No distributed automatic mesh merging module available
[2026.08.22-20.53.13:098][  0]LogMeshMerging: No distributed automatic mesh merging module available
[2026.08.22-20.53.13:124][  0]LogNetVersion: Event_Horizon_SOL_V2 1.0.0, NetCL: 17155196, EngineNetVer: 17, GameNetVer: 0 (Checksum: 951208097)
[2026.08.22-20.53.13:878][  0]LogTexture: Default maximum texture size for cubemaps generated from long-lat sources has been changed from 512 to unlimited. In order to preserve old behaiour for '/Engine/MapTemplates/Sky/DaylightAmbientCubemap.DaylightAmbientCubemap', its maximum texture size has been explicitly set to 512.
[2026.08.22-20.53.13:972][  0]LogHMD: PokeAHoleMaterial loaded successfully
[2026.08.22-20.53.13:980][  0]LogUObjectArray: 17178 objects as part of root set at end of initial load.
[2026.08.22-20.53.13:980][  0]LogUObjectAllocator: 4302048 out of 0 bytes used by permanent object pool.
[2026.08.22-20.53.13:980][  0]LogUObjectArray: CloseDisregardForGC: 0/0 objects in disregard for GC pool
[2026.08.22-20.53.14:420][  0]LogNiagaraDebuggerClient: Niagara Debugger Client Initialized | Session: 20214D8545392EA0B4F681B271C9CD16 | Instance: C6C9316C40F22AC55422F4A0E42DCDB7 (DESKTOP-LCIBC1C-10848).
[2026.08.22-20.53.14:476][  0]LogPython: Using Python 3.7.7
[2026.08.22-20.53.15:431][  0]LogTcpMessaging: Initializing TcpMessaging bridge
[2026.08.22-20.53.15:438][  0]LogUdpMessaging: Initializing bridge on interface 0.0.0.0:0 to multicast group 230.0.0.1:6666.
[2026.08.22-20.53.15:804][  0]SourceControl: Source control is disabled
[2026.08.22-20.53.15:804][  0]SourceControl: Source control is disabled
[2026.08.22-20.53.15:810][  0]SourceControl: Source control is disabled
[2026.08.22-20.53.15:814][  0]SourceControl: Source control is disabled
[2026.08.22-20.53.15:828][  0]SourceControl: Source control is disabled
[2026.08.22-20.53.15:837][  0]LogUProjectInfo: Found projects:
[2026.08.22-20.53.16:157][  0]LogOpenImageDenoise: OIDN starting up
[2026.08.22-20.53.16:226][  0]LogAndroidPermission: UAndroidPermissionCallbackProxy::GetInstance
[2026.08.22-20.53.16:258][  0]LogAudioCaptureCore: Display: No Audio Capture implementations found. Audio input will be silent.
[2026.08.22-20.53.16:258][  0]LogAudioCaptureCore: Display: No Audio Capture implementations found. Audio input will be silent.
[2026.08.22-20.53.16:447][  0]LogCollectionManager: Loaded 0 collections in 0.002495 seconds
[2026.08.22-20.53.16:488][  0]LogFileCache: Scanning file cache for directory 'D:/Event_Horizon_SOL_V2/Saved/Collections/' took 0.00s
[2026.08.22-20.53.16:488][  0]LogFileCache: Scanning file cache for directory 'D:/Event_Horizon_SOL_V2/Content/Developers/user/Collections/' took 0.00s
[2026.08.22-20.53.16:488][  0]LogFileCache: Scanning file cache for directory 'D:/Event_Horizon_SOL_V2/Content/Collections/' took 0.00s
[2026.08.22-20.53.16:488][  0]LogOcInput: OculusInput pre-init called
[2026.08.22-20.53.17:035][  0]LogEngine: Initializing Engine...
[2026.08.22-20.53.17:200][  0]LogHMD: Failed to enumerate extensions. Please check that you have a valid OpenXR runtime installed.
[2026.08.22-20.53.17:201][  0]LogHMD: Failed to initialize OpenVR with code 110
[2026.08.22-20.53.17:202][  0]LogMagicLeap: Warning: VR disabled because ZI is not enabled.  To enable, in the editor, Edit -> Project Settings -> Plugins -> Magic Leap Plugin -> Enable Zero Iteration
[2026.08.22-20.53.17:203][  0]LogStats: UGameplayTagsManager::InitializeManager -  0.000 s
[2026.08.22-20.53.17:401][  0]LogInit: Initializing FReadOnlyCVARCache
[2026.08.22-20.53.17:423][  0]LogAIModule: Creating AISystem for world Untitled
[2026.08.22-20.53.17:483][  0]LogAudio: Display: Initializing Audio Device Manager...
[2026.08.22-20.53.17:490][  0]LogAudio: Display: Loading Default Audio Settings Objects...
[2026.08.22-20.53.17:491][  0]LogAudio: Display: No default SoundConcurrencyObject specified (or failed to load).
[2026.08.22-20.53.17:492][  0]LogAudio: Display: Audio Device Manager Initialized
[2026.08.22-20.53.17:492][  0]LogAudio: Display: Creating Audio Device:                 Id: 1, Scope: Shared, Realtime: True
[2026.08.22-20.53.17:492][  0]LogAudioMixer: Display: Audio Mixer Platform Settings:
[2026.08.22-20.53.17:492][  0]LogAudioMixer: Display: 	Sample Rate:						  48000
[2026.08.22-20.53.17:492][  0]LogAudioMixer: Display: 	Callback Buffer Frame Size Requested: 1024
[2026.08.22-20.53.17:492][  0]LogAudioMixer: Display: 	Callback Buffer Frame Size To Use:	  1024
[2026.08.22-20.53.17:492][  0]LogAudioMixer: Display: 	Number of buffers to queue:			  2
[2026.08.22-20.53.17:492][  0]LogAudioMixer: Display: 	Max Channels (voices):				  32
[2026.08.22-20.53.17:492][  0]LogAudioMixer: Display: 	Number of Async Source Workers:		  0
[2026.08.22-20.53.17:492][  0]LogAudio: Display: AudioDevice MaxSources: 32
[2026.08.22-20.53.17:493][  0]LogAudio: Display: Audio Spatialization Plugin: None (built-in).
[2026.08.22-20.53.17:493][  0]LogAudio: Display: Audio Reverb Plugin: None (built-in).
[2026.08.22-20.53.17:493][  0]LogAudio: Display: Audio Occlusion Plugin: None (built-in).
[2026.08.22-20.53.17:493][  0]LogAudioMixer: Display: Initializing audio mixer.
[2026.08.22-20.53.17:525][  0]LogAudioMixer: Display: 0: FrontLeft
[2026.08.22-20.53.17:525][  0]LogAudioMixer: Display: 1: FrontRight
[2026.08.22-20.53.17:762][  0]LogAudioMixer: Display: Using Audio Device Speakers / Headphones (Realtek Audio)
[2026.08.22-20.53.17:766][  0]LogAudioMixer: Display: Initializing Sound Submixes...
[2026.08.22-20.53.17:771][  0]LogAudioMixer: Display: Creating Master Submix 'MasterSubmixDefault'
[2026.08.22-20.53.17:771][  0]LogAudioMixer: Display: Creating Master Submix 'MasterReverbSubmixDefault'
[2026.08.22-20.53.17:772][  0]LogAudioMixer: Display: Creating Master Submix 'MasterEQSubmixDefault'
[2026.08.22-20.53.17:774][  0]LogAudioMixer: FMixerPlatformXAudio2::StartAudioStream() called
[2026.08.22-20.53.17:774][  0]LogAudioMixer: Display: Output buffers initialized: Frames=1024, Channels=2, Samples=2048
[2026.08.22-20.53.17:774][  0]LogAudioMixer: Display: Starting AudioMixerPlatformInterface::RunInternal()
[2026.08.22-20.53.17:774][  0]LogAudioMixer: Display: FMixerPlatformXAudio2::SubmitBuffer() called for the first time
[2026.08.22-20.53.17:774][  0]LogInit: FAudioDevice initialized.
[2026.08.22-20.53.17:775][  0]LogAudio: Display: Audio Device (ID: 1) registered with world 'Untitled'.
[2026.08.22-20.53.17:775][  0]LogNetVersion: Set ProjectVersion to 1.0.0.0. Version Checksum will be recalculated on next use.
[2026.08.22-20.53.18:019][  0]LogDerivedDataCache: Saved boot cache 0.24s 94MB C:/Users/user/AppData/Local/UnrealEngine/4.27/DerivedDataCache/Boot.ddc.
[2026.08.22-20.53.18:020][  0]LogInit: Texture streaming: Enabled
[2026.08.22-20.53.18:042][  0]LogAnalytics: Display: [UEEditor.Rocket.Release] APIServer = https://datarouter.ol.epicgames.com/. AppVersion = 4.27.2-18319896+++UE4+Release-4.27
[2026.08.22-20.53.18:050][  0]LogEngineSessionManager: EngineSessionManager initialized
[2026.08.22-20.53.18:050][  0]LogEditorSessionSummary: Verbose: Initializing EditorSessionSummaryWriter for editor session tracking
[2026.08.22-20.53.18:053][  0]LogEditorSessionSummary: EditorSessionSummaryWriter initialized
[2026.08.22-20.53.18:105][  0]LogInit: Transaction tracking system initialized
[2026.08.22-20.53.18:141][  0]BlueprintLog: New page: Editor Load
[2026.08.22-20.53.18:243][  0]LocalizationService: Localization service is disabled
[2026.08.22-20.53.18:279][  0]TimingProfiler: Initialize
[2026.08.22-20.53.18:279][  0]TimingProfiler: OnSessionChanged
[2026.08.22-20.53.18:280][  0]LoadingProfiler: Initialize
[2026.08.22-20.53.18:280][  0]LoadingProfiler: OnSessionChanged
[2026.08.22-20.53.18:280][  0]NetworkingProfiler: Initialize
[2026.08.22-20.53.18:280][  0]NetworkingProfiler: OnSessionChanged
[2026.08.22-20.53.18:280][  0]MemoryProfiler: Initialize
[2026.08.22-20.53.18:280][  0]MemoryProfiler: OnSessionChanged
[2026.08.22-20.53.18:553][  0]LogCook: Display: CookSettings for Memory: MemoryMaxUsedVirtual 0MiB, MemoryMaxUsedPhysical 16384MiB, MemoryMinFreeVirtual 0MiB, MemoryMinFreePhysical 1024MiB
[2026.08.22-20.53.18:553][  0]LogCook: Display: Mobile HDR setting 1
[2026.08.22-20.53.18:901][  0]LogFileCache: Scanning file cache for directory 'D:/Event_Horizon_SOL_V2/Content/' took 0.03s
[2026.08.22-20.53.19:417][  0]LogInit: Display: Engine is initialized. Leaving FEngineLoop::Init()
[2026.08.22-20.53.19:423][  0]SourceControl: Source control is disabled
[2026.08.22-20.53.19:423][  0]LogUnrealEdMisc: Loading editor; pre map load, took 13.573
[2026.08.22-20.53.19:423][  0]Cmd: MAP LOAD FILE="D:/Event_Horizon_SOL_V2/Content/Maps/Map_Master.umap" TEMPLATE=0 SHOWPROGRESS=1 FEATURELEVEL=3
[2026.08.22-20.53.19:424][  0]LightingResults: New page: Lighting Build
[2026.08.22-20.53.19:426][  0]LogWorld: UWorld::CleanupWorld for Untitled, bSessionEnded=true, bCleanupResources=true
[2026.08.22-20.53.19:426][  0]LogSlate: InvalidateAllWidgets triggered.  All widgets were invalidated
[2026.08.22-20.53.19:426][  0]MapCheck: New page: Map Check
[2026.08.22-20.53.19:426][  0]LightingResults: New page: Lighting Build
[2026.08.22-20.53.19:437][  0]LogAudio: Display: Audio Device unregistered from world 'None'.
[2026.08.22-20.53.19:441][  0]LogUObjectHash: Compacting FUObjectHashTables data took   1.32ms
[2026.08.22-20.53.20:264][  0]LogMaterial: Display: Missing cached shadermap for Material_004 in PCD3D_SM5, Default, SM5 (DDC key hash: C88D4DF54D7BF76607E74CDE703E03ADD6C0DF0A), compiling. 
[2026.08.22-20.53.20:369][  0]LogShaderCompilers: Display: Submitted 16 shader compile jobs with 'Low' priority
[2026.08.22-20.53.20:372][  0]LogMaterial: Display: Missing cached shadermap for Material_003 in PCD3D_SM5, Default, SM5 (DDC key hash: 8AF474C9EA843FFE868113B1CACAFB33C3D34BCF), compiling. 
[2026.08.22-20.53.20:417][  0]LogShaderCompilers: Display: Worker (1/3): shaders left to compile 16
[2026.08.22-20.53.20:417][  0]LogShaderCompilers: Display: Worker (2/3): shaders left to compile 10
[2026.08.22-20.53.20:417][  0]LogShaderCompilers: Display: Worker (3/3): shaders left to compile 4
[2026.08.22-20.53.20:417][  0]LogShaderCompilers: Display: Started 16 'Local' shader compile jobs with 'Low' priority
[2026.08.22-20.53.20:417][  0]LogShaderCompilers: Display: Submitted 16 shader compile jobs with 'Low' priority
[2026.08.22-20.53.26:801][  0]LogMaterial: Display: Missing cached shadermap for M_Glow in PCD3D_SM5, Default, SM5 (DDC key hash: EAF4127A3C40E819ADB97CCA5077F66DD933F40D), compiling. 
[2026.08.22-20.53.26:861][  0]LogShaderCompilers: Display: Submitted 16 shader compile jobs with 'Low' priority
[2026.08.22-20.53.26:864][  0]LogMaterial: Display: Missing cached shadermap for M_Red_Light in PCD3D_SM5, Default, SM5 (DDC key hash: 052CE012478D907076F2DBA0E4678A1BFDA74585), compiling. 
[2026.08.22-20.53.26:914][  0]LogShaderCompilers: Display: Submitted 16 shader compile jobs with 'Low' priority
[2026.08.22-20.53.26:917][  0]LogMaterial: Display: Missing cached shadermap for Material_002 in PCD3D_SM5, Default, SM5 (DDC key hash: 6DBB52F677AB10DF1CF5502138F475137D08A665), compiling. 
[2026.08.22-20.53.26:968][  0]LogShaderCompilers: Display: Submitted 16 shader compile jobs with 'Low' priority
[2026.08.22-20.53.26:970][  0]LogMaterial: Display: Missing cached shadermap for glow_001 in PCD3D_SM5, Default, SM5 (DDC key hash: C77CB12F66A09B4CD1D58B10F074952C2B2DFD4A), compiling. 
[2026.08.22-20.53.27:026][  0]LogShaderCompilers: Display: Submitted 16 shader compile jobs with 'Low' priority
[2026.08.22-20.53.27:029][  0]LogMaterial: Display: Missing cached shadermap for Material_006 in PCD3D_SM5, Default, SM5 (DDC key hash: ECE5E1885CE826A0766FAA63C36386543DE10789), compiling. 
[2026.08.22-20.53.27:077][  0]LogShaderCompilers: Display: Submitted 16 shader compile jobs with 'Low' priority
[2026.08.22-20.53.27:107][  0]LogMaterial: Display: Missing cached shadermap for Material_005 in PCD3D_SM5, Default, SM5 (DDC key hash: FA4417FDEA66CFC1F9FE96FF18C4581E11A70AA9), compiling. 
[2026.08.22-20.53.27:230][  0]LogShaderCompilers: Display: Submitted 16 shader compile jobs with 'Low' priority
[2026.08.22-20.53.27:233][  0]LogMaterial: Display: Missing cached shadermap for Material_008 in PCD3D_SM5, Default, SM5 (DDC key hash: 90CC82AB000429ED618D5009A433EF41931C050E), compiling. 
[2026.08.22-20.53.27:841][  0]LogAudioMixer: Display: Audio Buffer Underrun (starvation) detected.
[2026.08.22-20.53.27:842][  0]LogShaderCompilers: Display: Submitted 16 shader compile jobs with 'Low' priority
[2026.08.22-20.53.27:846][  0]LogMaterial: Display: Missing cached shadermap for Material_007 in PCD3D_SM5, Default, SM5 (DDC key hash: FA6AE660F6FBF72B1385EA81122B903C0BB405AC), compiling. 
[2026.08.22-20.53.28:042][  0]LogShaderCompilers: Display: Submitted 16 shader compile jobs with 'Low' priority
[2026.08.22-20.53.28:046][  0]LogMaterial: Display: Missing cached shadermap for Material_001 in PCD3D_SM5, Default, SM5 (DDC key hash: A51B32FFBEEECB5786F16B6D06637C25B6D7201B), compiling. 
[2026.08.22-20.53.28:245][  0]LogShaderCompilers: Display: Submitted 16 shader compile jobs with 'Low' priority
[2026.08.22-20.53.28:249][  0]LogMaterial: Display: Missing cached shadermap for glow in PCD3D_SM5, Default, SM5 (DDC key hash: 0E32C0F84BA8C8CD925D4DE4E44BBFD1D46543D8), compiling. 
[2026.08.22-20.53.28:445][  0]LogShaderCompilers: Display: Submitted 16 shader compile jobs with 'Low' priority
[2026.08.22-20.53.29:441][  0]LogAudio: Display: Audio Device (ID: 1) registered with world 'Map_Master'.
[2026.08.22-20.53.29:547][  0]LogAIModule: Creating AISystem for world Map_Master
[2026.08.22-20.53.29:652][  0]LogPhysics: Warning: Scale for /Game/Maps/Map_Master.Map_Master:PersistentLevel.BP_Hall_Light_5.Light has a component set to zero, which will result in a bad body instance. Scale:X=1.000 Y=1.000 Z=0.000
[2026.08.22-20.53.29:654][  0]LogPhysics: Warning: PopulatePhysXGeometryAndTransform(Convex): ConvexElem has invalid transform
[2026.08.22-20.53.29:654][  0]LogPhysics: Warning: ForeachShape(Convex): ScaledElem[0] invalid
[2026.08.22-20.53.29:656][  0]LogPhysics: Warning: Scale for /Game/Maps/Map_Master.Map_Master:PersistentLevel.BP_GlowLight2.Light has a component set to zero, which will result in a bad body instance. Scale:X=1.000 Y=1.000 Z=0.000
[2026.08.22-20.53.29:656][  0]LogPhysics: Warning: PopulatePhysXGeometryAndTransform(Convex): ConvexElem has invalid transform
[2026.08.22-20.53.29:656][  0]LogPhysics: Warning: ForeachShape(Convex): ScaledElem[0] invalid
[2026.08.22-20.53.29:656][  0]LogPhysics: Warning: Scale for /Game/Maps/Map_Master.Map_Master:PersistentLevel.BP_GlowLight3.Light has a component set to zero, which will result in a bad body instance. Scale:X=1.000 Y=1.000 Z=0.000
[2026.08.22-20.53.29:657][  0]LogPhysics: Warning: PopulatePhysXGeometryAndTransform(Convex): ConvexElem has invalid transform
[2026.08.22-20.53.29:657][  0]LogPhysics: Warning: ForeachShape(Convex): ScaledElem[0] invalid
[2026.08.22-20.53.29:657][  0]LogPhysics: Warning: Scale for /Game/Maps/Map_Master.Map_Master:PersistentLevel.BP_GlowLight4.Light has a component set to zero, which will result in a bad body instance. Scale:X=1.000 Y=1.000 Z=0.000
[2026.08.22-20.53.29:657][  0]LogPhysics: Warning: PopulatePhysXGeometryAndTransform(Convex): ConvexElem has invalid transform
[2026.08.22-20.53.29:657][  0]LogPhysics: Warning: ForeachShape(Convex): ScaledElem[0] invalid
[2026.08.22-20.53.29:658][  0]LogPhysics: Warning: Scale for /Game/Maps/Map_Master.Map_Master:PersistentLevel.BP_GlowLight5.Light has a component set to zero, which will result in a bad body instance. Scale:X=1.000 Y=1.000 Z=0.000
[2026.08.22-20.53.29:658][  0]LogPhysics: Warning: PopulatePhysXGeometryAndTransform(Convex): ConvexElem has invalid transform
[2026.08.22-20.53.29:658][  0]LogPhysics: Warning: ForeachShape(Convex): ScaledElem[0] invalid
[2026.08.22-20.53.29:752][  0]LogPhysics: Warning: Scale for /Game/Maps/Map_Master.Map_Master:PersistentLevel.BP_Hall_Light_5.Light has a component set to zero, which will result in a bad body instance. Scale:X=1.000 Y=1.000 Z=0.000
[2026.08.22-20.53.29:752][  0]LogPhysics: Warning: PopulatePhysXGeometryAndTransform(Convex): ConvexElem has invalid transform
[2026.08.22-20.53.29:752][  0]LogPhysics: Warning: ForeachShape(Convex): ScaledElem[0] invalid
[2026.08.22-20.53.29:754][  0]LogPhysics: Warning: Scale for /Game/Maps/Map_Master.Map_Master:PersistentLevel.BP_Hall_Light_5.Light has a component set to zero, which will result in a bad body instance. Scale:X=1.000 Y=1.000 Z=0.000
[2026.08.22-20.53.29:754][  0]LogPhysics: Warning: PopulatePhysXGeometryAndTransform(Convex): ConvexElem has invalid transform
[2026.08.22-20.53.29:754][  0]LogPhysics: Warning: ForeachShape(Convex): ScaledElem[0] invalid
[2026.08.22-20.53.29:754][  0]LogPhysics: Warning: Scale for /Game/Maps/Map_Master.Map_Master:PersistentLevel.BP_Hall_Light_5.Light has a component set to zero, which will result in a bad body instance. Scale:X=1.000 Y=1.000 Z=0.000
[2026.08.22-20.53.29:754][  0]LogPhysics: Warning: PopulatePhysXGeometryAndTransform(Convex): ConvexElem has invalid transform
[2026.08.22-20.53.29:755][  0]LogPhysics: Warning: ForeachShape(Convex): ScaledElem[0] invalid
[2026.08.22-20.53.29:757][  0]LogPhysics: Warning: Scale for /Game/Maps/Map_Master.Map_Master:PersistentLevel.BP_GlowLight2.Light has a component set to zero, which will result in a bad body instance. Scale:X=1.000 Y=1.000 Z=0.000
[2026.08.22-20.53.29:757][  0]LogPhysics: Warning: PopulatePhysXGeometryAndTransform(Convex): ConvexElem has invalid transform
[2026.08.22-20.53.29:757][  0]LogPhysics: Warning: ForeachShape(Convex): ScaledElem[0] invalid
[2026.08.22-20.53.29:757][  0]LogPhysics: Warning: Scale for /Game/Maps/Map_Master.Map_Master:PersistentLevel.BP_GlowLight2.Light has a component set to zero, which will result in a bad body instance. Scale:X=1.000 Y=1.000 Z=0.000
[2026.08.22-20.53.29:757][  0]LogPhysics: Warning: PopulatePhysXGeometryAndTransform(Convex): ConvexElem has invalid transform
[2026.08.22-20.53.29:758][  0]LogPhysics: Warning: ForeachShape(Convex): ScaledElem[0] invalid
[2026.08.22-20.53.29:758][  0]LogPhysics: Warning: Scale for /Game/Maps/Map_Master.Map_Master:PersistentLevel.BP_GlowLight2.Light has a component set to zero, which will result in a bad body instance. Scale:X=1.000 Y=1.000 Z=0.000
[2026.08.22-20.53.29:758][  0]LogPhysics: Warning: PopulatePhysXGeometryAndTransform(Convex): ConvexElem has invalid transform
[2026.08.22-20.53.29:758][  0]LogPhysics: Warning: ForeachShape(Convex): ScaledElem[0] invalid
[2026.08.22-20.53.29:759][  0]LogPhysics: Warning: Scale for /Game/Maps/Map_Master.Map_Master:PersistentLevel.BP_GlowLight3.Light has a component set to zero, which will result in a bad body instance. Scale:X=1.000 Y=1.000 Z=0.000
[2026.08.22-20.53.29:759][  0]LogPhysics: Warning: PopulatePhysXGeometryAndTransform(Convex): ConvexElem has invalid transform
[2026.08.22-20.53.29:759][  0]LogPhysics: Warning: ForeachShape(Convex): ScaledElem[0] invalid
[2026.08.22-20.53.29:760][  0]LogPhysics: Warning: Scale for /Game/Maps/Map_Master.Map_Master:PersistentLevel.BP_GlowLight3.Light has a component set to zero, which will result in a bad body instance. Scale:X=1.000 Y=1.000 Z=0.000
[2026.08.22-20.53.29:760][  0]LogPhysics: Warning: PopulatePhysXGeometryAndTransform(Convex): ConvexElem has invalid transform
[2026.08.22-20.53.29:760][  0]LogPhysics: Warning: ForeachShape(Convex): ScaledElem[0] invalid
[2026.08.22-20.53.29:760][  0]LogPhysics: Warning: Scale for /Game/Maps/Map_Master.Map_Master:PersistentLevel.BP_GlowLight3.Light has a component set to zero, which will result in a bad body instance. Scale:X=1.000 Y=1.000 Z=0.000
[2026.08.22-20.53.29:760][  0]LogPhysics: Warning: PopulatePhysXGeometryAndTransform(Convex): ConvexElem has invalid transform
[2026.08.22-20.53.29:760][  0]LogPhysics: Warning: ForeachShape(Convex): ScaledElem[0] invalid
[2026.08.22-20.53.29:761][  0]LogPhysics: Warning: Scale for /Game/Maps/Map_Master.Map_Master:PersistentLevel.BP_GlowLight4.Light has a component set to zero, which will result in a bad body instance. Scale:X=1.000 Y=1.000 Z=0.000
[2026.08.22-20.53.29:761][  0]LogPhysics: Warning: PopulatePhysXGeometryAndTransform(Convex): ConvexElem has invalid transform
[2026.08.22-20.53.29:761][  0]LogPhysics: Warning: ForeachShape(Convex): ScaledElem[0] invalid
[2026.08.22-20.53.29:762][  0]LogPhysics: Warning: Scale for /Game/Maps/Map_Master.Map_Master:PersistentLevel.BP_GlowLight4.Light has a component set to zero, which will result in a bad body instance. Scale:X=1.000 Y=1.000 Z=0.000
[2026.08.22-20.53.29:762][  0]LogPhysics: Warning: PopulatePhysXGeometryAndTransform(Convex): ConvexElem has invalid transform
[2026.08.22-20.53.29:762][  0]LogPhysics: Warning: ForeachShape(Convex): ScaledElem[0] invalid
[2026.08.22-20.53.29:763][  0]LogPhysics: Warning: Scale for /Game/Maps/Map_Master.Map_Master:PersistentLevel.BP_GlowLight4.Light has a component set to zero, which will result in a bad body instance. Scale:X=1.000 Y=1.000 Z=0.000
[2026.08.22-20.53.29:763][  0]LogPhysics: Warning: PopulatePhysXGeometryAndTransform(Convex): ConvexElem has invalid transform
[2026.08.22-20.53.29:763][  0]LogPhysics: Warning: ForeachShape(Convex): ScaledElem[0] invalid
[2026.08.22-20.53.29:764][  0]LogPhysics: Warning: Scale for /Game/Maps/Map_Master.Map_Master:PersistentLevel.BP_GlowLight5.Light has a component set to zero, which will result in a bad body instance. Scale:X=1.000 Y=1.000 Z=0.000
[2026.08.22-20.53.29:764][  0]LogPhysics: Warning: PopulatePhysXGeometryAndTransform(Convex): ConvexElem has invalid transform
[2026.08.22-20.53.29:764][  0]LogPhysics: Warning: ForeachShape(Convex): ScaledElem[0] invalid
[2026.08.22-20.53.29:765][  0]LogPhysics: Warning: Scale for /Game/Maps/Map_Master.Map_Master:PersistentLevel.BP_GlowLight5.Light has a component set to zero, which will result in a bad body instance. Scale:X=1.000 Y=1.000 Z=0.000
[2026.08.22-20.53.29:765][  0]LogPhysics: Warning: PopulatePhysXGeometryAndTransform(Convex): ConvexElem has invalid transform
[2026.08.22-20.53.29:765][  0]LogPhysics: Warning: ForeachShape(Convex): ScaledElem[0] invalid
[2026.08.22-20.53.29:765][  0]LogPhysics: Warning: Scale for /Game/Maps/Map_Master.Map_Master:PersistentLevel.BP_GlowLight5.Light has a component set to zero, which will result in a bad body instance. Scale:X=1.000 Y=1.000 Z=0.000
[2026.08.22-20.53.29:765][  0]LogPhysics: Warning: PopulatePhysXGeometryAndTransform(Convex): ConvexElem has invalid transform
[2026.08.22-20.53.29:765][  0]LogPhysics: Warning: ForeachShape(Convex): ScaledElem[0] invalid
[2026.08.22-20.53.29:909][  0]LogStreaming: Display: ULevelStreaming::RequestLevel(/Game/Maps/Game_Map) is flushing async loading
[2026.08.22-20.53.29:909][  0]LogStreaming: Display: FlushAsyncLoading: 1 QueuedPackages, 0 AsyncPackages
[2026.08.22-20.53.30:317][  0]LogStreaming: Display: ULevelStreaming::RequestLevel(/Game/Maps/Sattelite_01) is flushing async loading
[2026.08.22-20.53.30:383][  0]LogEditorServer: Finished looking for orphan Actors (0.000 secs)
[2026.08.22-20.53.30:469][  0]LogUObjectHash: Compacting FUObjectHashTables data took   3.76ms
[2026.08.22-20.53.30:484][  0]Cmd: MAP CHECKDEP NOCLEARLOG
[2026.08.22-20.53.30:487][  0]MapCheck: Map check complete: 0 Error(s), 0 Warning(s), took 1.111ms to complete.
[2026.08.22-20.53.30:487][  0]LogFileHelpers: Loading map 'Map_Master' took 11.063
[2026.08.22-20.53.30:726][  0]LogUnrealEdMisc: Total Editor Startup Time, took 24.875
[2026.08.22-20.53.31:492][  0]LogSlate: Updating window title bar state: overlay mode, drag disabled, window buttons hidden, title bar hidden
[2026.08.22-20.53.31:511][  0]LogSlate: Updating window title bar state: overlay mode, drag disabled, window buttons hidden, title bar hidden
[2026.08.22-20.53.31:530][  0]LogSlate: Updating window title bar state: overlay mode, drag disabled, window buttons hidden, title bar hidden
[2026.08.22-20.53.31:552][  0]LogSlate: Updating window title bar state: overlay mode, drag disabled, window buttons hidden, title bar hidden
[2026.08.22-20.53.31:731][  0]LogNativeClassHierarchy: Verbose: Native class hierarchy populated in 0.0445 seconds. Added 3823 classes and 931 folders.
[2026.08.22-20.53.31:737][  0]LogNativeClassHierarchy: Verbose: Native class hierarchy updated for 'WidgetCarousel' in 0.0006 seconds. Added 0 classes and 0 folders.
[2026.08.22-20.53.31:984][  0]LogPakFile: PakFile PrimaryIndexSize=187
[2026.08.22-20.53.31:984][  0]LogPakFile: PakFile PathHashIndexSize=101
[2026.08.22-20.53.31:984][  0]LogPakFile: PakFile FullDirectoryIndexSize=148
[2026.08.22-20.53.31:987][  0]LogShaderLibrary: Display: ShaderCodeLibraryPakFileMountedCallback: PakFile 'C:/Program Files/Epic Games/UE_4.27/FeaturePacks/FP_FirstPerson.upack' (chunk index -1, root 'root:/') mounted
[2026.08.22-20.53.31:987][  0]LogShaderLibrary: Display: ShaderCodeLibraryPakFileMountedCallback: pending pak file info (ChunkID:-1 Root:root:/ File:C:/Program Files/Epic Games/UE_4.27/FeaturePacks/FP_FirstPerson.upack)
[2026.08.22-20.53.31:987][  0]LogPakFile: OnPakFileMounted2Time == 0.002325
[2026.08.22-20.53.32:030][  0]LogPakFile: PakFile PrimaryIndexSize=189
[2026.08.22-20.53.32:030][  0]LogPakFile: PakFile PathHashIndexSize=101
[2026.08.22-20.53.32:030][  0]LogPakFile: PakFile FullDirectoryIndexSize=152
[2026.08.22-20.53.32:030][  0]LogShaderLibrary: Display: ShaderCodeLibraryPakFileMountedCallback: PakFile 'C:/Program Files/Epic Games/UE_4.27/FeaturePacks/FP_FirstPersonBP.upack' (chunk index -1, root 'root:/') mounted
[2026.08.22-20.53.32:030][  0]LogShaderLibrary: Display: ShaderCodeLibraryPakFileMountedCallback: pending pak file info (ChunkID:-1 Root:root:/ File:C:/Program Files/Epic Games/UE_4.27/FeaturePacks/FP_FirstPersonBP.upack)
[2026.08.22-20.53.32:030][  0]LogPakFile: OnPakFileMounted2Time == 0.000133
[2026.08.22-20.53.32:067][  0]LogPakFile: PakFile PrimaryIndexSize=191
[2026.08.22-20.53.32:067][  0]LogPakFile: PakFile PathHashIndexSize=101
[2026.08.22-20.53.32:067][  0]LogPakFile: PakFile FullDirectoryIndexSize=160
[2026.08.22-20.53.32:068][  0]LogShaderLibrary: Display: ShaderCodeLibraryPakFileMountedCallback: PakFile 'C:/Program Files/Epic Games/UE_4.27/FeaturePacks/MobileStarterContent.upack' (chunk index -1, root 'root:/') mounted
[2026.08.22-20.53.32:068][  0]LogShaderLibrary: Display: ShaderCodeLibraryPakFileMountedCallback: pending pak file info (ChunkID:-1 Root:root:/ File:C:/Program Files/Epic Games/UE_4.27/FeaturePacks/MobileStarterContent.upack)
[2026.08.22-20.53.32:068][  0]LogPakFile: OnPakFileMounted2Time == 0.000150
[2026.08.22-20.53.32:098][  0]LogPakFile: PakFile PrimaryIndexSize=185
[2026.08.22-20.53.32:098][  0]LogPakFile: PakFile PathHashIndexSize=101
[2026.08.22-20.53.32:098][  0]LogPakFile: PakFile FullDirectoryIndexSize=148
[2026.08.22-20.53.32:098][  0]LogShaderLibrary: Display: ShaderCodeLibraryPakFileMountedCallback: PakFile 'C:/Program Files/Epic Games/UE_4.27/FeaturePacks/StarterContent.upack' (chunk index -1, root 'root:/') mounted
[2026.08.22-20.53.32:098][  0]LogShaderLibrary: Display: ShaderCodeLibraryPakFileMountedCallback: pending pak file info (ChunkID:-1 Root:root:/ File:C:/Program Files/Epic Games/UE_4.27/FeaturePacks/StarterContent.upack)
[2026.08.22-20.53.32:098][  0]LogPakFile: OnPakFileMounted2Time == 0.000118
[2026.08.22-20.53.32:138][  0]LogPakFile: PakFile PrimaryIndexSize=190
[2026.08.22-20.53.32:138][  0]LogPakFile: PakFile PathHashIndexSize=101
[2026.08.22-20.53.32:139][  0]LogPakFile: PakFile FullDirectoryIndexSize=154
[2026.08.22-20.53.32:139][  0]LogShaderLibrary: Display: ShaderCodeLibraryPakFileMountedCallback: PakFile 'C:/Program Files/Epic Games/UE_4.27/FeaturePacks/TP_2DSideScroller.upack' (chunk index -1, root 'root:/') mounted
[2026.08.22-20.53.32:139][  0]LogShaderLibrary: Display: ShaderCodeLibraryPakFileMountedCallback: pending pak file info (ChunkID:-1 Root:root:/ File:C:/Program Files/Epic Games/UE_4.27/FeaturePacks/TP_2DSideScroller.upack)
[2026.08.22-20.53.32:139][  0]LogPakFile: OnPakFileMounted2Time == 0.000088
[2026.08.22-20.53.32:164][  0]LogPakFile: PakFile PrimaryIndexSize=192
[2026.08.22-20.53.32:164][  0]LogPakFile: PakFile PathHashIndexSize=101
[2026.08.22-20.53.32:164][  0]LogPakFile: PakFile FullDirectoryIndexSize=158
[2026.08.22-20.53.32:164][  0]LogShaderLibrary: Display: ShaderCodeLibraryPakFileMountedCallback: PakFile 'C:/Program Files/Epic Games/UE_4.27/FeaturePacks/TP_2DSideScrollerBP.upack' (chunk index -1, root 'root:/') mounted
[2026.08.22-20.53.32:164][  0]LogShaderLibrary: Display: ShaderCodeLibraryPakFileMountedCallback: pending pak file info (ChunkID:-1 Root:root:/ File:C:/Program Files/Epic Games/UE_4.27/FeaturePacks/TP_2DSideScrollerBP.upack)
[2026.08.22-20.53.32:164][  0]LogPakFile: OnPakFileMounted2Time == 0.000142
[2026.08.22-20.53.32:197][  0]LogPakFile: PakFile PrimaryIndexSize=182
[2026.08.22-20.53.32:197][  0]LogPakFile: PakFile PathHashIndexSize=101
[2026.08.22-20.53.32:197][  0]LogPakFile: PakFile FullDirectoryIndexSize=138
[2026.08.22-20.53.32:197][  0]LogShaderLibrary: Display: ShaderCodeLibraryPakFileMountedCallback: PakFile 'C:/Program Files/Epic Games/UE_4.27/FeaturePacks/TP_Flying.upack' (chunk index -1, root 'root:/') mounted
[2026.08.22-20.53.32:197][  0]LogShaderLibrary: Display: ShaderCodeLibraryPakFileMountedCallback: pending pak file info (ChunkID:-1 Root:root:/ File:C:/Program Files/Epic Games/UE_4.27/FeaturePacks/TP_Flying.upack)
[2026.08.22-20.53.32:197][  0]LogPakFile: OnPakFileMounted2Time == 0.000151
[2026.08.22-20.53.32:225][  0]LogPakFile: PakFile PrimaryIndexSize=184
[2026.08.22-20.53.32:226][  0]LogPakFile: PakFile PathHashIndexSize=101
[2026.08.22-20.53.32:226][  0]LogPakFile: PakFile FullDirectoryIndexSize=142
[2026.08.22-20.53.32:226][  0]LogShaderLibrary: Display: ShaderCodeLibraryPakFileMountedCallback: PakFile 'C:/Program Files/Epic Games/UE_4.27/FeaturePacks/TP_FlyingBP.upack' (chunk index -1, root 'root:/') mounted
[2026.08.22-20.53.32:226][  0]LogShaderLibrary: Display: ShaderCodeLibraryPakFileMountedCallback: pending pak file info (ChunkID:-1 Root:root:/ File:C:/Program Files/Epic Games/UE_4.27/FeaturePacks/TP_FlyingBP.upack)
[2026.08.22-20.53.32:226][  0]LogPakFile: OnPakFileMounted2Time == 0.000130
[2026.08.22-20.53.32:250][  0]LogPakFile: PakFile PrimaryIndexSize=188
[2026.08.22-20.53.32:250][  0]LogPakFile: PakFile PathHashIndexSize=101
[2026.08.22-20.53.32:250][  0]LogPakFile: PakFile FullDirectoryIndexSize=150
[2026.08.22-20.53.32:250][  0]LogShaderLibrary: Display: ShaderCodeLibraryPakFileMountedCallback: PakFile 'C:/Program Files/Epic Games/UE_4.27/FeaturePacks/TP_HandheldARBP.upack' (chunk index -1, root 'root:/') mounted
[2026.08.22-20.53.32:251][  0]LogShaderLibrary: Display: ShaderCodeLibraryPakFileMountedCallback: pending pak file info (ChunkID:-1 Root:root:/ File:C:/Program Files/Epic Games/UE_4.27/FeaturePacks/TP_HandheldARBP.upack)
[2026.08.22-20.53.32:251][  0]LogPakFile: OnPakFileMounted2Time == 0.000111
[2026.08.22-20.53.32:286][  0]LogPakFile: PakFile PrimaryIndexSize=182
[2026.08.22-20.53.32:286][  0]LogPakFile: PakFile PathHashIndexSize=101
[2026.08.22-20.53.32:286][  0]LogPakFile: PakFile FullDirectoryIndexSize=138
[2026.08.22-20.53.32:286][  0]LogShaderLibrary: Display: ShaderCodeLibraryPakFileMountedCallback: PakFile 'C:/Program Files/Epic Games/UE_4.27/FeaturePacks/TP_Puzzle.upack' (chunk index -1, root 'root:/') mounted
[2026.08.22-20.53.32:286][  0]LogShaderLibrary: Display: ShaderCodeLibraryPakFileMountedCallback: pending pak file info (ChunkID:-1 Root:root:/ File:C:/Program Files/Epic Games/UE_4.27/FeaturePacks/TP_Puzzle.upack)
[2026.08.22-20.53.32:286][  0]LogPakFile: OnPakFileMounted2Time == 0.000134
[2026.08.22-20.53.32:316][  0]LogPakFile: PakFile PrimaryIndexSize=184
[2026.08.22-20.53.32:316][  0]LogPakFile: PakFile PathHashIndexSize=101
[2026.08.22-20.53.32:317][  0]LogPakFile: PakFile FullDirectoryIndexSize=142
[2026.08.22-20.53.32:317][  0]LogShaderLibrary: Display: ShaderCodeLibraryPakFileMountedCallback: PakFile 'C:/Program Files/Epic Games/UE_4.27/FeaturePacks/TP_PuzzleBP.upack' (chunk index -1, root 'root:/') mounted
[2026.08.22-20.53.32:317][  0]LogShaderLibrary: Display: ShaderCodeLibraryPakFileMountedCallback: pending pak file info (ChunkID:-1 Root:root:/ File:C:/Program Files/Epic Games/UE_4.27/FeaturePacks/TP_PuzzleBP.upack)
[2026.08.22-20.53.32:317][  0]LogPakFile: OnPakFileMounted2Time == 0.000132
[2026.08.22-20.53.32:347][  0]LogPakFile: PakFile PrimaryIndexSize=183
[2026.08.22-20.53.32:347][  0]LogPakFile: PakFile PathHashIndexSize=101
[2026.08.22-20.53.32:347][  0]LogPakFile: PakFile FullDirectoryIndexSize=140
[2026.08.22-20.53.32:347][  0]LogShaderLibrary: Display: ShaderCodeLibraryPakFileMountedCallback: PakFile 'C:/Program Files/Epic Games/UE_4.27/FeaturePacks/TP_Rolling.upack' (chunk index -1, root 'root:/') mounted
[2026.08.22-20.53.32:347][  0]LogShaderLibrary: Display: ShaderCodeLibraryPakFileMountedCallback: pending pak file info (ChunkID:-1 Root:root:/ File:C:/Program Files/Epic Games/UE_4.27/FeaturePacks/TP_Rolling.upack)
[2026.08.22-20.53.32:347][  0]LogPakFile: OnPakFileMounted2Time == 0.000121
[2026.08.22-20.53.32:377][  0]LogPakFile: PakFile PrimaryIndexSize=185
[2026.08.22-20.53.32:377][  0]LogPakFile: PakFile PathHashIndexSize=101
[2026.08.22-20.53.32:377][  0]LogPakFile: PakFile FullDirectoryIndexSize=144
[2026.08.22-20.53.32:378][  0]LogShaderLibrary: Display: ShaderCodeLibraryPakFileMountedCallback: PakFile 'C:/Program Files/Epic Games/UE_4.27/FeaturePacks/TP_RollingBP.upack' (chunk index -1, root 'root:/') mounted
[2026.08.22-20.53.32:378][  0]LogShaderLibrary: Display: ShaderCodeLibraryPakFileMountedCallback: pending pak file info (ChunkID:-1 Root:root:/ File:C:/Program Files/Epic Games/UE_4.27/FeaturePacks/TP_RollingBP.upack)
[2026.08.22-20.53.32:378][  0]LogPakFile: OnPakFileMounted2Time == 0.000123
[2026.08.22-20.53.32:405][  0]LogPakFile: PakFile PrimaryIndexSize=188
[2026.08.22-20.53.32:405][  0]LogPakFile: PakFile PathHashIndexSize=101
[2026.08.22-20.53.32:405][  0]LogPakFile: PakFile FullDirectoryIndexSize=150
[2026.08.22-20.53.32:405][  0]LogShaderLibrary: Display: ShaderCodeLibraryPakFileMountedCallback: PakFile 'C:/Program Files/Epic Games/UE_4.27/FeaturePacks/TP_SideScroller.upack' (chunk index -1, root 'root:/') mounted
[2026.08.22-20.53.32:405][  0]LogShaderLibrary: Display: ShaderCodeLibraryPakFileMountedCallback: pending pak file info (ChunkID:-1 Root:root:/ File:C:/Program Files/Epic Games/UE_4.27/FeaturePacks/TP_SideScroller.upack)
[2026.08.22-20.53.32:405][  0]LogPakFile: OnPakFileMounted2Time == 0.000137
[2026.08.22-20.53.32:429][  0]LogPakFile: PakFile PrimaryIndexSize=190
[2026.08.22-20.53.32:429][  0]LogPakFile: PakFile PathHashIndexSize=101
[2026.08.22-20.53.32:429][  0]LogPakFile: PakFile FullDirectoryIndexSize=154
[2026.08.22-20.53.32:430][  0]LogShaderLibrary: Display: ShaderCodeLibraryPakFileMountedCallback: PakFile 'C:/Program Files/Epic Games/UE_4.27/FeaturePacks/TP_SideScrollerBP.upack' (chunk index -1, root 'root:/') mounted
[2026.08.22-20.53.32:430][  0]LogShaderLibrary: Display: ShaderCodeLibraryPakFileMountedCallback: pending pak file info (ChunkID:-1 Root:root:/ File:C:/Program Files/Epic Games/UE_4.27/FeaturePacks/TP_SideScrollerBP.upack)
[2026.08.22-20.53.32:430][  0]LogPakFile: OnPakFileMounted2Time == 0.000126
[2026.08.22-20.53.32:462][  0]LogPakFile: PakFile PrimaryIndexSize=187
[2026.08.22-20.53.32:462][  0]LogPakFile: PakFile PathHashIndexSize=101
[2026.08.22-20.53.32:462][  0]LogPakFile: PakFile FullDirectoryIndexSize=148
[2026.08.22-20.53.32:462][  0]LogShaderLibrary: Display: ShaderCodeLibraryPakFileMountedCallback: PakFile 'C:/Program Files/Epic Games/UE_4.27/FeaturePacks/TP_ThirdPerson.upack' (chunk index -1, root 'root:/') mounted
[2026.08.22-20.53.32:463][  0]LogShaderLibrary: Display: ShaderCodeLibraryPakFileMountedCallback: pending pak file info (ChunkID:-1 Root:root:/ File:C:/Program Files/Epic Games/UE_4.27/FeaturePacks/TP_ThirdPerson.upack)
[2026.08.22-20.53.32:463][  0]LogPakFile: OnPakFileMounted2Time == 0.000119
[2026.08.22-20.53.32:487][  0]LogPakFile: PakFile PrimaryIndexSize=189
[2026.08.22-20.53.32:487][  0]LogPakFile: PakFile PathHashIndexSize=101
[2026.08.22-20.53.32:487][  0]LogPakFile: PakFile FullDirectoryIndexSize=152
[2026.08.22-20.53.32:488][  0]LogShaderLibrary: Display: ShaderCodeLibraryPakFileMountedCallback: PakFile 'C:/Program Files/Epic Games/UE_4.27/FeaturePacks/TP_ThirdPersonBP.upack' (chunk index -1, root 'root:/') mounted
[2026.08.22-20.53.32:488][  0]LogShaderLibrary: Display: ShaderCodeLibraryPakFileMountedCallback: pending pak file info (ChunkID:-1 Root:root:/ File:C:/Program Files/Epic Games/UE_4.27/FeaturePacks/TP_ThirdPersonBP.upack)
[2026.08.22-20.53.32:488][  0]LogPakFile: OnPakFileMounted2Time == 0.000123
[2026.08.22-20.53.32:520][  0]LogPakFile: PakFile PrimaryIndexSize=183
[2026.08.22-20.53.32:520][  0]LogPakFile: PakFile PathHashIndexSize=101
[2026.08.22-20.53.32:520][  0]LogPakFile: PakFile FullDirectoryIndexSize=140
[2026.08.22-20.53.32:520][  0]LogShaderLibrary: Display: ShaderCodeLibraryPakFileMountedCallback: PakFile 'C:/Program Files/Epic Games/UE_4.27/FeaturePacks/TP_TopDown.upack' (chunk index -1, root 'root:/') mounted
[2026.08.22-20.53.32:520][  0]LogShaderLibrary: Display: ShaderCodeLibraryPakFileMountedCallback: pending pak file info (ChunkID:-1 Root:root:/ File:C:/Program Files/Epic Games/UE_4.27/FeaturePacks/TP_TopDown.upack)
[2026.08.22-20.53.32:520][  0]LogPakFile: OnPakFileMounted2Time == 0.000148
[2026.08.22-20.53.32:547][  0]LogPakFile: PakFile PrimaryIndexSize=185
[2026.08.22-20.53.32:547][  0]LogPakFile: PakFile PathHashIndexSize=101
[2026.08.22-20.53.32:547][  0]LogPakFile: PakFile FullDirectoryIndexSize=144
[2026.08.22-20.53.32:547][  0]LogShaderLibrary: Display: ShaderCodeLibraryPakFileMountedCallback: PakFile 'C:/Program Files/Epic Games/UE_4.27/FeaturePacks/TP_TopDownBP.upack' (chunk index -1, root 'root:/') mounted
[2026.08.22-20.53.32:547][  0]LogShaderLibrary: Display: ShaderCodeLibraryPakFileMountedCallback: pending pak file info (ChunkID:-1 Root:root:/ File:C:/Program Files/Epic Games/UE_4.27/FeaturePacks/TP_TopDownBP.upack)
[2026.08.22-20.53.32:547][  0]LogPakFile: OnPakFileMounted2Time == 0.000108
[2026.08.22-20.53.32:590][  0]LogPakFile: PakFile PrimaryIndexSize=185
[2026.08.22-20.53.32:590][  0]LogPakFile: PakFile PathHashIndexSize=101
[2026.08.22-20.53.32:590][  0]LogPakFile: PakFile FullDirectoryIndexSize=144
[2026.08.22-20.53.32:590][  0]LogShaderLibrary: Display: ShaderCodeLibraryPakFileMountedCallback: PakFile 'C:/Program Files/Epic Games/UE_4.27/FeaturePacks/TP_TwinStick.upack' (chunk index -1, root 'root:/') mounted
[2026.08.22-20.53.32:590][  0]LogShaderLibrary: Display: ShaderCodeLibraryPakFileMountedCallback: pending pak file info (ChunkID:-1 Root:root:/ File:C:/Program Files/Epic Games/UE_4.27/FeaturePacks/TP_TwinStick.upack)
[2026.08.22-20.53.32:590][  0]LogPakFile: OnPakFileMounted2Time == 0.000095
[2026.08.22-20.53.32:615][  0]LogPakFile: PakFile PrimaryIndexSize=187
[2026.08.22-20.53.32:616][  0]LogPakFile: PakFile PathHashIndexSize=101
[2026.08.22-20.53.32:616][  0]LogPakFile: PakFile FullDirectoryIndexSize=148
[2026.08.22-20.53.32:616][  0]LogShaderLibrary: Display: ShaderCodeLibraryPakFileMountedCallback: PakFile 'C:/Program Files/Epic Games/UE_4.27/FeaturePacks/TP_TwinStickBP.upack' (chunk index -1, root 'root:/') mounted
[2026.08.22-20.53.32:616][  0]LogShaderLibrary: Display: ShaderCodeLibraryPakFileMountedCallback: pending pak file info (ChunkID:-1 Root:root:/ File:C:/Program Files/Epic Games/UE_4.27/FeaturePacks/TP_TwinStickBP.upack)
[2026.08.22-20.53.32:616][  0]LogPakFile: OnPakFileMounted2Time == 0.000127
[2026.08.22-20.53.32:644][  0]LogPakFile: PakFile PrimaryIndexSize=183
[2026.08.22-20.53.32:644][  0]LogPakFile: PakFile PathHashIndexSize=101
[2026.08.22-20.53.32:644][  0]LogPakFile: PakFile FullDirectoryIndexSize=140
[2026.08.22-20.53.32:644][  0]LogShaderLibrary: Display: ShaderCodeLibraryPakFileMountedCallback: PakFile 'C:/Program Files/Epic Games/UE_4.27/FeaturePacks/TP_Vehicle.upack' (chunk index -1, root 'root:/') mounted
[2026.08.22-20.53.32:644][  0]LogShaderLibrary: Display: ShaderCodeLibraryPakFileMountedCallback: pending pak file info (ChunkID:-1 Root:root:/ File:C:/Program Files/Epic Games/UE_4.27/FeaturePacks/TP_Vehicle.upack)
[2026.08.22-20.53.32:644][  0]LogPakFile: OnPakFileMounted2Time == 0.000122
[2026.08.22-20.53.32:673][  0]LogPakFile: PakFile PrimaryIndexSize=186
[2026.08.22-20.53.32:673][  0]LogPakFile: PakFile PathHashIndexSize=101
[2026.08.22-20.53.32:673][  0]LogPakFile: PakFile FullDirectoryIndexSize=146
[2026.08.22-20.53.32:673][  0]LogShaderLibrary: Display: ShaderCodeLibraryPakFileMountedCallback: PakFile 'C:/Program Files/Epic Games/UE_4.27/FeaturePacks/TP_VehicleAdv.upack' (chunk index -1, root 'root:/') mounted
[2026.08.22-20.53.32:673][  0]LogShaderLibrary: Display: ShaderCodeLibraryPakFileMountedCallback: pending pak file info (ChunkID:-1 Root:root:/ File:C:/Program Files/Epic Games/UE_4.27/FeaturePacks/TP_VehicleAdv.upack)
[2026.08.22-20.53.32:673][  0]LogPakFile: OnPakFileMounted2Time == 0.000125
[2026.08.22-20.53.32:700][  0]LogPakFile: PakFile PrimaryIndexSize=188
[2026.08.22-20.53.32:700][  0]LogPakFile: PakFile PathHashIndexSize=101
[2026.08.22-20.53.32:700][  0]LogPakFile: PakFile FullDirectoryIndexSize=150
[2026.08.22-20.53.32:700][  0]LogShaderLibrary: Display: ShaderCodeLibraryPakFileMountedCallback: PakFile 'C:/Program Files/Epic Games/UE_4.27/FeaturePacks/TP_VehicleAdvBP.upack' (chunk index -1, root 'root:/') mounted
[2026.08.22-20.53.32:700][  0]LogShaderLibrary: Display: ShaderCodeLibraryPakFileMountedCallback: pending pak file info (ChunkID:-1 Root:root:/ File:C:/Program Files/Epic Games/UE_4.27/FeaturePacks/TP_VehicleAdvBP.upack)
[2026.08.22-20.53.32:700][  0]LogPakFile: OnPakFileMounted2Time == 0.000101
[2026.08.22-20.53.32:749][  0]LogPakFile: PakFile PrimaryIndexSize=185
[2026.08.22-20.53.32:749][  0]LogPakFile: PakFile PathHashIndexSize=101
[2026.08.22-20.53.32:749][  0]LogPakFile: PakFile FullDirectoryIndexSize=144
[2026.08.22-20.53.32:749][  0]LogShaderLibrary: Display: ShaderCodeLibraryPakFileMountedCallback: PakFile 'C:/Program Files/Epic Games/UE_4.27/FeaturePacks/TP_VehicleBP.upack' (chunk index -1, root 'root:/') mounted
[2026.08.22-20.53.32:749][  0]LogShaderLibrary: Display: ShaderCodeLibraryPakFileMountedCallback: pending pak file info (ChunkID:-1 Root:root:/ File:C:/Program Files/Epic Games/UE_4.27/FeaturePacks/TP_VehicleBP.upack)
[2026.08.22-20.53.32:749][  0]LogPakFile: OnPakFileMounted2Time == 0.000099
[2026.08.22-20.53.32:779][  0]LogPakFile: PakFile PrimaryIndexSize=192
[2026.08.22-20.53.32:779][  0]LogPakFile: PakFile PathHashIndexSize=101
[2026.08.22-20.53.32:779][  0]LogPakFile: PakFile FullDirectoryIndexSize=158
[2026.08.22-20.53.32:780][  0]LogShaderLibrary: Display: ShaderCodeLibraryPakFileMountedCallback: PakFile 'C:/Program Files/Epic Games/UE_4.27/FeaturePacks/TP_VirtualRealityBP.upack' (chunk index -1, root 'root:/') mounted
[2026.08.22-20.53.32:780][  0]LogShaderLibrary: Display: ShaderCodeLibraryPakFileMountedCallback: pending pak file info (ChunkID:-1 Root:root:/ File:C:/Program Files/Epic Games/UE_4.27/FeaturePacks/TP_VirtualRealityBP.upack)
[2026.08.22-20.53.32:780][  0]LogPakFile: OnPakFileMounted2Time == 0.000119
[2026.08.22-20.53.33:566][  0]LogNativeClassHierarchy: Verbose: Native class hierarchy updated for 'AddContentDialog' in 0.0005 seconds. Added 0 classes and 0 folders.
[2026.08.22-20.53.33:994][  0]LogNativeClassHierarchy: Verbose: Native class hierarchy updated for 'SceneOutliner' in 0.0007 seconds. Added 2 classes and 0 folders.
[2026.08.22-20.53.34:139][  0]LogSlate: Took 0.002760 seconds to synchronously load lazily loaded font '../../../Engine/Content/Slate/Fonts/Roboto-Regular.ttf' (155K)
[2026.08.22-20.53.34:167][  0]LogSlate: Took 0.023173 seconds to synchronously load lazily loaded font '../../../Engine/Content/Editor/Slate/Fonts/FontAwesome.ttf' (139K)
[2026.08.22-20.53.34:176][  0]LogSlate: Took 0.001104 seconds to synchronously load lazily loaded font '../../../Engine/Content/Slate/Fonts/Roboto-Bold.ttf' (160K)
[2026.08.22-20.53.34:594][  0]LogRenderer: Reallocating scene render targets to support 772x368 Format 9 NumSamples 1 (Frame:1).
[2026.08.22-20.53.35:210][  0]LogShaderCompilers: Display: Worker (3/3): shaders left to compile 20
[2026.08.22-20.53.35:210][  0]LogShaderCompilers: Display: Started 7 'Local' shader compile jobs with 'ForceLocal' priority
[2026.08.22-20.53.35:257][  0]LogNativeClassHierarchy: Verbose: Native class hierarchy updated for 'HierarchicalLODOutliner' in 0.0005 seconds. Added 0 classes and 0 folders.
[2026.08.22-20.53.35:257][  0]LogInput: Warning: Action Jump uses invalid key OculusGo_Left_Trigger_Click.
[2026.08.22-20.53.35:257][  0]LogInput: Warning: Action ResetVR uses invalid key OculusGo_Left_Trackpad_Click.
[2026.08.22-20.53.35:257][  0]LogInput: Warning: Use -RemoveInvalidKeys to remove instances of these keys from the action mapping.
[2026.08.22-20.53.35:258][  0]LogLoad: (Engine Initialization) Total time: 29.41 seconds
[2026.08.22-20.53.35:258][  0]LogLoad: (Engine Initialization) Total Blueprint compile time: 0.00 seconds
[2026.08.22-20.53.35:394][  0]LogContentStreaming: Texture pool size now 400 MB
[2026.08.22-20.53.35:604][  2]LogAssetRegistry: Asset discovery search completed in 23.1771 seconds
[2026.08.22-20.53.35:646][  2]LogCollectionManager: Fixed up redirectors for 0 collections in 0.000013 seconds (updated 0 objects)
[2026.08.22-20.53.35:726][  2]LogSlate: Took 0.019611 seconds to synchronously load lazily loaded font '../../../Engine/Content/Slate/Fonts/Roboto-Light.ttf' (167K)
[2026.08.22-20.53.36:374][ 15]LogSlate: Took 0.000283 seconds to synchronously load lazily loaded font '../../../Engine/Content/Slate/Fonts/Roboto-Light.ttf' (167K)
[2026.08.22-20.53.39:897][115]LogAssetEditorSubsystem: Opening Asset editor for Blueprint /Game/BPs/Interactable/Fuse_Box_Puzzle/BP_Lever.BP_Lever
[2026.08.22-20.53.40:416][115]LogBlueprintEditor: Perf: 0.5 total seconds to load all 5 blueprint libraries in project. Avoid references to content in blueprint libraries to shorten this time.
[2026.08.22-20.53.40:416][115]LogBlueprintEditor: Perf: 0.2 seconds loading: /Engine/ArtTools/RenderToTexture/Macros/RenderToTextureMacros
[2026.08.22-20.53.40:979][115]LogShaderCompilers: Display: Worker (1/3): shaders left to compile 13
[2026.08.22-20.53.40:979][115]LogShaderCompilers: Display: Started 5 'Local' shader compile jobs with 'ForceLocal' priority
[2026.08.22-20.53.42:311][115]LogShaderCompilers: Display: Worker (2/3): shaders left to compile 8
[2026.08.22-20.53.42:311][115]LogShaderCompilers: Display: Started 3 'Local' shader compile jobs with 'ForceLocal' priority
[2026.08.22-20.53.42:570][115]LogNativeClassHierarchy: Verbose: Native class hierarchy updated for 'BlueprintGraph' in 0.0015 seconds. Added 126 classes and 0 folders.
[2026.08.22-20.53.45:373][115]LogAssetEditorSubsystem: Opening Asset editor for Blueprint /Game/BPs/Interactable/Control_Room/BP_Control_Console_Game_Map.BP_Control_Console_Game_Map
[2026.08.22-20.53.46:357][115]LogAssetEditorSubsystem: Opening Asset editor for Blueprint /Game/BPs/Characters/FirstPersonBP/Blueprints/FirstPersonCharacter.FirstPersonCharacter
[2026.08.22-20.53.47:687][115]LogSlate: Took 0.001001 seconds to synchronously load lazily loaded font '../../../Engine/Content/Slate/Fonts/Roboto-BoldCondensed.ttf' (158K)
[2026.08.22-20.53.48:891][116]LogSlate: Took 0.017339 seconds to synchronously load lazily loaded font '../../../Engine/Content/Slate/Fonts/Roboto-Italic.ttf' (157K)
[2026.08.22-20.53.50:231][176]LogShaderCompilers: Display: Worker (2/3): shaders left to compile 13
[2026.08.22-20.53.50:231][176]LogShaderCompilers: Display: Started 5 'Local' shader compile jobs with 'ForceLocal' priority
[2026.08.22-20.53.51:613][240]LogWorld: UWorld::CleanupWorld for World_1, bSessionEnded=true, bCleanupResources=true
[2026.08.22-20.53.51:616][240]LogSlate: InvalidateAllWidgets triggered.  All widgets were invalidated
[2026.08.22-20.53.51:741][240]LogShaderCompilers: Display: Worker (1/3): shaders left to compile 8
[2026.08.22-20.53.51:741][240]LogShaderCompilers: Display: Started 3 'Local' shader compile jobs with 'ForceLocal' priority
[2026.08.22-20.53.55:183][341]LogActorComponent: UnregisterComponent: (/Engine/Transient.EditorFloorComp) Not registered. Aborting.
[2026.08.22-20.53.55:183][341]LogWorld: UWorld::CleanupWorld for World_3, bSessionEnded=true, bCleanupResources=true
[2026.08.22-20.53.55:183][341]LogSlate: InvalidateAllWidgets triggered.  All widgets were invalidated
[2026.08.22-20.54.00:661][473]LogUObjectHash: Compacting FUObjectHashTables data took   5.30ms
[2026.08.22-20.54.00:699][473]LogAssetEditorSubsystem: Opening Asset editor for World /Game/Maps/Sattelite_01.Sattelite_01
[2026.08.22-20.54.00:700][473]Cmd: MAP LOAD FILE="D:/Event_Horizon_SOL_V2/Content/Maps/Sattelite_01.umap" TEMPLATE=0 SHOWPROGRESS=1 FEATURELEVEL=3
[2026.08.22-20.54.00:701][473]LightingResults: New page: Lighting Build
[2026.08.22-20.54.00:701][473]LoadErrors: New page: Loading map: Sattelite_01.umap
[2026.08.22-20.54.00:717][473]LogWorld: UWorld::CleanupWorld for Map_Master, bSessionEnded=true, bCleanupResources=true
[2026.08.22-20.54.00:719][473]LogSlate: InvalidateAllWidgets triggered.  All widgets were invalidated
[2026.08.22-20.54.00:720][473]LogWorld: UWorld::CleanupWorld for Game_Map, bSessionEnded=true, bCleanupResources=true
[2026.08.22-20.54.00:720][473]LogSlate: InvalidateAllWidgets triggered.  All widgets were invalidated
[2026.08.22-20.54.00:720][473]LogWorld: UWorld::CleanupWorld for Sattelite_01, bSessionEnded=true, bCleanupResources=true
[2026.08.22-20.54.00:720][473]LogSlate: InvalidateAllWidgets triggered.  All widgets were invalidated
[2026.08.22-20.54.00:720][473]MapCheck: New page: Map Check
[2026.08.22-20.54.00:721][473]LightingResults: New page: Lighting Build
[2026.08.22-20.54.00:767][473]LogAudio: Display: Audio Device unregistered from world 'None'.
[2026.08.22-20.54.00:797][473]LogUObjectHash: Compacting FUObjectHashTables data took   5.04ms
[2026.08.22-20.54.00:800][473]LogAudio: Display: Audio Device (ID: 1) registered with world 'Sattelite_01'.
[2026.08.22-20.54.00:802][473]LogAIModule: Creating AISystem for world Sattelite_01
[2026.08.22-20.54.00:998][473]LogEditorServer: Finished looking for orphan Actors (0.000 secs)
[2026.08.22-20.54.01:084][473]LogUObjectHash: Compacting FUObjectHashTables data took   4.16ms
[2026.08.22-20.54.01:115][473]Cmd: MAP CHECKDEP NOCLEARLOG
[2026.08.22-20.54.01:116][473]MapCheck: Map check complete: 0 Error(s), 0 Warning(s), took 0.137ms to complete.
[2026.08.22-20.54.01:116][473]LogFileHelpers: Loading map 'Sattelite_01' took 0.416
[2026.08.22-20.54.01:254][473]LogUObjectHash: Compacting FUObjectHashTables data took   1.07ms
[2026.08.22-20.54.06:087][665]LogTemp: Wakatime Integration: Heartbeat accepted with code 202
[2026.08.22-20.54.08:060][752]LogShaderCompilers: Display: Worker (3/3): shaders left to compile 5
[2026.08.22-20.54.08:060][752]LogShaderCompilers: Display: Started 2 'Local' shader compile jobs with 'ForceLocal' priority
[2026.08.22-20.54.30:256][689]LogShaderCompilers: Display: Worker (1/3): shaders left to compile 3
[2026.08.22-20.54.30:256][689]LogShaderCompilers: Display: Started 2 'Local' shader compile jobs with 'ForceLocal' priority
[2026.08.22-20.54.34:172][855]LogUObjectHash: Compacting FUObjectHashTables data took   1.34ms
[2026.08.22-20.54.34:304][855]LogAssetEditorSubsystem: Opening Asset editor for World /Game/Maps/Map_Master.Map_Master
[2026.08.22-20.54.34:304][855]Cmd: MAP LOAD FILE="D:/Event_Horizon_SOL_V2/Content/Maps/Map_Master.umap" TEMPLATE=0 SHOWPROGRESS=1 FEATURELEVEL=3
[2026.08.22-20.54.34:304][855]LightingResults: New page: Lighting Build
[2026.08.22-20.54.34:304][855]LoadErrors: New page: Loading map: Map_Master.umap
[2026.08.22-20.54.34:306][855]LogWorld: UWorld::CleanupWorld for Sattelite_01, bSessionEnded=true, bCleanupResources=true
[2026.08.22-20.54.34:307][855]LogSlate: InvalidateAllWidgets triggered.  All widgets were invalidated
[2026.08.22-20.54.34:307][855]MapCheck: New page: Map Check
[2026.08.22-20.54.34:307][855]LightingResults: New page: Lighting Build
[2026.08.22-20.54.34:361][855]LogAudio: Display: Audio Device unregistered from world 'None'.
[2026.08.22-20.54.34:372][855]LogUObjectHash: Compacting FUObjectHashTables data took   4.37ms
[2026.08.22-20.54.34:374][855]LogAudio: Display: Audio Device (ID: 1) registered with world 'Map_Master'.
[2026.08.22-20.54.34:380][855]LogPhysics: Warning: Scale for /Game/Maps/Map_Master.Map_Master:PersistentLevel.BP_Hall_Light_5.Light has a component set to zero, which will result in a bad body instance. Scale:X=1.000 Y=1.000 Z=0.000
[2026.08.22-20.54.34:380][855]LogPhysics: Warning: PopulatePhysXGeometryAndTransform(Convex): ConvexElem has invalid transform
[2026.08.22-20.54.34:380][855]LogPhysics: Warning: ForeachShape(Convex): ScaledElem[0] invalid
[2026.08.22-20.54.34:380][855]LogPhysics: Warning: Scale for /Game/Maps/Map_Master.Map_Master:PersistentLevel.BP_GlowLight2.Light has a component set to zero, which will result in a bad body instance. Scale:X=1.000 Y=1.000 Z=0.000
[2026.08.22-20.54.34:381][855]LogPhysics: Warning: PopulatePhysXGeometryAndTransform(Convex): ConvexElem has invalid transform
[2026.08.22-20.54.34:381][855]LogPhysics: Warning: ForeachShape(Convex): ScaledElem[0] invalid
[2026.08.22-20.54.34:381][855]LogPhysics: Warning: Scale for /Game/Maps/Map_Master.Map_Master:PersistentLevel.BP_GlowLight3.Light has a component set to zero, which will result in a bad body instance. Scale:X=1.000 Y=1.000 Z=0.000
[2026.08.22-20.54.34:381][855]LogPhysics: Warning: PopulatePhysXGeometryAndTransform(Convex): ConvexElem has invalid transform
[2026.08.22-20.54.34:381][855]LogPhysics: Warning: ForeachShape(Convex): ScaledElem[0] invalid
[2026.08.22-20.54.34:381][855]LogPhysics: Warning: Scale for /Game/Maps/Map_Master.Map_Master:PersistentLevel.BP_GlowLight4.Light has a component set to zero, which will result in a bad body instance. Scale:X=1.000 Y=1.000 Z=0.000
[2026.08.22-20.54.34:381][855]LogPhysics: Warning: PopulatePhysXGeometryAndTransform(Convex): ConvexElem has invalid transform
[2026.08.22-20.54.34:381][855]LogPhysics: Warning: ForeachShape(Convex): ScaledElem[0] invalid
[2026.08.22-20.54.34:382][855]LogPhysics: Warning: Scale for /Game/Maps/Map_Master.Map_Master:PersistentLevel.BP_GlowLight5.Light has a component set to zero, which will result in a bad body instance. Scale:X=1.000 Y=1.000 Z=0.000
[2026.08.22-20.54.34:382][855]LogPhysics: Warning: PopulatePhysXGeometryAndTransform(Convex): ConvexElem has invalid transform
[2026.08.22-20.54.34:382][855]LogPhysics: Warning: ForeachShape(Convex): ScaledElem[0] invalid
[2026.08.22-20.54.34:398][855]LogPhysics: Warning: Scale for /Game/Maps/Map_Master.Map_Master:PersistentLevel.BP_Hall_Light_5.Light has a component set to zero, which will result in a bad body instance. Scale:X=1.000 Y=1.000 Z=0.000
[2026.08.22-20.54.34:398][855]LogPhysics: Warning: PopulatePhysXGeometryAndTransform(Convex): ConvexElem has invalid transform
[2026.08.22-20.54.34:398][855]LogPhysics: Warning: ForeachShape(Convex): ScaledElem[0] invalid
[2026.08.22-20.54.34:399][855]LogPhysics: Warning: Scale for /Game/Maps/Map_Master.Map_Master:PersistentLevel.BP_Hall_Light_5.Light has a component set to zero, which will result in a bad body instance. Scale:X=1.000 Y=1.000 Z=0.000
[2026.08.22-20.54.34:399][855]LogPhysics: Warning: PopulatePhysXGeometryAndTransform(Convex): ConvexElem has invalid transform
[2026.08.22-20.54.34:399][855]LogPhysics: Warning: ForeachShape(Convex): ScaledElem[0] invalid
[2026.08.22-20.54.34:399][855]LogPhysics: Warning: Scale for /Game/Maps/Map_Master.Map_Master:PersistentLevel.BP_Hall_Light_5.Light has a component set to zero, which will result in a bad body instance. Scale:X=1.000 Y=1.000 Z=0.000
[2026.08.22-20.54.34:400][855]LogPhysics: Warning: PopulatePhysXGeometryAndTransform(Convex): ConvexElem has invalid transform
[2026.08.22-20.54.34:400][855]LogPhysics: Warning: ForeachShape(Convex): ScaledElem[0] invalid
[2026.08.22-20.54.34:400][855]LogPhysics: Warning: Scale for /Game/Maps/Map_Master.Map_Master:PersistentLevel.BP_GlowLight2.Light has a component set to zero, which will result in a bad body instance. Scale:X=1.000 Y=1.000 Z=0.000
[2026.08.22-20.54.34:400][855]LogPhysics: Warning: PopulatePhysXGeometryAndTransform(Convex): ConvexElem has invalid transform
[2026.08.22-20.54.34:401][855]LogPhysics: Warning: ForeachShape(Convex): ScaledElem[0] invalid
[2026.08.22-20.54.34:401][855]LogPhysics: Warning: Scale for /Game/Maps/Map_Master.Map_Master:PersistentLevel.BP_GlowLight2.Light has a component set to zero, which will result in a bad body instance. Scale:X=1.000 Y=1.000 Z=0.000
[2026.08.22-20.54.34:401][855]LogPhysics: Warning: PopulatePhysXGeometryAndTransform(Convex): ConvexElem has invalid transform
[2026.08.22-20.54.34:401][855]LogPhysics: Warning: ForeachShape(Convex): ScaledElem[0] invalid
[2026.08.22-20.54.34:402][855]LogPhysics: Warning: Scale for /Game/Maps/Map_Master.Map_Master:PersistentLevel.BP_GlowLight2.Light has a component set to zero, which will result in a bad body instance. Scale:X=1.000 Y=1.000 Z=0.000
[2026.08.22-20.54.34:402][855]LogPhysics: Warning: PopulatePhysXGeometryAndTransform(Convex): ConvexElem has invalid transform
[2026.08.22-20.54.34:402][855]LogPhysics: Warning: ForeachShape(Convex): ScaledElem[0] invalid
[2026.08.22-20.54.34:403][855]LogPhysics: Warning: Scale for /Game/Maps/Map_Master.Map_Master:PersistentLevel.BP_GlowLight3.Light has a component set to zero, which will result in a bad body instance. Scale:X=1.000 Y=1.000 Z=0.000
[2026.08.22-20.54.34:403][855]LogPhysics: Warning: PopulatePhysXGeometryAndTransform(Convex): ConvexElem has invalid transform
[2026.08.22-20.54.34:403][855]LogPhysics: Warning: ForeachShape(Convex): ScaledElem[0] invalid
[2026.08.22-20.54.34:404][855]LogPhysics: Warning: Scale for /Game/Maps/Map_Master.Map_Master:PersistentLevel.BP_GlowLight3.Light has a component set to zero, which will result in a bad body instance. Scale:X=1.000 Y=1.000 Z=0.000
[2026.08.22-20.54.34:404][855]LogPhysics: Warning: PopulatePhysXGeometryAndTransform(Convex): ConvexElem has invalid transform
[2026.08.22-20.54.34:404][855]LogPhysics: Warning: ForeachShape(Convex): ScaledElem[0] invalid
[2026.08.22-20.54.34:404][855]LogPhysics: Warning: Scale for /Game/Maps/Map_Master.Map_Master:PersistentLevel.BP_GlowLight3.Light has a component set to zero, which will result in a bad body instance. Scale:X=1.000 Y=1.000 Z=0.000
[2026.08.22-20.54.34:405][855]LogPhysics: Warning: PopulatePhysXGeometryAndTransform(Convex): ConvexElem has invalid transform
[2026.08.22-20.54.34:405][855]LogPhysics: Warning: ForeachShape(Convex): ScaledElem[0] invalid
[2026.08.22-20.54.34:406][855]LogPhysics: Warning: Scale for /Game/Maps/Map_Master.Map_Master:PersistentLevel.BP_GlowLight4.Light has a component set to zero, which will result in a bad body instance. Scale:X=1.000 Y=1.000 Z=0.000
[2026.08.22-20.54.34:406][855]LogPhysics: Warning: PopulatePhysXGeometryAndTransform(Convex): ConvexElem has invalid transform
[2026.08.22-20.54.34:406][855]LogPhysics: Warning: ForeachShape(Convex): ScaledElem[0] invalid
[2026.08.22-20.54.34:407][855]LogPhysics: Warning: Scale for /Game/Maps/Map_Master.Map_Master:PersistentLevel.BP_GlowLight4.Light has a component set to zero, which will result in a bad body instance. Scale:X=1.000 Y=1.000 Z=0.000
[2026.08.22-20.54.34:407][855]LogPhysics: Warning: PopulatePhysXGeometryAndTransform(Convex): ConvexElem has invalid transform
[2026.08.22-20.54.34:407][855]LogPhysics: Warning: ForeachShape(Convex): ScaledElem[0] invalid
[2026.08.22-20.54.34:407][855]LogPhysics: Warning: Scale for /Game/Maps/Map_Master.Map_Master:PersistentLevel.BP_GlowLight4.Light has a component set to zero, which will result in a bad body instance. Scale:X=1.000 Y=1.000 Z=0.000
[2026.08.22-20.54.34:407][855]LogPhysics: Warning: PopulatePhysXGeometryAndTransform(Convex): ConvexElem has invalid transform
[2026.08.22-20.54.34:408][855]LogPhysics: Warning: ForeachShape(Convex): ScaledElem[0] invalid
[2026.08.22-20.54.34:409][855]LogPhysics: Warning: Scale for /Game/Maps/Map_Master.Map_Master:PersistentLevel.BP_GlowLight5.Light has a component set to zero, which will result in a bad body instance. Scale:X=1.000 Y=1.000 Z=0.000
[2026.08.22-20.54.34:409][855]LogPhysics: Warning: PopulatePhysXGeometryAndTransform(Convex): ConvexElem has invalid transform
[2026.08.22-20.54.34:409][855]LogPhysics: Warning: ForeachShape(Convex): ScaledElem[0] invalid
[2026.08.22-20.54.34:410][855]LogPhysics: Warning: Scale for /Game/Maps/Map_Master.Map_Master:PersistentLevel.BP_GlowLight5.Light has a component set to zero, which will result in a bad body instance. Scale:X=1.000 Y=1.000 Z=0.000
[2026.08.22-20.54.34:410][855]LogPhysics: Warning: PopulatePhysXGeometryAndTransform(Convex): ConvexElem has invalid transform
[2026.08.22-20.54.34:411][855]LogPhysics: Warning: ForeachShape(Convex): ScaledElem[0] invalid
[2026.08.22-20.54.34:411][855]LogPhysics: Warning: Scale for /Game/Maps/Map_Master.Map_Master:PersistentLevel.BP_GlowLight5.Light has a component set to zero, which will result in a bad body instance. Scale:X=1.000 Y=1.000 Z=0.000
[2026.08.22-20.54.34:411][855]LogPhysics: Warning: PopulatePhysXGeometryAndTransform(Convex): ConvexElem has invalid transform
[2026.08.22-20.54.34:411][855]LogPhysics: Warning: ForeachShape(Convex): ScaledElem[0] invalid
[2026.08.22-20.54.34:464][855]LogStreaming: Display: ULevelStreaming::RequestLevel(/Game/Maps/Sattelite_01) is flushing async loading
[2026.08.22-20.54.34:465][855]LogStreaming: Display: FlushAsyncLoading: 1 QueuedPackages, 0 AsyncPackages
[2026.08.22-20.54.34:496][855]LogStreaming: Display: ULevelStreaming::RequestLevel(/Game/Maps/Game_Map) is flushing async loading
[2026.08.22-20.54.34:818][855]LogShaderCompilers: Display: Worker (3/3): shaders left to compile 1
[2026.08.22-20.54.34:818][855]LogShaderCompilers: Display: Started 1 'Local' shader compile jobs with 'ForceLocal' priority
[2026.08.22-20.54.34:820][855]LogEditorServer: Finished looking for orphan Actors (0.000 secs)
[2026.08.22-20.54.34:820][855]LogAIModule: Creating AISystem for world Map_Master
[2026.08.22-20.54.34:905][855]LogUObjectHash: Compacting FUObjectHashTables data took   4.85ms
[2026.08.22-20.54.34:939][855]Cmd: MAP CHECKDEP NOCLEARLOG
[2026.08.22-20.54.34:939][855]MapCheck: Map check complete: 0 Error(s), 0 Warning(s), took 0.267ms to complete.
[2026.08.22-20.54.34:939][855]LogFileHelpers: Loading map 'Map_Master' took 0.635
[2026.08.22-20.54.44:837][108]LogShaderCompilers: Display: Worker (3/3): shaders left to compile 148
[2026.08.22-20.54.44:837][108]LogShaderCompilers: Display: Started 10 'Local' shader compile jobs with 'Low' priority
[2026.08.22-20.54.47:972][187]Cmd: EDIT COPY
[2026.08.22-20.54.48:124][187]LogEditorActor: Deleted Actor: LightmassImportanceVolume
[2026.08.22-20.54.48:125][187]LogEditorActor: Deleted Actor: BP_Sky_Sphere_C
[2026.08.22-20.54.48:126][187]LogEditorActor: Deleted Actor: SphereReflectionCapture
[2026.08.22-20.54.48:127][187]LogEditorActor: Deleted Actor: PostProcessVolume
[2026.08.22-20.54.48:186][187]LogUObjectHash: Compacting FUObjectHashTables data took   2.24ms
[2026.08.22-20.54.48:190][187]LogEditorActor: Deleted 4 Actors (0.066 secs)
[2026.08.22-20.54.48:225][187]LogEditorActor: Deleted Actor: SkyLight
[2026.08.22-20.54.48:303][187]LogUObjectHash: Compacting FUObjectHashTables data took   1.11ms
[2026.08.22-20.54.48:303][187]LogEditorActor: Deleted 1 Actors (0.079 secs)
[2026.08.22-20.54.49:259][213]LogShaderCompilers: Display: Worker (2/3): shaders left to compile 138
[2026.08.22-20.54.49:259][213]LogShaderCompilers: Display: Started 10 'Local' shader compile jobs with 'Low' priority
[2026.08.22-20.54.49:931][228]LogUObjectHash: Compacting FUObjectHashTables data took   1.04ms
[2026.08.22-20.54.49:964][228]LogAssetEditorSubsystem: Opening Asset editor for World /Game/Maps/Sattelite_01.Sattelite_01
[2026.08.22-20.54.49:964][228]Cmd: MAP LOAD FILE="D:/Event_Horizon_SOL_V2/Content/Maps/Sattelite_01.umap" TEMPLATE=0 SHOWPROGRESS=1 FEATURELEVEL=3
[2026.08.22-20.54.49:964][228]LightingResults: New page: Lighting Build
[2026.08.22-20.54.49:964][228]LoadErrors: New page: Loading map: Sattelite_01.umap
[2026.08.22-20.54.49:972][228]LogWorld: UWorld::CleanupWorld for Map_Master, bSessionEnded=true, bCleanupResources=true
[2026.08.22-20.54.49:972][228]LogSlate: InvalidateAllWidgets triggered.  All widgets were invalidated
[2026.08.22-20.54.49:972][228]LogWorld: UWorld::CleanupWorld for Sattelite_01, bSessionEnded=true, bCleanupResources=true
[2026.08.22-20.54.49:972][228]LogSlate: InvalidateAllWidgets triggered.  All widgets were invalidated
[2026.08.22-20.54.49:972][228]LogWorld: UWorld::CleanupWorld for Game_Map, bSessionEnded=true, bCleanupResources=true
[2026.08.22-20.54.49:972][228]LogSlate: InvalidateAllWidgets triggered.  All widgets were invalidated
[2026.08.22-20.54.49:973][228]MapCheck: New page: Map Check
[2026.08.22-20.54.49:973][228]LightingResults: New page: Lighting Build
[2026.08.22-20.54.50:063][228]LogAudio: Display: Audio Device unregistered from world 'None'.
[2026.08.22-20.54.50:073][228]LogUObjectHash: Compacting FUObjectHashTables data took   5.19ms
[2026.08.22-20.54.50:074][228]LogAudio: Display: Audio Device (ID: 1) registered with world 'Sattelite_01'.
[2026.08.22-20.54.50:076][228]LogAIModule: Creating AISystem for world Sattelite_01
[2026.08.22-20.54.50:260][228]LogShaderCompilers: Display: Worker (1/3): shaders left to compile 128
[2026.08.22-20.54.50:260][228]LogShaderCompilers: Display: Started 10 'Local' shader compile jobs with 'Low' priority
[2026.08.22-20.54.50:263][228]LogEditorServer: Finished looking for orphan Actors (0.000 secs)
[2026.08.22-20.54.50:321][228]LogUObjectHash: Compacting FUObjectHashTables data took   3.85ms
[2026.08.22-20.54.50:355][228]Cmd: MAP CHECKDEP NOCLEARLOG
[2026.08.22-20.54.50:356][228]MapCheck: Map check complete: 0 Error(s), 0 Warning(s), took 0.134ms to complete.
[2026.08.22-20.54.50:356][228]LogFileHelpers: Loading map 'Sattelite_01' took 0.392
[2026.08.22-20.54.50:492][228]LogUObjectHash: Compacting FUObjectHashTables data took   0.97ms
[2026.08.22-20.54.53:593][353]Cmd: DELETE
[2026.08.22-20.54.53:594][353]Cmd: ACTOR DELETE
[2026.08.22-20.54.53:716][353]LogEditorActor: Deleted Actor: AtmosphericFog
[2026.08.22-20.54.53:719][353]LogEditorActor: Deleted Actor: PlayerStart
[2026.08.22-20.54.53:720][353]LogEditorActor: Deleted Actor: SkyLight
[2026.08.22-20.54.53:722][353]LogEditorActor: Deleted Actor: SphereReflectionCapture
[2026.08.22-20.54.53:783][353]LogUObjectHash: Compacting FUObjectHashTables data took   3.46ms
[2026.08.22-20.54.53:785][353]LogEditorActor: Deleted 4 Actors (0.191 secs)
[2026.08.22-20.54.54:949][410]Cmd: EDIT PASTE
[2026.08.22-20.55.04:383][777]LogMaterial: Display: Missing cached shadermap for true-walls in PCD3D_SM5, Default, SM5 (DDC key hash: 0ECD4B4E3B66C8A16EBE60DFE3B1B8D933C244C7), compiling. 
[2026.08.22-20.55.04:437][777]LogShaderCompilers: Display: Submitted 16 shader compile jobs with 'Low' priority
[2026.08.22-20.55.04:520][777]LogMaterial: Display: Missing cached shadermap for floor2 in PCD3D_SM5, Default, SM5 (DDC key hash: 7429261468AB36FF180C145F28D15D4A24846F06), compiling. 
[2026.08.22-20.55.04:558][777]LogShaderCompilers: Display: Submitted 16 shader compile jobs with 'Low' priority
[2026.08.22-20.55.04:610][777]LogMaterial: Display: Missing cached shadermap for base_room in PCD3D_SM5, Default, SM5 (DDC key hash: DCFB35D6D441C87154CDCE454C23BDC523852C62), compiling. 
[2026.08.22-20.55.04:648][777]LogShaderCompilers: Display: Submitted 16 shader compile jobs with 'Low' priority
[2026.08.22-20.55.04:652][777]LogMaterial: Display: Missing cached shadermap for floor3 in PCD3D_SM5, Default, SM5 (DDC key hash: 641B943A438970E651A6911C6E25277CBD903F3F), compiling. 
[2026.08.22-20.55.04:692][777]LogShaderCompilers: Display: Submitted 16 shader compile jobs with 'Low' priority
[2026.08.22-20.55.04:694][777]LogMaterial: Display: Missing cached shadermap for floor in PCD3D_SM5, Default, SM5 (DDC key hash: 73F9389EF247308A36EF99C6B7A3B9FA04B98F78), compiling. 
[2026.08.22-20.55.04:735][777]LogShaderCompilers: Display: Submitted 16 shader compile jobs with 'Low' priority
[2026.08.22-20.55.04:738][777]LogMaterial: Display: Missing cached shadermap for celling_true in PCD3D_SM5, Default, SM5 (DDC key hash: 9881D1041526CAC36D7265D3EF7A13857D5808FF), compiling. 
[2026.08.22-20.55.04:776][777]LogShaderCompilers: Display: Submitted 16 shader compile jobs with 'Low' priority
[2026.08.22-20.55.04:843][777]LogActorFactory: Actor Factory created Map_EVENT_4_1blend_single_apartment_Cube_001
[2026.08.22-20.55.05:981][803]LogActorFactory: Actor Factory created Map_EVENT_4_1blend_single_apartment_Cube_001
[2026.08.22-20.55.06:373][810]Cmd: DELETE
[2026.08.22-20.55.06:373][810]Cmd: ACTOR DELETE
[2026.08.22-20.55.06:376][810]LogEditorActor: Deleted Actor: StaticMeshActor
[2026.08.22-20.55.06:441][810]LogUObjectHash: Compacting FUObjectHashTables data took   4.31ms
[2026.08.22-20.55.06:443][810]LogEditorActor: Deleted 1 Actors (0.070 secs)
[2026.08.22-20.55.08:232][861]LogMaterial: Display: Missing cached shadermap for light_Base in PCD3D_SM5, Default, SM5 (DDC key hash: 045D4951E88F3BDA7BD62DA2DE4A419BA7A7E776), compiling. 
[2026.08.22-20.55.08:275][861]LogShaderCompilers: Display: Submitted 16 shader compile jobs with 'Low' priority
[2026.08.22-20.55.08:389][864]LogActorFactory: Actor Factory created Map_EVENT_4_1blend_single_apartment_Plane
[2026.08.22-20.55.09:785][923]LogActorFactory: Actor Factory created Map_EVENT_4_1blend_single_apartment_Plane
[2026.08.22-20.55.11:223][971]Cmd: DELETE
[2026.08.22-20.55.11:223][971]Cmd: ACTOR DELETE
[2026.08.22-20.55.11:227][971]LogEditorActor: Deleted Actor: StaticMeshActor
[2026.08.22-20.55.11:301][971]LogUObjectHash: Compacting FUObjectHashTables data took   2.58ms
[2026.08.22-20.55.11:305][971]LogEditorActor: Deleted 1 Actors (0.082 secs)
[2026.08.22-20.55.12:608][  8]LogMaterial: Display: Missing cached shadermap for light_1 in PCD3D_SM5, Default, SM5 (DDC key hash: C232CBF13122E09DD543DA92E1C860B4EFC51F68), compiling. 
[2026.08.22-20.55.12:652][  8]LogShaderCompilers: Display: Submitted 16 shader compile jobs with 'Low' priority
[2026.08.22-20.55.14:059][  8]LogMaterial: Display: Missing cached shadermap for Light_base_black in PCD3D_SM5, Default, SM5 (DDC key hash: A8DDFA9D259ACEDA09844CA3EA485C325DA53FC0), compiling. 
[2026.08.22-20.55.14:121][  8]LogShaderCompilers: Display: Submitted 16 shader compile jobs with 'Low' priority
[2026.08.22-20.55.14:131][  8]LogMaterial: Display: Missing cached shadermap for Light_4 in PCD3D_SM5, Default, SM5 (DDC key hash: FE4C86A5852ED44C8F37381EA85EC1FAED1B2E56), compiling. 
[2026.08.22-20.55.14:168][  8]LogShaderCompilers: Display: Submitted 16 shader compile jobs with 'Low' priority
[2026.08.22-20.55.14:176][  8]LogMaterial: Display: Missing cached shadermap for Light_3 in PCD3D_SM5, Default, SM5 (DDC key hash: 85BE23B2E59A7B61F5D947B35A1D31E5BAE15713), compiling. 
[2026.08.22-20.55.14:220][  8]LogShaderCompilers: Display: Submitted 16 shader compile jobs with 'Low' priority
[2026.08.22-20.55.14:239][  8]LogMaterial: Display: Missing cached shadermap for Light_5 in PCD3D_SM5, Default, SM5 (DDC key hash: C65E5242EFBD00F52F074C2894BD23627E844110), compiling. 
[2026.08.22-20.55.14:277][  8]LogShaderCompilers: Display: Submitted 16 shader compile jobs with 'Low' priority
[2026.08.22-20.55.14:290][  8]LogMaterial: Display: Missing cached shadermap for Light_2 in PCD3D_SM5, Default, SM5 (DDC key hash: 25BD313D26F82D1D485D8F43DC000F31DB967E4A), compiling. 
[2026.08.22-20.55.14:337][  8]LogShaderCompilers: Display: Submitted 16 shader compile jobs with 'Low' priority
[2026.08.22-20.55.14:386][  8]LogActorFactory: Actor Factory created Map_EVENT_4_1blend_single_apartment_celling
[2026.08.22-20.55.14:594][ 10]LogActorFactory: Actor Factory created Map_EVENT_4_1blend_single_apartment_celling
[2026.08.22-20.55.15:614][ 29]Cmd: DELETE
[2026.08.22-20.55.15:614][ 29]Cmd: ACTOR DELETE
[2026.08.22-20.55.15:620][ 29]LogEditorActor: Deleted Actor: StaticMeshActor
[2026.08.22-20.55.21:470][ 29]LogUObjectHash: Compacting FUObjectHashTables data took   3.27ms
[2026.08.22-20.55.21:472][ 29]LogEditorActor: Deleted 1 Actors (5.858 secs)
[2026.08.22-20.55.24:237][132]LogUObjectHash: Compacting FUObjectHashTables data took   1.73ms
[2026.08.22-20.55.24:289][132]Cmd: OBJ SAVEPACKAGE PACKAGE="/Game/Maps/Sattelite_01" FILE="D:/Event_Horizon_SOL_V2/Content/Maps/Sattelite_01.umap" SILENT=true AUTOSAVING=false KEEPDIRTY=false
[2026.08.22-20.55.24:391][132]LogUObjectHash: Compacting FUObjectHashTables data took   1.14ms
[2026.08.22-20.55.24:431][132]LogSavePackage: Moving 'D:/Event_Horizon_SOL_V2/Saved/Sattelite_01D65886BC456F5B50A783A692BEEED70D.tmp' to 'D:/Event_Horizon_SOL_V2/Content/Maps/Sattelite_01.umap'
[2026.08.22-20.55.24:540][132]LogFileHelpers: Saving map 'Sattelite_01' took 0.252
[2026.08.22-20.55.24:573][132]AssetCheck: New page: Asset Save: Sattelite_01
[2026.08.22-20.55.24:574][132]LogContentValidation: Display: Validating World /Game/Maps/Sattelite_01.Sattelite_01
[2026.08.22-20.55.25:647][153]LogActorFactory: Actor Factory created Map_EVENT_4_1blend_single_apartment_celling_001
[2026.08.22-20.55.26:462][180]LogActorFactory: Actor Factory created Map_EVENT_4_1blend_single_apartment_celling_001
[2026.08.22-20.55.35:898][488]LogTemp: Wakatime Integration: Heartbeat accepted with code 202
[2026.08.22-20.55.54:521][ 97]LogActorFactory: Actor Factory created Cube
[2026.08.22-20.55.55:480][129]LogActorFactory: Actor Factory created Cube
[2026.08.22-20.56.31:020][351]LogUObjectHash: Compacting FUObjectHashTables data took   4.40ms
[2026.08.22-20.56.31:063][351]Cmd: OBJ SAVEPACKAGE PACKAGE="/Game/Maps/Sattelite_01" FILE="D:/Event_Horizon_SOL_V2/Content/Maps/Sattelite_01.umap" SILENT=true AUTOSAVING=false KEEPDIRTY=false
[2026.08.22-20.56.31:119][351]LogUObjectHash: Compacting FUObjectHashTables data took   1.19ms
[2026.08.22-20.56.31:140][351]LogSavePackage: Moving 'D:/Event_Horizon_SOL_V2/Saved/Sattelite_01AB6055FA44FAE9216B02579E4AF807E8.tmp' to 'D:/Event_Horizon_SOL_V2/Content/Maps/Sattelite_01.umap'
[2026.08.22-20.56.31:155][351]LogFileHelpers: Saving map 'Sattelite_01' took 0.092
[2026.08.22-20.56.31:181][351]AssetCheck: New page: Asset Save: Sattelite_01
[2026.08.22-20.56.31:181][351]LogContentValidation: Display: Validating World /Game/Maps/Sattelite_01.Sattelite_01
[2026.08.22-20.56.35:981][514]LogTemp: Wakatime Integration: Heartbeat accepted with code 202
[2026.08.22-20.56.48:990][893]LogShaderCompilers: Display: Worker (3/3): shaders left to compile 52
[2026.08.22-20.56.48:991][893]LogShaderCompilers: Display: Started 10 'Local' shader compile jobs with 'ForceLocal' priority
[2026.08.22-20.56.49:009][893]LogShaderCompilers: Display: === FShaderJobCache stats ===
[2026.08.22-20.56.49:009][893]LogShaderCompilers: Display: Total job queries 400, among them cache hits 0 (0.00%)
[2026.08.22-20.56.49:009][893]LogShaderCompilers: Display: Tracking 54 distinct input hashes that result in 32 distinct outputs (59.26%)
[2026.08.22-20.56.49:009][893]LogShaderCompilers: Display: RAM used: 0.17 MB (0.00 GB) of 409.60 MB (0.40 GB) budget. Usage: 0.04%
[2026.08.22-20.56.49:009][893]LogShaderCompilers: Display: ================================================
[2026.08.22-20.57.01:437][289]LogUObjectHash: Compacting FUObjectHashTables data took   3.74ms
[2026.08.22-20.57.01:462][289]LogAssetEditorSubsystem: Opening Asset editor for World /Game/Maps/Map_Master.Map_Master
[2026.08.22-20.57.01:463][289]Cmd: MAP LOAD FILE="D:/Event_Horizon_SOL_V2/Content/Maps/Map_Master.umap" TEMPLATE=0 SHOWPROGRESS=1 FEATURELEVEL=3
[2026.08.22-20.57.01:463][289]LightingResults: New page: Lighting Build
[2026.08.22-20.57.01:463][289]LoadErrors: New page: Loading map: Map_Master.umap
[2026.08.22-20.57.01:468][289]LogWorld: UWorld::CleanupWorld for Sattelite_01, bSessionEnded=true, bCleanupResources=true
[2026.08.22-20.57.01:468][289]LogSlate: InvalidateAllWidgets triggered.  All widgets were invalidated
[2026.08.22-20.57.01:468][289]MapCheck: New page: Map Check
[2026.08.22-20.57.01:468][289]LightingResults: New page: Lighting Build
[2026.08.22-20.57.01:521][289]LogAudio: Display: Audio Device unregistered from world 'None'.
[2026.08.22-20.57.01:529][289]LogUObjectHash: Compacting FUObjectHashTables data took   4.59ms
[2026.08.22-20.57.01:529][289]LogAudio: Display: Audio Device (ID: 1) registered with world 'Map_Master'.
[2026.08.22-20.57.01:532][289]LogPhysics: Warning: Scale for /Game/Maps/Map_Master.Map_Master:PersistentLevel.BP_Hall_Light_5.Light has a component set to zero, which will result in a bad body instance. Scale:X=1.000 Y=1.000 Z=0.000
[2026.08.22-20.57.01:532][289]LogPhysics: Warning: PopulatePhysXGeometryAndTransform(Convex): ConvexElem has invalid transform
[2026.08.22-20.57.01:532][289]LogPhysics: Warning: ForeachShape(Convex): ScaledElem[0] invalid
[2026.08.22-20.57.01:532][289]LogPhysics: Warning: Scale for /Game/Maps/Map_Master.Map_Master:PersistentLevel.BP_GlowLight2.Light has a component set to zero, which will result in a bad body instance. Scale:X=1.000 Y=1.000 Z=0.000
[2026.08.22-20.57.01:532][289]LogPhysics: Warning: PopulatePhysXGeometryAndTransform(Convex): ConvexElem has invalid transform
[2026.08.22-20.57.01:532][289]LogPhysics: Warning: ForeachShape(Convex): ScaledElem[0] invalid
[2026.08.22-20.57.01:533][289]LogPhysics: Warning: Scale for /Game/Maps/Map_Master.Map_Master:PersistentLevel.BP_GlowLight3.Light has a component set to zero, which will result in a bad body instance. Scale:X=1.000 Y=1.000 Z=0.000
[2026.08.22-20.57.01:533][289]LogPhysics: Warning: PopulatePhysXGeometryAndTransform(Convex): ConvexElem has invalid transform
[2026.08.22-20.57.01:533][289]LogPhysics: Warning: ForeachShape(Convex): ScaledElem[0] invalid
[2026.08.22-20.57.01:533][289]LogPhysics: Warning: Scale for /Game/Maps/Map_Master.Map_Master:PersistentLevel.BP_GlowLight4.Light has a component set to zero, which will result in a bad body instance. Scale:X=1.000 Y=1.000 Z=0.000
[2026.08.22-20.57.01:533][289]LogPhysics: Warning: PopulatePhysXGeometryAndTransform(Convex): ConvexElem has invalid transform
[2026.08.22-20.57.01:533][289]LogPhysics: Warning: ForeachShape(Convex): ScaledElem[0] invalid
[2026.08.22-20.57.01:534][289]LogPhysics: Warning: Scale for /Game/Maps/Map_Master.Map_Master:PersistentLevel.BP_GlowLight5.Light has a component set to zero, which will result in a bad body instance. Scale:X=1.000 Y=1.000 Z=0.000
[2026.08.22-20.57.01:534][289]LogPhysics: Warning: PopulatePhysXGeometryAndTransform(Convex): ConvexElem has invalid transform
[2026.08.22-20.57.01:534][289]LogPhysics: Warning: ForeachShape(Convex): ScaledElem[0] invalid
[2026.08.22-20.57.01:549][289]LogPhysics: Warning: Scale for /Game/Maps/Map_Master.Map_Master:PersistentLevel.BP_Hall_Light_5.Light has a component set to zero, which will result in a bad body instance. Scale:X=1.000 Y=1.000 Z=0.000
[2026.08.22-20.57.01:549][289]LogPhysics: Warning: PopulatePhysXGeometryAndTransform(Convex): ConvexElem has invalid transform
[2026.08.22-20.57.01:549][289]LogPhysics: Warning: ForeachShape(Convex): ScaledElem[0] invalid
[2026.08.22-20.57.01:550][289]LogPhysics: Warning: Scale for /Game/Maps/Map_Master.Map_Master:PersistentLevel.BP_Hall_Light_5.Light has a component set to zero, which will result in a bad body instance. Scale:X=1.000 Y=1.000 Z=0.000
[2026.08.22-20.57.01:550][289]LogPhysics: Warning: PopulatePhysXGeometryAndTransform(Convex): ConvexElem has invalid transform
[2026.08.22-20.57.01:550][289]LogPhysics: Warning: ForeachShape(Convex): ScaledElem[0] invalid
[2026.08.22-20.57.01:550][289]LogPhysics: Warning: Scale for /Game/Maps/Map_Master.Map_Master:PersistentLevel.BP_Hall_Light_5.Light has a component set to zero, which will result in a bad body instance. Scale:X=1.000 Y=1.000 Z=0.000
[2026.08.22-20.57.01:550][289]LogPhysics: Warning: PopulatePhysXGeometryAndTransform(Convex): ConvexElem has invalid transform
[2026.08.22-20.57.01:550][289]LogPhysics: Warning: ForeachShape(Convex): ScaledElem[0] invalid
[2026.08.22-20.57.01:551][289]LogPhysics: Warning: Scale for /Game/Maps/Map_Master.Map_Master:PersistentLevel.BP_GlowLight2.Light has a component set to zero, which will result in a bad body instance. Scale:X=1.000 Y=1.000 Z=0.000
[2026.08.22-20.57.01:551][289]LogPhysics: Warning: PopulatePhysXGeometryAndTransform(Convex): ConvexElem has invalid transform
[2026.08.22-20.57.01:551][289]LogPhysics: Warning: ForeachShape(Convex): ScaledElem[0] invalid
[2026.08.22-20.57.01:552][289]LogPhysics: Warning: Scale for /Game/Maps/Map_Master.Map_Master:PersistentLevel.BP_GlowLight2.Light has a component set to zero, which will result in a bad body instance. Scale:X=1.000 Y=1.000 Z=0.000
[2026.08.22-20.57.01:552][289]LogPhysics: Warning: PopulatePhysXGeometryAndTransform(Convex): ConvexElem has invalid transform
[2026.08.22-20.57.01:552][289]LogPhysics: Warning: ForeachShape(Convex): ScaledElem[0] invalid
[2026.08.22-20.57.01:552][289]LogPhysics: Warning: Scale for /Game/Maps/Map_Master.Map_Master:PersistentLevel.BP_GlowLight2.Light has a component set to zero, which will result in a bad body instance. Scale:X=1.000 Y=1.000 Z=0.000
[2026.08.22-20.57.01:553][289]LogPhysics: Warning: PopulatePhysXGeometryAndTransform(Convex): ConvexElem has invalid transform
[2026.08.22-20.57.01:553][289]LogPhysics: Warning: ForeachShape(Convex): ScaledElem[0] invalid
[2026.08.22-20.57.01:554][289]LogPhysics: Warning: Scale for /Game/Maps/Map_Master.Map_Master:PersistentLevel.BP_GlowLight3.Light has a component set to zero, which will result in a bad body instance. Scale:X=1.000 Y=1.000 Z=0.000
[2026.08.22-20.57.01:554][289]LogPhysics: Warning: PopulatePhysXGeometryAndTransform(Convex): ConvexElem has invalid transform
[2026.08.22-20.57.01:554][289]LogPhysics: Warning: ForeachShape(Convex): ScaledElem[0] invalid
[2026.08.22-20.57.01:554][289]LogPhysics: Warning: Scale for /Game/Maps/Map_Master.Map_Master:PersistentLevel.BP_GlowLight3.Light has a component set to zero, which will result in a bad body instance. Scale:X=1.000 Y=1.000 Z=0.000
[2026.08.22-20.57.01:555][289]LogPhysics: Warning: PopulatePhysXGeometryAndTransform(Convex): ConvexElem has invalid transform
[2026.08.22-20.57.01:555][289]LogPhysics: Warning: ForeachShape(Convex): ScaledElem[0] invalid
[2026.08.22-20.57.01:555][289]LogPhysics: Warning: Scale for /Game/Maps/Map_Master.Map_Master:PersistentLevel.BP_GlowLight3.Light has a component set to zero, which will result in a bad body instance. Scale:X=1.000 Y=1.000 Z=0.000
[2026.08.22-20.57.01:555][289]LogPhysics: Warning: PopulatePhysXGeometryAndTransform(Convex): ConvexElem has invalid transform
[2026.08.22-20.57.01:555][289]LogPhysics: Warning: ForeachShape(Convex): ScaledElem[0] invalid
[2026.08.22-20.57.01:556][289]LogPhysics: Warning: Scale for /Game/Maps/Map_Master.Map_Master:PersistentLevel.BP_GlowLight4.Light has a component set to zero, which will result in a bad body instance. Scale:X=1.000 Y=1.000 Z=0.000
[2026.08.22-20.57.01:556][289]LogPhysics: Warning: PopulatePhysXGeometryAndTransform(Convex): ConvexElem has invalid transform
[2026.08.22-20.57.01:556][289]LogPhysics: Warning: ForeachShape(Convex): ScaledElem[0] invalid
[2026.08.22-20.57.01:557][289]LogPhysics: Warning: Scale for /Game/Maps/Map_Master.Map_Master:PersistentLevel.BP_GlowLight4.Light has a component set to zero, which will result in a bad body instance. Scale:X=1.000 Y=1.000 Z=0.000
[2026.08.22-20.57.01:557][289]LogPhysics: Warning: PopulatePhysXGeometryAndTransform(Convex): ConvexElem has invalid transform
[2026.08.22-20.57.01:557][289]LogPhysics: Warning: ForeachShape(Convex): ScaledElem[0] invalid
[2026.08.22-20.57.01:557][289]LogPhysics: Warning: Scale for /Game/Maps/Map_Master.Map_Master:PersistentLevel.BP_GlowLight4.Light has a component set to zero, which will result in a bad body instance. Scale:X=1.000 Y=1.000 Z=0.000
[2026.08.22-20.57.01:557][289]LogPhysics: Warning: PopulatePhysXGeometryAndTransform(Convex): ConvexElem has invalid transform
[2026.08.22-20.57.01:557][289]LogPhysics: Warning: ForeachShape(Convex): ScaledElem[0] invalid
[2026.08.22-20.57.01:558][289]LogPhysics: Warning: Scale for /Game/Maps/Map_Master.Map_Master:PersistentLevel.BP_GlowLight5.Light has a component set to zero, which will result in a bad body instance. Scale:X=1.000 Y=1.000 Z=0.000
[2026.08.22-20.57.01:558][289]LogPhysics: Warning: PopulatePhysXGeometryAndTransform(Convex): ConvexElem has invalid transform
[2026.08.22-20.57.01:558][289]LogPhysics: Warning: ForeachShape(Convex): ScaledElem[0] invalid
[2026.08.22-20.57.01:559][289]LogPhysics: Warning: Scale for /Game/Maps/Map_Master.Map_Master:PersistentLevel.BP_GlowLight5.Light has a component set to zero, which will result in a bad body instance. Scale:X=1.000 Y=1.000 Z=0.000
[2026.08.22-20.57.01:559][289]LogPhysics: Warning: PopulatePhysXGeometryAndTransform(Convex): ConvexElem has invalid transform
[2026.08.22-20.57.01:559][289]LogPhysics: Warning: ForeachShape(Convex): ScaledElem[0] invalid
[2026.08.22-20.57.01:560][289]LogPhysics: Warning: Scale for /Game/Maps/Map_Master.Map_Master:PersistentLevel.BP_GlowLight5.Light has a component set to zero, which will result in a bad body instance. Scale:X=1.000 Y=1.000 Z=0.000
[2026.08.22-20.57.01:560][289]LogPhysics: Warning: PopulatePhysXGeometryAndTransform(Convex): ConvexElem has invalid transform
[2026.08.22-20.57.01:560][289]LogPhysics: Warning: ForeachShape(Convex): ScaledElem[0] invalid
[2026.08.22-20.57.01:612][289]LogStreaming: Display: ULevelStreaming::RequestLevel(/Game/Maps/Game_Map) is flushing async loading
[2026.08.22-20.57.01:612][289]LogStreaming: Display: FlushAsyncLoading: 1 QueuedPackages, 0 AsyncPackages
[2026.08.22-20.57.01:661][289]LogStreaming: Display: ULevelStreaming::RequestLevel(/Game/Maps/Sattelite_01) is flushing async loading
[2026.08.22-20.57.02:003][289]LogEditorServer: Finished looking for orphan Actors (0.000 secs)
[2026.08.22-20.57.02:003][289]LogAIModule: Creating AISystem for world Map_Master
[2026.08.22-20.57.02:076][289]LogUObjectHash: Compacting FUObjectHashTables data took   4.09ms
[2026.08.22-20.57.02:113][289]Cmd: MAP CHECKDEP NOCLEARLOG
[2026.08.22-20.57.02:114][289]MapCheck: Map check complete: 0 Error(s), 0 Warning(s), took 0.246ms to complete.
[2026.08.22-20.57.02:114][289]LogFileHelpers: Loading map 'Map_Master' took 0.651
[2026.08.22-20.57.03:561][326]LogShaderCompilers: Display: Worker (2/3): shaders left to compile 42
[2026.08.22-20.57.03:561][326]LogShaderCompilers: Display: Started 10 'Local' shader compile jobs with 'ForceLocal' priority
[2026.08.22-20.57.04:593][360]LogShaderCompilers: Display: Worker (1/3): shaders left to compile 32
[2026.08.22-20.57.04:593][360]LogShaderCompilers: Display: Started 10 'Local' shader compile jobs with 'ForceLocal' priority
[2026.08.22-20.57.04:885][369]LogUObjectHash: Compacting FUObjectHashTables data took   1.16ms
[2026.08.22-20.57.47:705][128]LogShaderCompilers: Display: Worker (3/3): shaders left to compile 22
[2026.08.22-20.57.47:705][128]LogShaderCompilers: Display: Started 8 'Local' shader compile jobs with 'ForceLocal' priority
[2026.08.22-20.57.53:044][165]LogShaderCompilers: Display: Worker (2/3): shaders left to compile 14
[2026.08.22-20.57.53:044][165]LogShaderCompilers: Display: Started 5 'Local' shader compile jobs with 'ForceLocal' priority
[2026.08.22-20.57.54:086][170]LogShaderCompilers: Display: Worker (1/3): shaders left to compile 9
[2026.08.22-20.57.54:088][170]LogShaderCompilers: Display: Started 4 'Local' shader compile jobs with 'ForceLocal' priority
[2026.08.22-20.58.08:458][324]LogShaderCompilers: Display: Worker (1/3): shaders left to compile 5
[2026.08.22-20.58.08:458][324]LogShaderCompilers: Display: Started 2 'Local' shader compile jobs with 'ForceLocal' priority
[2026.08.22-20.58.11:978][365]LogShaderCompilers: Display: Worker (2/3): shaders left to compile 3
[2026.08.22-20.58.11:978][365]LogShaderCompilers: Display: Started 2 'Local' shader compile jobs with 'ForceLocal' priority
[2026.08.22-20.58.15:413][406]LogShaderCompilers: Display: Worker (1/3): shaders left to compile 1
[2026.08.22-20.58.15:413][406]LogShaderCompilers: Display: Started 1 'Local' shader compile jobs with 'ForceLocal' priority
[2026.08.22-20.58.17:729][445]LogShaderCompilers: Display: Worker (2/3): shaders left to compile 274
[2026.08.22-20.58.17:729][445]LogShaderCompilers: Display: Started 10 'Local' shader compile jobs with 'Low' priority
[2026.08.22-20.58.17:844][446]LogShaderCompilers: Display: Worker (1/3): shaders left to compile 264
[2026.08.22-20.58.17:845][446]LogShaderCompilers: Display: Started 10 'Local' shader compile jobs with 'Low' priority
[2026.08.22-20.58.17:996][448]LogShaderCompilers: Display: Worker (3/3): shaders left to compile 254
[2026.08.22-20.58.17:996][448]LogShaderCompilers: Display: Started 10 'Local' shader compile jobs with 'Low' priority
[2026.08.22-20.58.29:922][651]LogTemp: Repeating last play command: Selected Viewport
[2026.08.22-20.58.29:957][651]LogPlayLevel: PlayLevel: No blueprints needed recompiling
[2026.08.22-20.58.29:959][651]PIE: New page: PIE session: Map_Master (Aug 23, 2026, 7:58:29 AM)
[2026.08.22-20.58.29:992][651]LogOnline: OSS: Creating online subsystem instance for: NULL
[2026.08.22-20.58.29:999][651]LogOnline: OSS: TryLoadSubsystemAndSetDefault: Loaded subsystem for module [NULL]
[2026.08.22-20.58.30:002][651]LogLinker: Warning: Failed to load '/Game/FirstPersonBP/Character_Things/Death/GI_MyGame': Can't find file.
[2026.08.22-20.58.30:002][651]LogLinker: Warning: Failed to load '/Game/FirstPersonBP/Character_Things/Death/GI_MyGame': Can't find file.
[2026.08.22-20.58.30:003][651]LogUObjectGlobals: Warning: Failed to find object 'Class /Game/FirstPersonBP/Character_Things/Death/GI_MyGame.GI_MyGame_C'
[2026.08.22-20.58.30:004][651]LogPlayLevel: Creating play world package: /Game/Maps/UEDPIE_0_Map_Master
[2026.08.22-20.58.30:033][651]LogPlayLevel: PIE: StaticDuplicateObject took: (0.027695s)
[2026.08.22-20.58.30:036][651]LogAIModule: Creating AISystem for world Map_Master
[2026.08.22-20.58.30:040][651]LogPlayLevel: PIE: World Init took: (0.006800s)
[2026.08.22-20.58.30:040][651]LogPlayLevel: PIE: Created PIE world by copying editor world from /Game/Maps/Map_Master.Map_Master to /Game/Maps/UEDPIE_0_Map_Master.Map_Master (0.036062s)
[2026.08.22-20.58.30:106][651]LogUObjectHash: Compacting FUObjectHashTables data took   5.37ms
[2026.08.22-20.58.30:120][651]LogAudio: Display: Creating Audio Device:                 Id: 2, Scope: Unique, Realtime: True
[2026.08.22-20.58.30:121][651]LogAudioMixer: Display: Audio Mixer Platform Settings:
[2026.08.22-20.58.30:121][651]LogAudioMixer: Display: 	Sample Rate:						  48000
[2026.08.22-20.58.30:121][651]LogAudioMixer: Display: 	Callback Buffer Frame Size Requested: 1024
[2026.08.22-20.58.30:121][651]LogAudioMixer: Display: 	Callback Buffer Frame Size To Use:	  1024
[2026.08.22-20.58.30:121][651]LogAudioMixer: Display: 	Number of buffers to queue:			  2
[2026.08.22-20.58.30:121][651]LogAudioMixer: Display: 	Max Channels (voices):				  32
[2026.08.22-20.58.30:122][651]LogAudioMixer: Display: 	Number of Async Source Workers:		  0
[2026.08.22-20.58.30:122][651]LogAudio: Display: AudioDevice MaxSources: 32
[2026.08.22-20.58.30:128][651]LogAudio: Display: Audio Spatialization Plugin: None (built-in).
[2026.08.22-20.58.30:128][651]LogAudio: Display: Audio Reverb Plugin: None (built-in).
[2026.08.22-20.58.30:128][651]LogAudio: Display: Audio Occlusion Plugin: None (built-in).
[2026.08.22-20.58.30:128][651]LogAudioMixer: Display: Initializing audio mixer.
[2026.08.22-20.58.30:144][651]LogAudioMixer: Display: 0: FrontLeft
[2026.08.22-20.58.30:144][651]LogAudioMixer: Display: 1: FrontRight
[2026.08.22-20.58.30:194][651]LogAudioMixer: Display: Using Audio Device Speakers / Headphones (Realtek Audio)
[2026.08.22-20.58.30:195][651]LogAudioMixer: Display: Initializing Sound Submixes...
[2026.08.22-20.58.30:195][651]LogAudioMixer: Display: Creating Master Submix 'MasterSubmixDefault'
[2026.08.22-20.58.30:195][651]LogAudioMixer: Display: Creating Master Submix 'MasterReverbSubmixDefault'
[2026.08.22-20.58.30:198][651]LogAudioMixer: Display: Creating Master Submix 'MasterEQSubmixDefault'
[2026.08.22-20.58.30:198][651]LogAudioMixer: FMixerPlatformXAudio2::StartAudioStream() called
[2026.08.22-20.58.30:198][651]LogAudioMixer: Display: Output buffers initialized: Frames=1024, Channels=2, Samples=2048
[2026.08.22-20.58.30:202][651]LogAudioMixer: Display: Starting AudioMixerPlatformInterface::RunInternal()
[2026.08.22-20.58.30:202][651]LogAudioMixer: Display: FMixerPlatformXAudio2::SubmitBuffer() called for the first time
[2026.08.22-20.58.30:202][651]LogInit: FAudioDevice initialized.
[2026.08.22-20.58.30:202][651]LogAudio: Display: Audio Device (ID: 2) registered with world 'Map_Master'.
[2026.08.22-20.58.30:261][651]LogLoad: Game class is 'FirstPersonGameMode_C'
[2026.08.22-20.58.30:299][651]LogPhysics: Warning: Scale for /Game/Maps/UEDPIE_0_Map_Master.Map_Master:PersistentLevel.BP_Hall_Light_5.Light has a component set to zero, which will result in a bad body instance. Scale:X=1.000 Y=1.000 Z=0.000
[2026.08.22-20.58.30:300][651]LogPhysics: Warning: PopulatePhysXGeometryAndTransform(Convex): ConvexElem has invalid transform
[2026.08.22-20.58.30:300][651]LogPhysics: Warning: ForeachShape(Convex): ScaledElem[0] invalid
[2026.08.22-20.58.30:300][651]LogPhysics: Warning: Scale for /Game/Maps/UEDPIE_0_Map_Master.Map_Master:PersistentLevel.BP_GlowLight2.Light has a component set to zero, which will result in a bad body instance. Scale:X=1.000 Y=1.000 Z=0.000
[2026.08.22-20.58.30:300][651]LogPhysics: Warning: PopulatePhysXGeometryAndTransform(Convex): ConvexElem has invalid transform
[2026.08.22-20.58.30:300][651]LogPhysics: Warning: ForeachShape(Convex): ScaledElem[0] invalid
[2026.08.22-20.58.30:300][651]LogPhysics: Warning: Scale for /Game/Maps/UEDPIE_0_Map_Master.Map_Master:PersistentLevel.BP_GlowLight3.Light has a component set to zero, which will result in a bad body instance. Scale:X=1.000 Y=1.000 Z=0.000
[2026.08.22-20.58.30:301][651]LogPhysics: Warning: PopulatePhysXGeometryAndTransform(Convex): ConvexElem has invalid transform
[2026.08.22-20.58.30:301][651]LogPhysics: Warning: ForeachShape(Convex): ScaledElem[0] invalid
[2026.08.22-20.58.30:301][651]LogPhysics: Warning: Scale for /Game/Maps/UEDPIE_0_Map_Master.Map_Master:PersistentLevel.BP_GlowLight4.Light has a component set to zero, which will result in a bad body instance. Scale:X=1.000 Y=1.000 Z=0.000
[2026.08.22-20.58.30:301][651]LogPhysics: Warning: PopulatePhysXGeometryAndTransform(Convex): ConvexElem has invalid transform
[2026.08.22-20.58.30:301][651]LogPhysics: Warning: ForeachShape(Convex): ScaledElem[0] invalid
[2026.08.22-20.58.30:302][651]LogPhysics: Warning: Scale for /Game/Maps/UEDPIE_0_Map_Master.Map_Master:PersistentLevel.BP_GlowLight5.Light has a component set to zero, which will result in a bad body instance. Scale:X=1.000 Y=1.000 Z=0.000
[2026.08.22-20.58.30:302][651]LogPhysics: Warning: PopulatePhysXGeometryAndTransform(Convex): ConvexElem has invalid transform
[2026.08.22-20.58.30:302][651]LogPhysics: Warning: ForeachShape(Convex): ScaledElem[0] invalid
[2026.08.22-20.58.30:312][651]LogWorld: Bringing World /Game/Maps/UEDPIE_0_Map_Master.Map_Master up for play (max tick rate 60) at 2026.08.23-02.28.30
[2026.08.22-20.58.30:346][651]LogWorld: Bringing up level for play took: 0.047714
[2026.08.22-20.58.30:352][651]LogOnline: OSS: Creating online subsystem instance for: :Context_7
[2026.08.22-20.58.30:390][651]LogNativeClassHierarchy: Verbose: Native class hierarchy updated for 'MovieSceneCapture' in 0.0031 seconds. Added 20 classes and 0 folders.
[2026.08.22-20.58.30:450][651]PIE: Server logged in
[2026.08.22-20.58.30:458][651]PIE: Play in editor total start time 0.515 seconds.
[2026.08.22-20.58.37:767][883]LogSlate: Updating window title bar state: overlay mode, drag disabled, window buttons hidden, title bar hidden
[2026.08.22-20.58.37:767][883]LogWorld: BeginTearingDown for /Game/Maps/UEDPIE_0_Map_Master
[2026.08.22-20.58.37:771][883]LogWorld: UWorld::CleanupWorld for Map_Master, bSessionEnded=true, bCleanupResources=true
[2026.08.22-20.58.37:775][883]LogSlate: InvalidateAllWidgets triggered.  All widgets were invalidated
[2026.08.22-20.58.37:795][883]LogPlayLevel: Display: Shutting down PIE online subsystems
[2026.08.22-20.58.37:811][883]LogSlate: InvalidateAllWidgets triggered.  All widgets were invalidated
[2026.08.22-20.58.37:899][883]LogAudio: Display: Audio Device unregistered from world 'None'.
[2026.08.22-20.58.37:956][883]LogAudioMixer: FMixerPlatformXAudio2::StopAudioStream() called
[2026.08.22-20.58.37:994][883]LogAudioMixer: FMixerPlatformXAudio2::StopAudioStream() called
[2026.08.22-20.58.38:160][883]LogSlate: Updating window title bar state: overlay mode, drag disabled, window buttons hidden, title bar hidden
[2026.08.22-20.58.38:221][883]LogUObjectHash: Compacting FUObjectHashTables data took   7.77ms
[2026.08.22-20.58.38:276][884]LogPlayLevel: Display: Destroying online subsystem :Context_7
[2026.08.22-20.58.38:375][884]LogUObjectHash: Compacting FUObjectHashTables data took   5.97ms
[2026.08.22-20.58.39:656][922]LogTemp: Repeating last play command: Selected Viewport
[2026.08.22-20.58.39:675][922]LogPlayLevel: PlayLevel: No blueprints needed recompiling
[2026.08.22-20.58.39:675][922]PIE: New page: PIE session: Map_Master (Aug 23, 2026, 7:58:39 AM)
[2026.08.22-20.58.39:677][922]LogPlayLevel: Creating play world package: /Game/Maps/UEDPIE_0_Map_Master
[2026.08.22-20.58.39:713][922]LogPlayLevel: PIE: StaticDuplicateObject took: (0.036045s)
[2026.08.22-20.58.39:714][922]LogAIModule: Creating AISystem for world Map_Master
[2026.08.22-20.58.39:715][922]LogPlayLevel: PIE: World Init took: (0.002482s)
[2026.08.22-20.58.39:715][922]LogPlayLevel: PIE: Created PIE world by copying editor world from /Game/Maps/Map_Master.Map_Master to /Game/Maps/UEDPIE_0_Map_Master.Map_Master (0.038988s)
[2026.08.22-20.58.39:778][922]LogUObjectHash: Compacting FUObjectHashTables data took   5.72ms
[2026.08.22-20.58.39:781][922]LogAudio: Display: Creating Audio Device:                 Id: 3, Scope: Unique, Realtime: True
[2026.08.22-20.58.39:781][922]LogAudioMixer: Display: Audio Mixer Platform Settings:
[2026.08.22-20.58.39:781][922]LogAudioMixer: Display: 	Sample Rate:						  48000
[2026.08.22-20.58.39:781][922]LogAudioMixer: Display: 	Callback Buffer Frame Size Requested: 1024
[2026.08.22-20.58.39:781][922]LogAudioMixer: Display: 	Callback Buffer Frame Size To Use:	  1024
[2026.08.22-20.58.39:781][922]LogAudioMixer: Display: 	Number of buffers to queue:			  2
[2026.08.22-20.58.39:781][922]LogAudioMixer: Display: 	Max Channels (voices):				  32
[2026.08.22-20.58.39:781][922]LogAudioMixer: Display: 	Number of Async Source Workers:		  0
[2026.08.22-20.58.39:781][922]LogAudio: Display: AudioDevice MaxSources: 32
[2026.08.22-20.58.39:782][922]LogAudio: Display: Audio Spatialization Plugin: None (built-in).
[2026.08.22-20.58.39:783][922]LogAudio: Display: Audio Reverb Plugin: None (built-in).
[2026.08.22-20.58.39:783][922]LogAudio: Display: Audio Occlusion Plugin: None (built-in).
[2026.08.22-20.58.39:783][922]LogAudioMixer: Display: Initializing audio mixer.
[2026.08.22-20.58.39:805][922]LogAudioMixer: Display: 0: FrontLeft
[2026.08.22-20.58.39:805][922]LogAudioMixer: Display: 1: FrontRight
[2026.08.22-20.58.40:143][922]LogAudioMixer: Display: Using Audio Device Speakers / Headphones (Realtek Audio)
[2026.08.22-20.58.40:144][922]LogAudioMixer: Display: Initializing Sound Submixes...
[2026.08.22-20.58.40:144][922]LogAudioMixer: Display: Creating Master Submix 'MasterSubmixDefault'
[2026.08.22-20.58.40:144][922]LogAudioMixer: Display: Creating Master Submix 'MasterReverbSubmixDefault'
[2026.08.22-20.58.40:145][922]LogAudioMixer: Display: Creating Master Submix 'MasterEQSubmixDefault'
[2026.08.22-20.58.40:145][922]LogAudioMixer: FMixerPlatformXAudio2::StartAudioStream() called
[2026.08.22-20.58.40:145][922]LogAudioMixer: Display: Output buffers initialized: Frames=1024, Channels=2, Samples=2048
[2026.08.22-20.58.40:147][922]LogAudioMixer: Display: Starting AudioMixerPlatformInterface::RunInternal()
[2026.08.22-20.58.40:147][922]LogAudioMixer: Display: FMixerPlatformXAudio2::SubmitBuffer() called for the first time
[2026.08.22-20.58.40:147][922]LogInit: FAudioDevice initialized.
[2026.08.22-20.58.40:147][922]LogAudio: Display: Audio Device (ID: 3) registered with world 'Map_Master'.
[2026.08.22-20.58.40:165][922]LogLoad: Game class is 'FirstPersonGameMode_C'
[2026.08.22-20.58.40:182][922]LogPhysics: Warning: Scale for /Game/Maps/UEDPIE_0_Map_Master.Map_Master:PersistentLevel.BP_Hall_Light_5.Light has a component set to zero, which will result in a bad body instance. Scale:X=1.000 Y=1.000 Z=0.000
[2026.08.22-20.58.40:182][922]LogPhysics: Warning: PopulatePhysXGeometryAndTransform(Convex): ConvexElem has invalid transform
[2026.08.22-20.58.40:183][922]LogPhysics: Warning: ForeachShape(Convex): ScaledElem[0] invalid
[2026.08.22-20.58.40:183][922]LogPhysics: Warning: Scale for /Game/Maps/UEDPIE_0_Map_Master.Map_Master:PersistentLevel.BP_GlowLight2.Light has a component set to zero, which will result in a bad body instance. Scale:X=1.000 Y=1.000 Z=0.000
[2026.08.22-20.58.40:183][922]LogPhysics: Warning: PopulatePhysXGeometryAndTransform(Convex): ConvexElem has invalid transform
[2026.08.22-20.58.40:183][922]LogPhysics: Warning: ForeachShape(Convex): ScaledElem[0] invalid
[2026.08.22-20.58.40:183][922]LogPhysics: Warning: Scale for /Game/Maps/UEDPIE_0_Map_Master.Map_Master:PersistentLevel.BP_GlowLight3.Light has a component set to zero, which will result in a bad body instance. Scale:X=1.000 Y=1.000 Z=0.000
[2026.08.22-20.58.40:183][922]LogPhysics: Warning: PopulatePhysXGeometryAndTransform(Convex): ConvexElem has invalid transform
[2026.08.22-20.58.40:183][922]LogPhysics: Warning: ForeachShape(Convex): ScaledElem[0] invalid
[2026.08.22-20.58.40:183][922]LogPhysics: Warning: Scale for /Game/Maps/UEDPIE_0_Map_Master.Map_Master:PersistentLevel.BP_GlowLight4.Light has a component set to zero, which will result in a bad body instance. Scale:X=1.000 Y=1.000 Z=0.000
[2026.08.22-20.58.40:183][922]LogPhysics: Warning: PopulatePhysXGeometryAndTransform(Convex): ConvexElem has invalid transform
[2026.08.22-20.58.40:183][922]LogPhysics: Warning: ForeachShape(Convex): ScaledElem[0] invalid
[2026.08.22-20.58.40:184][922]LogPhysics: Warning: Scale for /Game/Maps/UEDPIE_0_Map_Master.Map_Master:PersistentLevel.BP_GlowLight5.Light has a component set to zero, which will result in a bad body instance. Scale:X=1.000 Y=1.000 Z=0.000
[2026.08.22-20.58.40:184][922]LogPhysics: Warning: PopulatePhysXGeometryAndTransform(Convex): ConvexElem has invalid transform
[2026.08.22-20.58.40:184][922]LogPhysics: Warning: ForeachShape(Convex): ScaledElem[0] invalid
[2026.08.22-20.58.40:190][922]LogWorld: Bringing World /Game/Maps/UEDPIE_0_Map_Master.Map_Master up for play (max tick rate 60) at 2026.08.23-02.28.40
[2026.08.22-20.58.40:191][922]LogWorld: Bringing up level for play took: 0.009717
[2026.08.22-20.58.40:196][922]LogOnline: OSS: Creating online subsystem instance for: :Context_8
[2026.08.22-20.58.40:206][922]PIE: Server logged in
[2026.08.22-20.58.40:208][922]PIE: Play in editor total start time 0.536 seconds.
[2026.08.22-20.58.41:131][956]LogSlate: Updating window title bar state: overlay mode, drag disabled, window buttons hidden, title bar hidden
[2026.08.22-20.58.41:131][956]LogWorld: BeginTearingDown for /Game/Maps/UEDPIE_0_Map_Master
[2026.08.22-20.58.41:132][956]LogWorld: UWorld::CleanupWorld for Map_Master, bSessionEnded=true, bCleanupResources=true
[2026.08.22-20.58.41:133][956]LogSlate: InvalidateAllWidgets triggered.  All widgets were invalidated
[2026.08.22-20.58.41:147][956]LogPlayLevel: Display: Shutting down PIE online subsystems
[2026.08.22-20.58.41:156][956]LogSlate: InvalidateAllWidgets triggered.  All widgets were invalidated
[2026.08.22-20.58.41:211][956]LogAudio: Display: Audio Device unregistered from world 'None'.
[2026.08.22-20.58.41:211][956]LogAudioMixer: FMixerPlatformXAudio2::StopAudioStream() called
[2026.08.22-20.58.41:213][956]LogAudioMixer: FMixerPlatformXAudio2::StopAudioStream() called
[2026.08.22-20.58.41:218][956]LogSlate: Updating window title bar state: overlay mode, drag disabled, window buttons hidden, title bar hidden
[2026.08.22-20.58.41:227][956]LogUObjectHash: Compacting FUObjectHashTables data took   4.92ms
[2026.08.22-20.58.41:270][957]LogPlayLevel: Display: Destroying online subsystem :Context_8
[2026.08.22-20.58.41:352][957]LogUObjectHash: Compacting FUObjectHashTables data took   5.83ms
[2026.08.22-20.58.49:432][213]LogContentBrowser: Attempting asset rename: Sattelite_01 -> Sattelite_01
[2026.08.22-20.58.58:716][652]LogShaderCompilers: Display: Worker (1/3): shaders left to compile 244
[2026.08.22-20.58.58:716][652]LogShaderCompilers: Display: Started 10 'Local' shader compile jobs with 'Low' priority
[2026.08.22-20.58.59:066][665]LogShaderCompilers: Display: Worker (2/3): shaders left to compile 234
[2026.08.22-20.58.59:066][665]LogShaderCompilers: Display: Started 10 'Local' shader compile jobs with 'Low' priority
[2026.08.22-20.59.00:130][706]LogShaderCompilers: Display: Worker (3/3): shaders left to compile 224
[2026.08.22-20.59.00:130][706]LogShaderCompilers: Display: Started 10 'Local' shader compile jobs with 'Low' priority
[2026.08.22-20.59.18:339][345]LogNativeClassHierarchy: Verbose: Native class hierarchy updated for 'WorldBrowser' in 0.0009 seconds. Added 2 classes and 3 folders.
[2026.08.22-20.59.26:646][526]LogSlate: Window 'Levels' being destroyed
[2026.08.22-20.59.42:103][945]LogSlate: Window 'Levels' being destroyed
[2026.08.22-20.59.45:278][ 22]LogUObjectHash: Compacting FUObjectHashTables data took  10.01ms
[2026.08.22-20.59.46:768][ 22]LogSlate: Window 'Save Content' being destroyed
[2026.08.22-20.59.46:811][ 22]Cmd: OBJ SAVEPACKAGE PACKAGE="/Game/Maps/Map_Master" FILE="D:/Event_Horizon_SOL_V2/Content/Maps/Map_Master.umap" SILENT=true AUTOSAVING=false KEEPDIRTY=false
[2026.08.22-20.59.46:945][ 22]LogUObjectHash: Compacting FUObjectHashTables data took   5.92ms
[2026.08.22-20.59.47:042][ 22]LogSavePackage: Moving 'D:/Event_Horizon_SOL_V2/Saved/Map_MasterB43E8C714983043DEF5FFB920209B8FA.tmp' to 'D:/Event_Horizon_SOL_V2/Content/Maps/Map_Master.umap'
[2026.08.22-20.59.47:081][ 22]LogFileHelpers: Saving map 'Map_Master' took 0.270
[2026.08.22-20.59.47:110][ 22]LogAssetEditorSubsystem: Opening Asset editor for World /Game/Maps/Sattelite_01.Sattelite_01
[2026.08.22-20.59.47:110][ 22]Cmd: MAP LOAD FILE="D:/Event_Horizon_SOL_V2/Content/Maps/Sattelite_01.umap" TEMPLATE=0 SHOWPROGRESS=1 FEATURELEVEL=3
[2026.08.22-20.59.47:110][ 22]LightingResults: New page: Lighting Build
[2026.08.22-20.59.47:110][ 22]LoadErrors: New page: Loading map: Sattelite_01.umap
[2026.08.22-20.59.47:121][ 22]LogWorld: UWorld::CleanupWorld for Map_Master, bSessionEnded=true, bCleanupResources=true
[2026.08.22-20.59.47:121][ 22]LogSlate: InvalidateAllWidgets triggered.  All widgets were invalidated
[2026.08.22-20.59.47:121][ 22]LogWorld: UWorld::CleanupWorld for Game_Map, bSessionEnded=true, bCleanupResources=true
[2026.08.22-20.59.47:121][ 22]LogSlate: InvalidateAllWidgets triggered.  All widgets were invalidated
[2026.08.22-20.59.47:121][ 22]LogWorld: UWorld::CleanupWorld for Sattelite_01, bSessionEnded=true, bCleanupResources=true
[2026.08.22-20.59.47:121][ 22]LogSlate: InvalidateAllWidgets triggered.  All widgets were invalidated
[2026.08.22-20.59.47:123][ 22]MapCheck: New page: Map Check
[2026.08.22-20.59.47:123][ 22]LightingResults: New page: Lighting Build
[2026.08.22-20.59.47:185][ 22]LogAudio: Display: Audio Device unregistered from world 'None'.
[2026.08.22-20.59.47:198][ 22]LogUObjectHash: Compacting FUObjectHashTables data took   5.86ms
[2026.08.22-20.59.47:200][ 22]LogAudio: Display: Audio Device (ID: 1) registered with world 'Sattelite_01'.
[2026.08.22-20.59.47:202][ 22]LogAIModule: Creating AISystem for world Sattelite_01
[2026.08.22-20.59.47:442][ 22]LogEditorServer: Finished looking for orphan Actors (0.000 secs)
[2026.08.22-20.59.47:527][ 22]LogUObjectHash: Compacting FUObjectHashTables data took   5.79ms
[2026.08.22-20.59.47:564][ 22]Cmd: MAP CHECKDEP NOCLEARLOG
[2026.08.22-20.59.47:565][ 22]MapCheck: Map check complete: 0 Error(s), 0 Warning(s), took 0.171ms to complete.
[2026.08.22-20.59.47:565][ 22]LogFileHelpers: Loading map 'Sattelite_01' took 0.455
[2026.08.22-20.59.47:633][ 22]AssetCheck: New page: Asset Save: Map_Master
[2026.08.22-20.59.47:634][ 22]LogContentValidation: Display: Validating World /Game/Maps/Map_Master.Map_Master
[2026.08.22-20.59.47:848][ 22]LogUObjectHash: Compacting FUObjectHashTables data took   4.04ms
[2026.08.22-21.00.06:091][698]LogTemp: Wakatime Integration: Heartbeat accepted with code 202
[2026.08.22-21.00.08:678][787]LogShaderCompilers: Display: Worker (1/3): shaders left to compile 214
[2026.08.22-21.00.08:678][787]LogShaderCompilers: Display: Started 10 'Local' shader compile jobs with 'Low' priority
[2026.08.22-21.00.08:708][787]LogShaderCompilers: Display: === FShaderJobCache stats ===
[2026.08.22-21.00.08:708][787]LogShaderCompilers: Display: Total job queries 400, among them cache hits 0 (0.00%)
[2026.08.22-21.00.08:708][787]LogShaderCompilers: Display: Tracking 166 distinct input hashes that result in 60 distinct outputs (36.14%)
[2026.08.22-21.00.08:708][787]LogShaderCompilers: Display: RAM used: 0.34 MB (0.00 GB) of 409.60 MB (0.40 GB) budget. Usage: 0.08%
[2026.08.22-21.00.08:708][787]LogShaderCompilers: Display: ================================================
[2026.08.22-21.00.16:451][ 40]LogShaderCompilers: Display: Worker (2/3): shaders left to compile 204
[2026.08.22-21.00.16:451][ 40]LogShaderCompilers: Display: Started 10 'Local' shader compile jobs with 'Low' priority
[2026.08.22-21.00.19:184][132]Cmd: OBJ SAVEPACKAGE PACKAGE="/Game/Maps/Sattelite_01" FILE="D:/Event_Horizon_SOL_V2/Content/Maps/Sattelite_01.umap" SILENT=true AUTOSAVING=false KEEPDIRTY=false
[2026.08.22-21.00.19:271][132]LogUObjectHash: Compacting FUObjectHashTables data took   6.81ms
[2026.08.22-21.00.19:298][132]LogSavePackage: Moving 'D:/Event_Horizon_SOL_V2/Saved/Sattelite_01F22C6D884F8BE1130882E0AE004F6FC8.tmp' to 'D:/Event_Horizon_SOL_V2/Content/Maps/Sattelite_01.umap'
[2026.08.22-21.00.19:336][132]Cmd: OBJ SAVEPACKAGE PACKAGE="/Game/Maps/Sattelite_01_BuiltData" FILE="D:/Event_Horizon_SOL_V2/Content/Maps/Sattelite_01_BuiltData.uasset" SILENT=true
[2026.08.22-21.00.19:401][132]LogSavePackage: Moving 'D:/Event_Horizon_SOL_V2/Saved/Sattelite_01_BuiltData7604FDA1415E468C4980BE832DA9432E.tmp' to 'D:/Event_Horizon_SOL_V2/Content/Maps/Sattelite_01_BuiltData.uasset'
[2026.08.22-21.00.19:446][132]AssetCheck: New page: Asset Save: multiple assets
[2026.08.22-21.00.19:446][132]LogContentValidation: Display: Validating World /Game/Maps/Sattelite_01.Sattelite_01
[2026.08.22-21.00.19:446][132]LogContentValidation: Display: Validating MapBuildDataRegistry /Game/Maps/Sattelite_01_BuiltData.Sattelite_01_BuiltData
[2026.08.22-21.00.21:109][181]LogEditorViewport: Clicking on Actor (LMB): BP_Sky_Sphere_C (SkySphereBlueprint2)
[2026.08.22-21.00.21:660][193]LogShaderCompilers: Display: Worker (3/3): shaders left to compile 194
[2026.08.22-21.00.21:660][193]LogShaderCompilers: Display: Started 10 'Local' shader compile jobs with 'Low' priority
[2026.08.22-21.00.31:846][557]LogUObjectHash: Compacting FUObjectHashTables data took   5.33ms
[2026.08.22-21.00.31:876][557]LogAssetEditorSubsystem: Opening Asset editor for World /Game/Maps/Map_Master.Map_Master
[2026.08.22-21.00.31:876][557]Cmd: MAP LOAD FILE="D:/Event_Horizon_SOL_V2/Content/Maps/Map_Master.umap" TEMPLATE=0 SHOWPROGRESS=1 FEATURELEVEL=3
[2026.08.22-21.00.31:876][557]LightingResults: New page: Lighting Build
[2026.08.22-21.00.31:876][557]LoadErrors: New page: Loading map: Map_Master.umap
[2026.08.22-21.00.31:880][557]LogWorld: UWorld::CleanupWorld for Sattelite_01, bSessionEnded=true, bCleanupResources=true
[2026.08.22-21.00.31:880][557]LogSlate: InvalidateAllWidgets triggered.  All widgets were invalidated
[2026.08.22-21.00.31:880][557]MapCheck: New page: Map Check
[2026.08.22-21.00.31:880][557]LightingResults: New page: Lighting Build
[2026.08.22-21.00.31:938][557]LogAudio: Display: Audio Device unregistered from world 'None'.
[2026.08.22-21.00.31:947][557]LogUObjectHash: Compacting FUObjectHashTables data took   6.55ms
[2026.08.22-21.00.31:948][557]LogAudio: Display: Audio Device (ID: 1) registered with world 'Map_Master'.
[2026.08.22-21.00.31:950][557]LogPhysics: Warning: Scale for /Game/Maps/Map_Master.Map_Master:PersistentLevel.BP_Hall_Light_5.Light has a component set to zero, which will result in a bad body instance. Scale:X=1.000 Y=1.000 Z=0.000
[2026.08.22-21.00.31:951][557]LogPhysics: Warning: PopulatePhysXGeometryAndTransform(Convex): ConvexElem has invalid transform
[2026.08.22-21.00.31:951][557]LogPhysics: Warning: ForeachShape(Convex): ScaledElem[0] invalid
[2026.08.22-21.00.31:951][557]LogPhysics: Warning: Scale for /Game/Maps/Map_Master.Map_Master:PersistentLevel.BP_GlowLight2.Light has a component set to zero, which will result in a bad body instance. Scale:X=1.000 Y=1.000 Z=0.000
[2026.08.22-21.00.31:951][557]LogPhysics: Warning: PopulatePhysXGeometryAndTransform(Convex): ConvexElem has invalid transform
[2026.08.22-21.00.31:951][557]LogPhysics: Warning: ForeachShape(Convex): ScaledElem[0] invalid
[2026.08.22-21.00.31:951][557]LogPhysics: Warning: Scale for /Game/Maps/Map_Master.Map_Master:PersistentLevel.BP_GlowLight3.Light has a component set to zero, which will result in a bad body instance. Scale:X=1.000 Y=1.000 Z=0.000
[2026.08.22-21.00.31:951][557]LogPhysics: Warning: PopulatePhysXGeometryAndTransform(Convex): ConvexElem has invalid transform
[2026.08.22-21.00.31:951][557]LogPhysics: Warning: ForeachShape(Convex): ScaledElem[0] invalid
[2026.08.22-21.00.31:952][557]LogPhysics: Warning: Scale for /Game/Maps/Map_Master.Map_Master:PersistentLevel.BP_GlowLight4.Light has a component set to zero, which will result in a bad body instance. Scale:X=1.000 Y=1.000 Z=0.000
[2026.08.22-21.00.31:952][557]LogPhysics: Warning: PopulatePhysXGeometryAndTransform(Convex): ConvexElem has invalid transform
[2026.08.22-21.00.31:952][557]LogPhysics: Warning: ForeachShape(Convex): ScaledElem[0] invalid
[2026.08.22-21.00.31:952][557]LogPhysics: Warning: Scale for /Game/Maps/Map_Master.Map_Master:PersistentLevel.BP_GlowLight5.Light has a component set to zero, which will result in a bad body instance. Scale:X=1.000 Y=1.000 Z=0.000
[2026.08.22-21.00.31:952][557]LogPhysics: Warning: PopulatePhysXGeometryAndTransform(Convex): ConvexElem has invalid transform
[2026.08.22-21.00.31:952][557]LogPhysics: Warning: ForeachShape(Convex): ScaledElem[0] invalid
[2026.08.22-21.00.31:969][557]LogPhysics: Warning: Scale for /Game/Maps/Map_Master.Map_Master:PersistentLevel.BP_Hall_Light_5.Light has a component set to zero, which will result in a bad body instance. Scale:X=1.000 Y=1.000 Z=0.000
[2026.08.22-21.00.31:969][557]LogPhysics: Warning: PopulatePhysXGeometryAndTransform(Convex): ConvexElem has invalid transform
[2026.08.22-21.00.31:969][557]LogPhysics: Warning: ForeachShape(Convex): ScaledElem[0] invalid
[2026.08.22-21.00.31:970][557]LogPhysics: Warning: Scale for /Game/Maps/Map_Master.Map_Master:PersistentLevel.BP_Hall_Light_5.Light has a component set to zero, which will result in a bad body instance. Scale:X=1.000 Y=1.000 Z=0.000
[2026.08.22-21.00.31:970][557]LogPhysics: Warning: PopulatePhysXGeometryAndTransform(Convex): ConvexElem has invalid transform
[2026.08.22-21.00.31:970][557]LogPhysics: Warning: ForeachShape(Convex): ScaledElem[0] invalid
[2026.08.22-21.00.31:970][557]LogPhysics: Warning: Scale for /Game/Maps/Map_Master.Map_Master:PersistentLevel.BP_Hall_Light_5.Light has a component set to zero, which will result in a bad body instance. Scale:X=1.000 Y=1.000 Z=0.000
[2026.08.22-21.00.31:970][557]LogPhysics: Warning: PopulatePhysXGeometryAndTransform(Convex): ConvexElem has invalid transform
[2026.08.22-21.00.31:970][557]LogPhysics: Warning: ForeachShape(Convex): ScaledElem[0] invalid
[2026.08.22-21.00.31:971][557]LogPhysics: Warning: Scale for /Game/Maps/Map_Master.Map_Master:PersistentLevel.BP_GlowLight2.Light has a component set to zero, which will result in a bad body instance. Scale:X=1.000 Y=1.000 Z=0.000
[2026.08.22-21.00.31:971][557]LogPhysics: Warning: PopulatePhysXGeometryAndTransform(Convex): ConvexElem has invalid transform
[2026.08.22-21.00.31:971][557]LogPhysics: Warning: ForeachShape(Convex): ScaledElem[0] invalid
[2026.08.22-21.00.31:972][557]LogPhysics: Warning: Scale for /Game/Maps/Map_Master.Map_Master:PersistentLevel.BP_GlowLight2.Light has a component set to zero, which will result in a bad body instance. Scale:X=1.000 Y=1.000 Z=0.000
[2026.08.22-21.00.31:972][557]LogPhysics: Warning: PopulatePhysXGeometryAndTransform(Convex): ConvexElem has invalid transform
[2026.08.22-21.00.31:972][557]LogPhysics: Warning: ForeachShape(Convex): ScaledElem[0] invalid
[2026.08.22-21.00.31:972][557]LogPhysics: Warning: Scale for /Game/Maps/Map_Master.Map_Master:PersistentLevel.BP_GlowLight2.Light has a component set to zero, which will result in a bad body instance. Scale:X=1.000 Y=1.000 Z=0.000
[2026.08.22-21.00.31:972][557]LogPhysics: Warning: PopulatePhysXGeometryAndTransform(Convex): ConvexElem has invalid transform
[2026.08.22-21.00.31:972][557]LogPhysics: Warning: ForeachShape(Convex): ScaledElem[0] invalid
[2026.08.22-21.00.31:973][557]LogPhysics: Warning: Scale for /Game/Maps/Map_Master.Map_Master:PersistentLevel.BP_GlowLight3.Light has a component set to zero, which will result in a bad body instance. Scale:X=1.000 Y=1.000 Z=0.000
[2026.08.22-21.00.31:973][557]LogPhysics: Warning: PopulatePhysXGeometryAndTransform(Convex): ConvexElem has invalid transform
[2026.08.22-21.00.31:974][557]LogPhysics: Warning: ForeachShape(Convex): ScaledElem[0] invalid
[2026.08.22-21.00.31:975][557]LogPhysics: Warning: Scale for /Game/Maps/Map_Master.Map_Master:PersistentLevel.BP_GlowLight3.Light has a component set to zero, which will result in a bad body instance. Scale:X=1.000 Y=1.000 Z=0.000
[2026.08.22-21.00.31:975][557]LogPhysics: Warning: PopulatePhysXGeometryAndTransform(Convex): ConvexElem has invalid transform
[2026.08.22-21.00.31:975][557]LogPhysics: Warning: ForeachShape(Convex): ScaledElem[0] invalid
[2026.08.22-21.00.31:975][557]LogPhysics: Warning: Scale for /Game/Maps/Map_Master.Map_Master:PersistentLevel.BP_GlowLight3.Light has a component set to zero, which will result in a bad body instance. Scale:X=1.000 Y=1.000 Z=0.000
[2026.08.22-21.00.31:975][557]LogPhysics: Warning: PopulatePhysXGeometryAndTransform(Convex): ConvexElem has invalid transform
[2026.08.22-21.00.31:975][557]LogPhysics: Warning: ForeachShape(Convex): ScaledElem[0] invalid
[2026.08.22-21.00.31:976][557]LogPhysics: Warning: Scale for /Game/Maps/Map_Master.Map_Master:PersistentLevel.BP_GlowLight4.Light has a component set to zero, which will result in a bad body instance. Scale:X=1.000 Y=1.000 Z=0.000
[2026.08.22-21.00.31:976][557]LogPhysics: Warning: PopulatePhysXGeometryAndTransform(Convex): ConvexElem has invalid transform
[2026.08.22-21.00.31:976][557]LogPhysics: Warning: ForeachShape(Convex): ScaledElem[0] invalid
[2026.08.22-21.00.31:977][557]LogPhysics: Warning: Scale for /Game/Maps/Map_Master.Map_Master:PersistentLevel.BP_GlowLight4.Light has a component set to zero, which will result in a bad body instance. Scale:X=1.000 Y=1.000 Z=0.000
[2026.08.22-21.00.31:977][557]LogPhysics: Warning: PopulatePhysXGeometryAndTransform(Convex): ConvexElem has invalid transform
[2026.08.22-21.00.31:977][557]LogPhysics: Warning: ForeachShape(Convex): ScaledElem[0] invalid
[2026.08.22-21.00.31:977][557]LogPhysics: Warning: Scale for /Game/Maps/Map_Master.Map_Master:PersistentLevel.BP_GlowLight4.Light has a component set to zero, which will result in a bad body instance. Scale:X=1.000 Y=1.000 Z=0.000
[2026.08.22-21.00.31:977][557]LogPhysics: Warning: PopulatePhysXGeometryAndTransform(Convex): ConvexElem has invalid transform
[2026.08.22-21.00.31:977][557]LogPhysics: Warning: ForeachShape(Convex): ScaledElem[0] invalid
[2026.08.22-21.00.31:978][557]LogPhysics: Warning: Scale for /Game/Maps/Map_Master.Map_Master:PersistentLevel.BP_GlowLight5.Light has a component set to zero, which will result in a bad body instance. Scale:X=1.000 Y=1.000 Z=0.000
[2026.08.22-21.00.31:978][557]LogPhysics: Warning: PopulatePhysXGeometryAndTransform(Convex): ConvexElem has invalid transform
[2026.08.22-21.00.31:978][557]LogPhysics: Warning: ForeachShape(Convex): ScaledElem[0] invalid
[2026.08.22-21.00.31:979][557]LogPhysics: Warning: Scale for /Game/Maps/Map_Master.Map_Master:PersistentLevel.BP_GlowLight5.Light has a component set to zero, which will result in a bad body instance. Scale:X=1.000 Y=1.000 Z=0.000
[2026.08.22-21.00.31:979][557]LogPhysics: Warning: PopulatePhysXGeometryAndTransform(Convex): ConvexElem has invalid transform
[2026.08.22-21.00.31:979][557]LogPhysics: Warning: ForeachShape(Convex): ScaledElem[0] invalid
[2026.08.22-21.00.31:979][557]LogPhysics: Warning: Scale for /Game/Maps/Map_Master.Map_Master:PersistentLevel.BP_GlowLight5.Light has a component set to zero, which will result in a bad body instance. Scale:X=1.000 Y=1.000 Z=0.000
[2026.08.22-21.00.31:980][557]LogPhysics: Warning: PopulatePhysXGeometryAndTransform(Convex): ConvexElem has invalid transform
[2026.08.22-21.00.31:980][557]LogPhysics: Warning: ForeachShape(Convex): ScaledElem[0] invalid
[2026.08.22-21.00.32:031][557]LogStreaming: Display: ULevelStreaming::RequestLevel(/Game/Maps/Game_Map) is flushing async loading
[2026.08.22-21.00.32:032][557]LogStreaming: Display: FlushAsyncLoading: 1 QueuedPackages, 0 AsyncPackages
[2026.08.22-21.00.32:082][557]LogStreaming: Display: ULevelStreaming::RequestLevel(/Game/Maps/Sattelite_01) is flushing async loading
[2026.08.22-21.00.32:416][557]LogEditorServer: Finished looking for orphan Actors (0.000 secs)
[2026.08.22-21.00.32:416][557]LogAIModule: Creating AISystem for world Map_Master
[2026.08.22-21.00.32:527][557]LogUObjectHash: Compacting FUObjectHashTables data took   5.66ms
[2026.08.22-21.00.32:560][557]Cmd: MAP CHECKDEP NOCLEARLOG
[2026.08.22-21.00.32:561][557]MapCheck: Map check complete: 0 Error(s), 0 Warning(s), took 0.283ms to complete.
[2026.08.22-21.00.32:561][557]LogFileHelpers: Loading map 'Map_Master' took 0.685
[2026.08.22-21.00.36:169][646]LogTemp: Wakatime Integration: Heartbeat accepted with code 202
[2026.08.22-21.00.36:332][649]Cmd: STAT FPS
[2026.08.22-21.01.23:418][896]LogHttp: Warning: 000001945B790F00: invalid HTTP response code received. URL: https://datarouter.ol.epicgames.com/datarouter/api/v1/public/data?SessionID=%7B2B2A0FBF-441C-B5D1-15D0-7384AB58397E%7D&AppID=UEEditor.Rocket.Release&AppVersion=4.27.2-18319896%2B%2B%2BUE4%2BRelease-4.27&UserID=f377eb1a4dfafe8dd739c8b598f03754%7Cabced1c5a32445ae940123eae20d7177%7C4c5740ad-5660-4228-a168-e31eb177de0d&AppEnvironment=datacollector-binary&UploadType=eteventstream, HTTP code: 0, content length: 0, actual payload size: 0
[2026.08.22-21.01.23:422][896]LogHttp: Warning: 000001945B790F00: request failed, libcurl error: 0 (No error)
[2026.08.22-21.01.23:422][896]LogHttp: Warning: 000001945B790F00: libcurl info message cache 0 (Found bundle for host datarouter.ol.epicgames.com: 0x193bd6d7790 [can pipeline])
[2026.08.22-21.01.23:422][896]LogHttp: Warning: 000001945B790F00: libcurl info message cache 1 (Re-using existing connection! (#1) with host datarouter.ol.epicgames.com)
[2026.08.22-21.01.23:422][896]LogHttp: Warning: 000001945B790F00: libcurl info message cache 2 (Connected to datarouter.ol.epicgames.com (34.204.252.29) port 443 (#1))
[2026.08.22-21.01.23:422][896]LogHttp: Warning: 000001945B790F00: libcurl info message cache 3 (TLSv1.3 (OUT), TLS Unknown, Unknown (23):)
[2026.08.22-21.01.23:422][896]LogHttp: Warning: 000001945B790F00: libcurl info message cache 4 (TLSv1.3 (OUT), TLS Unknown, Unknown (23):)
[2026.08.22-21.01.23:422][896]LogHttp: Warning: 000001945B790F00: libcurl info message cache 5 (We are completely uploaded and fine)
[2026.08.22-21.01.23:422][896]LogHttp: Warning: 000001945B790F00: libcurl info message cache 6 (TLSv1.3 (IN), TLS Unknown, Unknown (21):)
[2026.08.22-21.01.23:422][896]LogHttp: Warning: 000001945B790F00: libcurl info message cache 7 (TLSv1.3 (IN), TLS alert, Client hello (1):)
[2026.08.22-21.01.23:422][896]LogHttp: Warning: 000001945B790F00: libcurl info message cache 8 (Connection died, retrying a fresh connect)
[2026.08.22-21.01.23:423][896]LogHttp: Warning: 000001945B790F00: libcurl info message cache 9 (necessary data rewind wasn't possible)
[2026.08.22-21.01.23:423][896]LogHttp: Warning: 000001945B790F00: libcurl info message cache 10 (Closing connection 1)
[2026.08.22-21.01.23:423][896]LogHttp: Warning: 000001945B790F00: libcurl info message cache 11 (TLSv1.3 (OUT), TLS Unknown, Unknown (21):)
[2026.08.22-21.01.23:423][896]LogHttp: Warning: 000001945B790F00: libcurl info message cache 12 (TLSv1.3 (OUT), TLS alert, Client hello (1):)
[2026.08.22-21.01.23:424][896]LogHttp: Warning: Retry exhausted on https://datarouter.ol.epicgames.com/datarouter/api/v1/public/data?SessionID=%7B2B2A0FBF-441C-B5D1-15D0-7384AB58397E%7D&AppID=UEEditor.Rocket.Release&AppVersion=4.27.2-18319896%2B%2B%2BUE4%2BRelease-4.27&UserID=f377eb1a4dfafe8dd739c8b598f03754%7Cabced1c5a32445ae940123eae20d7177%7C4c5740ad-5660-4228-a168-e31eb177de0d&AppEnvironment=datacollector-binary&UploadType=eteventstream
[2026.08.22-21.02.26:992][673]LogShaderCompilers: Display: Worker (1/3): shaders left to compile 184
[2026.08.22-21.02.26:992][673]LogShaderCompilers: Display: Started 10 'Local' shader compile jobs with 'Low' priority
[2026.08.22-21.02.28:419][712]LogShaderCompilers: Display: Worker (2/3): shaders left to compile 174
[2026.08.22-21.02.28:419][712]LogShaderCompilers: Display: Started 10 'Local' shader compile jobs with 'Low' priority
[2026.08.22-21.02.54:817][452]LogShaderCompilers: Display: Worker (3/3): shaders left to compile 164
[2026.08.22-21.02.54:817][452]LogShaderCompilers: Display: Started 10 'Local' shader compile jobs with 'Low' priority
[2026.08.22-21.04.58:331][884]LogShaderCompilers: Display: Worker (1/3): shaders left to compile 154
[2026.08.22-21.04.58:331][884]LogShaderCompilers: Display: Started 10 'Local' shader compile jobs with 'Low' priority
[2026.08.22-21.04.58:373][884]LogShaderCompilers: Display: === FShaderJobCache stats ===
[2026.08.22-21.04.58:373][884]LogShaderCompilers: Display: Total job queries 400, among them cache hits 0 (0.00%)
[2026.08.22-21.04.58:373][884]LogShaderCompilers: Display: Tracking 226 distinct input hashes that result in 72 distinct outputs (31.86%)
[2026.08.22-21.04.58:373][884]LogShaderCompilers: Display: RAM used: 0.40 MB (0.00 GB) of 409.60 MB (0.40 GB) budget. Usage: 0.10%
[2026.08.22-21.04.58:374][884]LogShaderCompilers: Display: ================================================
[2026.08.22-21.05.11:999][265]LogShaderCompilers: Display: Worker (2/3): shaders left to compile 144
[2026.08.22-21.05.11:999][265]LogShaderCompilers: Display: Started 10 'Local' shader compile jobs with 'Low' priority
[2026.08.22-21.05.49:255][305]LogShaderCompilers: Display: Worker (3/3): shaders left to compile 134
[2026.08.22-21.05.49:255][305]LogShaderCompilers: Display: Started 10 'Local' shader compile jobs with 'Low' priority
[2026.08.22-21.08.06:257][125]LogShaderCompilers: Display: Worker (1/3): shaders left to compile 124
[2026.08.22-21.08.06:258][125]LogShaderCompilers: Display: Started 10 'Local' shader compile jobs with 'Low' priority
[2026.08.22-21.08.06:258][125]LogShaderCompilers: Display: === FShaderJobCache stats ===
[2026.08.22-21.08.06:258][125]LogShaderCompilers: Display: Total job queries 400, among them cache hits 0 (0.00%)
[2026.08.22-21.08.06:258][125]LogShaderCompilers: Display: Tracking 256 distinct input hashes that result in 79 distinct outputs (30.86%)
[2026.08.22-21.08.06:258][125]LogShaderCompilers: Display: RAM used: 0.45 MB (0.00 GB) of 409.60 MB (0.40 GB) budget. Usage: 0.11%
[2026.08.22-21.08.06:258][125]LogShaderCompilers: Display: ================================================
[2026.08.22-21.08.19:801][505]LogShaderCompilers: Display: Worker (2/3): shaders left to compile 114
[2026.08.22-21.08.19:801][505]LogShaderCompilers: Display: Started 10 'Local' shader compile jobs with 'Low' priority
[2026.08.22-21.09.00:810][638]LogShaderCompilers: Display: Worker (3/3): shaders left to compile 104
[2026.08.22-21.09.00:812][638]LogShaderCompilers: Display: Started 10 'Local' shader compile jobs with 'Low' priority
[2026.08.22-21.10.23:380][863]LogTemp: Repeating last play command: Selected Viewport
[2026.08.22-21.10.23:413][863]LogPlayLevel: PlayLevel: No blueprints needed recompiling
[2026.08.22-21.10.23:414][863]PIE: New page: PIE session: Map_Master (Aug 23, 2026, 8:10:23 AM)
[2026.08.22-21.10.23:417][863]LogPlayLevel: Creating play world package: /Game/Maps/UEDPIE_0_Map_Master
[2026.08.22-21.10.23:449][863]LogPlayLevel: PIE: StaticDuplicateObject took: (0.030673s)
[2026.08.22-21.10.23:451][863]LogAIModule: Creating AISystem for world Map_Master
[2026.08.22-21.10.23:452][863]LogPlayLevel: PIE: World Init took: (0.003073s)
[2026.08.22-21.10.23:452][863]LogPlayLevel: PIE: Created PIE world by copying editor world from /Game/Maps/Map_Master.Map_Master to /Game/Maps/UEDPIE_0_Map_Master.Map_Master (0.034703s)
[2026.08.22-21.10.23:624][863]LogUObjectHash: Compacting FUObjectHashTables data took   9.90ms
[2026.08.22-21.10.23:635][863]LogAudio: Display: Creating Audio Device:                 Id: 4, Scope: Unique, Realtime: True
[2026.08.22-21.10.23:635][863]LogAudioMixer: Display: Audio Mixer Platform Settings:
[2026.08.22-21.10.23:635][863]LogAudioMixer: Display: 	Sample Rate:						  48000
[2026.08.22-21.10.23:635][863]LogAudioMixer: Display: 	Callback Buffer Frame Size Requested: 1024
[2026.08.22-21.10.23:635][863]LogAudioMixer: Display: 	Callback Buffer Frame Size To Use:	  1024
[2026.08.22-21.10.23:635][863]LogAudioMixer: Display: 	Number of buffers to queue:			  2
[2026.08.22-21.10.23:635][863]LogAudioMixer: Display: 	Max Channels (voices):				  32
[2026.08.22-21.10.23:636][863]LogAudioMixer: Display: 	Number of Async Source Workers:		  0
[2026.08.22-21.10.23:636][863]LogAudio: Display: AudioDevice MaxSources: 32
[2026.08.22-21.10.23:637][863]LogAudio: Display: Audio Spatialization Plugin: None (built-in).
[2026.08.22-21.10.23:637][863]LogAudio: Display: Audio Reverb Plugin: None (built-in).
[2026.08.22-21.10.23:637][863]LogAudio: Display: Audio Occlusion Plugin: None (built-in).
[2026.08.22-21.10.23:637][863]LogAudioMixer: Display: Initializing audio mixer.
[2026.08.22-21.10.23:645][863]LogAudioMixer: Display: 0: FrontLeft
[2026.08.22-21.10.23:645][863]LogAudioMixer: Display: 1: FrontRight
[2026.08.22-21.10.23:681][863]LogAudioMixer: Display: Using Audio Device Speakers / Headphones (Realtek Audio)
[2026.08.22-21.10.23:682][863]LogAudioMixer: Display: Initializing Sound Submixes...
[2026.08.22-21.10.23:682][863]LogAudioMixer: Display: Creating Master Submix 'MasterSubmixDefault'
[2026.08.22-21.10.23:683][863]LogAudioMixer: Display: Creating Master Submix 'MasterReverbSubmixDefault'
[2026.08.22-21.10.23:684][863]LogAudioMixer: Display: Creating Master Submix 'MasterEQSubmixDefault'
[2026.08.22-21.10.23:684][863]LogAudioMixer: FMixerPlatformXAudio2::StartAudioStream() called
[2026.08.22-21.10.23:684][863]LogAudioMixer: Display: Output buffers initialized: Frames=1024, Channels=2, Samples=2048
[2026.08.22-21.10.23:686][863]LogAudioMixer: Display: Starting AudioMixerPlatformInterface::RunInternal()
[2026.08.22-21.10.23:686][863]LogAudioMixer: Display: FMixerPlatformXAudio2::SubmitBuffer() called for the first time
[2026.08.22-21.10.23:686][863]LogInit: FAudioDevice initialized.
[2026.08.22-21.10.23:686][863]LogAudio: Display: Audio Device (ID: 4) registered with world 'Map_Master'.
[2026.08.22-21.10.23:703][863]LogLoad: Game class is 'FirstPersonGameMode_C'
[2026.08.22-21.10.23:720][863]LogPhysics: Warning: Scale for /Game/Maps/UEDPIE_0_Map_Master.Map_Master:PersistentLevel.BP_Hall_Light_5.Light has a component set to zero, which will result in a bad body instance. Scale:X=1.000 Y=1.000 Z=0.000
[2026.08.22-21.10.23:720][863]LogPhysics: Warning: PopulatePhysXGeometryAndTransform(Convex): ConvexElem has invalid transform
[2026.08.22-21.10.23:720][863]LogPhysics: Warning: ForeachShape(Convex): ScaledElem[0] invalid
[2026.08.22-21.10.23:720][863]LogPhysics: Warning: Scale for /Game/Maps/UEDPIE_0_Map_Master.Map_Master:PersistentLevel.BP_GlowLight2.Light has a component set to zero, which will result in a bad body instance. Scale:X=1.000 Y=1.000 Z=0.000
[2026.08.22-21.10.23:720][863]LogPhysics: Warning: PopulatePhysXGeometryAndTransform(Convex): ConvexElem has invalid transform
[2026.08.22-21.10.23:720][863]LogPhysics: Warning: ForeachShape(Convex): ScaledElem[0] invalid
[2026.08.22-21.10.23:721][863]LogPhysics: Warning: Scale for /Game/Maps/UEDPIE_0_Map_Master.Map_Master:PersistentLevel.BP_GlowLight3.Light has a component set to zero, which will result in a bad body instance. Scale:X=1.000 Y=1.000 Z=0.000
[2026.08.22-21.10.23:721][863]LogPhysics: Warning: PopulatePhysXGeometryAndTransform(Convex): ConvexElem has invalid transform
[2026.08.22-21.10.23:721][863]LogPhysics: Warning: ForeachShape(Convex): ScaledElem[0] invalid
[2026.08.22-21.10.23:721][863]LogPhysics: Warning: Scale for /Game/Maps/UEDPIE_0_Map_Master.Map_Master:PersistentLevel.BP_GlowLight4.Light has a component set to zero, which will result in a bad body instance. Scale:X=1.000 Y=1.000 Z=0.000
[2026.08.22-21.10.23:721][863]LogPhysics: Warning: PopulatePhysXGeometryAndTransform(Convex): ConvexElem has invalid transform
[2026.08.22-21.10.23:721][863]LogPhysics: Warning: ForeachShape(Convex): ScaledElem[0] invalid
[2026.08.22-21.10.23:721][863]LogPhysics: Warning: Scale for /Game/Maps/UEDPIE_0_Map_Master.Map_Master:PersistentLevel.BP_GlowLight5.Light has a component set to zero, which will result in a bad body instance. Scale:X=1.000 Y=1.000 Z=0.000
[2026.08.22-21.10.23:722][863]LogPhysics: Warning: PopulatePhysXGeometryAndTransform(Convex): ConvexElem has invalid transform
[2026.08.22-21.10.23:722][863]LogPhysics: Warning: ForeachShape(Convex): ScaledElem[0] invalid
[2026.08.22-21.10.23:730][863]LogWorld: Bringing World /Game/Maps/UEDPIE_0_Map_Master.Map_Master up for play (max tick rate 60) at 2026.08.23-02.40.23
[2026.08.22-21.10.23:731][863]LogWorld: Bringing up level for play took: 0.012062
[2026.08.22-21.10.23:736][863]LogOnline: OSS: Creating online subsystem instance for: :Context_9
[2026.08.22-21.10.23:747][863]PIE: Server logged in
[2026.08.22-21.10.23:748][863]PIE: Play in editor total start time 0.35 seconds.
[2026.08.22-21.11.10:969][557]LogLevel: ActivateLevel /Game/Maps/UEDPIE_0_Sattelite_01 1 1 1
[2026.08.22-21.11.11:058][558]LogLevel: Warning: Failed to find streaming level object associated with 'Map_Master'
[2026.08.22-21.11.11:554][574]LogNet: Browse: /Game/Maps/Map_Master
[2026.08.22-21.11.11:558][574]LogLoad: LoadMap: /Game/Maps/Map_Master
[2026.08.22-21.11.11:558][574]LogWorld: BeginTearingDown for /Game/Maps/UEDPIE_0_Map_Master
[2026.08.22-21.11.11:562][574]LogWorld: UWorld::CleanupWorld for Map_Master, bSessionEnded=true, bCleanupResources=true
[2026.08.22-21.11.11:564][574]LogSlate: InvalidateAllWidgets triggered.  All widgets were invalidated
[2026.08.22-21.11.11:565][574]LogWorld: UWorld::CleanupWorld for Game_Map, bSessionEnded=true, bCleanupResources=true
[2026.08.22-21.11.11:565][574]LogSlate: InvalidateAllWidgets triggered.  All widgets were invalidated
[2026.08.22-21.11.11:566][574]LogWorld: UWorld::CleanupWorld for Sattelite_01, bSessionEnded=true, bCleanupResources=true
[2026.08.22-21.11.11:566][574]LogSlate: InvalidateAllWidgets triggered.  All widgets were invalidated
[2026.08.22-21.11.11:646][574]LogAudio: Display: Audio Device unregistered from world 'None'.
[2026.08.22-21.11.11:662][574]LogUObjectHash: Compacting FUObjectHashTables data took   7.77ms
[2026.08.22-21.11.11:669][574]LogPlayLevel: Creating play world package: /Game/Maps/UEDPIE_0_Map_Master
[2026.08.22-21.11.11:692][574]LogPlayLevel: PIE: StaticDuplicateObject took: (0.023324s)
[2026.08.22-21.11.11:694][574]LogAIModule: Creating AISystem for world Map_Master
[2026.08.22-21.11.11:695][574]LogPlayLevel: PIE: World Init took: (0.002461s)
[2026.08.22-21.11.11:695][574]LogPlayLevel: PIE: Created PIE world by copying editor world from /Game/Maps/Map_Master.Map_Master to /Game/Maps/UEDPIE_0_Map_Master.Map_Master (0.026203s)
[2026.08.22-21.11.11:695][574]LogAudio: Display: Audio Device (ID: 4) registered with world 'Map_Master'.
[2026.08.22-21.11.11:695][574]LogLoad: Game class is 'FirstPersonGameMode_C'
[2026.08.22-21.11.11:711][574]LogPhysics: Warning: Scale for /Game/Maps/UEDPIE_0_Map_Master.Map_Master:PersistentLevel.BP_Hall_Light_5.Light has a component set to zero, which will result in a bad body instance. Scale:X=1.000 Y=1.000 Z=0.000
[2026.08.22-21.11.11:711][574]LogPhysics: Warning: PopulatePhysXGeometryAndTransform(Convex): ConvexElem has invalid transform
[2026.08.22-21.11.11:711][574]LogPhysics: Warning: ForeachShape(Convex): ScaledElem[0] invalid
[2026.08.22-21.11.11:711][574]LogPhysics: Warning: Scale for /Game/Maps/UEDPIE_0_Map_Master.Map_Master:PersistentLevel.BP_GlowLight2.Light has a component set to zero, which will result in a bad body instance. Scale:X=1.000 Y=1.000 Z=0.000
[2026.08.22-21.11.11:711][574]LogPhysics: Warning: PopulatePhysXGeometryAndTransform(Convex): ConvexElem has invalid transform
[2026.08.22-21.11.11:711][574]LogPhysics: Warning: ForeachShape(Convex): ScaledElem[0] invalid
[2026.08.22-21.11.11:711][574]LogPhysics: Warning: Scale for /Game/Maps/UEDPIE_0_Map_Master.Map_Master:PersistentLevel.BP_GlowLight3.Light has a component set to zero, which will result in a bad body instance. Scale:X=1.000 Y=1.000 Z=0.000
[2026.08.22-21.11.11:711][574]LogPhysics: Warning: PopulatePhysXGeometryAndTransform(Convex): ConvexElem has invalid transform
[2026.08.22-21.11.11:712][574]LogPhysics: Warning: ForeachShape(Convex): ScaledElem[0] invalid
[2026.08.22-21.11.11:712][574]LogPhysics: Warning: Scale for /Game/Maps/UEDPIE_0_Map_Master.Map_Master:PersistentLevel.BP_GlowLight4.Light has a component set to zero, which will result in a bad body instance. Scale:X=1.000 Y=1.000 Z=0.000
[2026.08.22-21.11.11:712][574]LogPhysics: Warning: PopulatePhysXGeometryAndTransform(Convex): ConvexElem has invalid transform
[2026.08.22-21.11.11:712][574]LogPhysics: Warning: ForeachShape(Convex): ScaledElem[0] invalid
[2026.08.22-21.11.11:712][574]LogPhysics: Warning: Scale for /Game/Maps/UEDPIE_0_Map_Master.Map_Master:PersistentLevel.BP_GlowLight5.Light has a component set to zero, which will result in a bad body instance. Scale:X=1.000 Y=1.000 Z=0.000
[2026.08.22-21.11.11:712][574]LogPhysics: Warning: PopulatePhysXGeometryAndTransform(Convex): ConvexElem has invalid transform
[2026.08.22-21.11.11:712][574]LogPhysics: Warning: ForeachShape(Convex): ScaledElem[0] invalid
[2026.08.22-21.11.11:718][574]LogWorld: Bringing World /Game/Maps/UEDPIE_0_Map_Master.Map_Master up for play (max tick rate 60) at 2026.08.23-02.41.11
[2026.08.22-21.11.11:720][574]LogWorld: Bringing up level for play took: 0.009873
[2026.08.22-21.11.11:739][574]LogLoad: Took 0.179988 seconds to LoadMap(/Game/Maps/UEDPIE_0_Map_Master)
[2026.08.22-21.11.55:094][152]LogScript: Warning: Script Msg: Attempted to access index 0 from array 'ComponentTags' of length 0 in '/Script/Engine.ActorComponent'!
[2026.08.22-21.11.57:838][255]LogLevel: ActivateLevel /Game/Maps/UEDPIE_0_Sattelite_01 1 1 1
[2026.08.22-21.11.57:928][256]LogLevel: Warning: Failed to find streaming level object associated with 'Map_Master'
[2026.08.22-21.12.00:057][331]LogSlate: Updating window title bar state: overlay mode, drag disabled, window buttons hidden, title bar hidden
[2026.08.22-21.12.00:057][331]LogWorld: BeginTearingDown for /Game/Maps/UEDPIE_0_Map_Master
[2026.08.22-21.12.00:058][331]LogWorld: UWorld::CleanupWorld for Map_Master, bSessionEnded=true, bCleanupResources=true
[2026.08.22-21.12.00:060][331]LogSlate: InvalidateAllWidgets triggered.  All widgets were invalidated
[2026.08.22-21.12.00:079][331]LogPlayLevel: Display: Shutting down PIE online subsystems
[2026.08.22-21.12.00:095][331]LogSlate: InvalidateAllWidgets triggered.  All widgets were invalidated
[2026.08.22-21.12.00:179][331]LogAudio: Display: Audio Device unregistered from world 'None'.
[2026.08.22-21.12.00:179][331]LogAudioMixer: FMixerPlatformXAudio2::StopAudioStream() called
[2026.08.22-21.12.00:182][331]LogAudioMixer: FMixerPlatformXAudio2::StopAudioStream() called
[2026.08.22-21.12.00:192][331]LogSlate: Updating window title bar state: overlay mode, drag disabled, window buttons hidden, title bar hidden
[2026.08.22-21.12.00:204][331]LogUObjectHash: Compacting FUObjectHashTables data took   7.14ms
[2026.08.22-21.12.00:290][332]LogPlayLevel: Display: Destroying online subsystem :Context_9
[2026.08.22-21.12.00:384][332]LogUObjectHash: Compacting FUObjectHashTables data took   6.14ms
[2026.08.22-21.12.16:062][820]LogSlate: Window 'Levels' being destroyed
[2026.08.22-21.12.16:765][843]Cmd: OBJ SAVEPACKAGE PACKAGE="/Game/Maps/Map_Master" FILE="D:/Event_Horizon_SOL_V2/Content/Maps/Map_Master.umap" SILENT=true AUTOSAVING=false KEEPDIRTY=false
[2026.08.22-21.12.16:852][843]LogUObjectHash: Compacting FUObjectHashTables data took   1.41ms
[2026.08.22-21.12.16:936][843]LogShaderCompilers: Display: Worker (2/3): shaders left to compile 94
[2026.08.22-21.12.16:936][843]LogShaderCompilers: Display: Started 10 'Local' shader compile jobs with 'Low' priority
[2026.08.22-21.12.16:937][843]LogSavePackage: Moving 'D:/Event_Horizon_SOL_V2/Saved/Map_Master8CAA717F4F29234873032394E904713A.tmp' to 'D:/Event_Horizon_SOL_V2/Content/Maps/Map_Master.umap'
[2026.08.22-21.12.16:975][843]Cmd: OBJ SAVEPACKAGE PACKAGE="/Game/Maps/Map_Master_BuiltData" FILE="D:/Event_Horizon_SOL_V2/Content/Maps/Map_Master_BuiltData.uasset" SILENT=true
[2026.08.22-21.12.16:993][843]LogSavePackage: Moving 'D:/Event_Horizon_SOL_V2/Saved/Map_Master_BuiltDataB3EE21AF4FD58562CACDE8BFC85563EB.tmp' to 'D:/Event_Horizon_SOL_V2/Content/Maps/Map_Master_BuiltData.uasset'
[2026.08.22-21.12.17:033][843]AssetCheck: New page: Asset Save: multiple assets
[2026.08.22-21.12.17:033][843]LogContentValidation: Display: Validating MapBuildDataRegistry /Game/Maps/Map_Master_BuiltData.Map_Master_BuiltData
[2026.08.22-21.12.17:033][843]LogContentValidation: Display: Validating World /Game/Maps/Map_Master.Map_Master
[2026.08.22-21.12.17:048][843]LogShaderCompilers: Display: === FShaderJobCache stats ===
[2026.08.22-21.12.17:048][843]LogShaderCompilers: Display: Total job queries 400, among them cache hits 0 (0.00%)
[2026.08.22-21.12.17:048][843]LogShaderCompilers: Display: Tracking 286 distinct input hashes that result in 79 distinct outputs (27.62%)
[2026.08.22-21.12.17:048][843]LogShaderCompilers: Display: RAM used: 0.45 MB (0.00 GB) of 409.60 MB (0.40 GB) budget. Usage: 0.11%
[2026.08.22-21.12.17:048][843]LogShaderCompilers: Display: ================================================
[2026.08.22-21.12.20:744][975]LogUObjectHash: Compacting FUObjectHashTables data took   1.27ms
[2026.08.22-21.12.20:764][975]LogAssetEditorSubsystem: Opening Asset editor for World /Game/Maps/Sattelite_01.Sattelite_01
[2026.08.22-21.12.20:764][975]Cmd: MAP LOAD FILE="D:/Event_Horizon_SOL_V2/Content/Maps/Sattelite_01.umap" TEMPLATE=0 SHOWPROGRESS=1 FEATURELEVEL=3
[2026.08.22-21.12.20:764][975]LightingResults: New page: Lighting Build
[2026.08.22-21.12.20:764][975]LoadErrors: New page: Loading map: Sattelite_01.umap
[2026.08.22-21.12.20:774][975]LogWorld: UWorld::CleanupWorld for Map_Master, bSessionEnded=true, bCleanupResources=true
[2026.08.22-21.12.20:774][975]LogSlate: InvalidateAllWidgets triggered.  All widgets were invalidated
[2026.08.22-21.12.20:774][975]LogWorld: UWorld::CleanupWorld for Game_Map, bSessionEnded=true, bCleanupResources=true
[2026.08.22-21.12.20:774][975]LogSlate: InvalidateAllWidgets triggered.  All widgets were invalidated
[2026.08.22-21.12.20:774][975]LogWorld: UWorld::CleanupWorld for Sattelite_01, bSessionEnded=true, bCleanupResources=true
[2026.08.22-21.12.20:774][975]LogSlate: InvalidateAllWidgets triggered.  All widgets were invalidated
[2026.08.22-21.12.20:775][975]MapCheck: New page: Map Check
[2026.08.22-21.12.20:775][975]LightingResults: New page: Lighting Build
[2026.08.22-21.12.20:839][975]LogAudio: Display: Audio Device unregistered from world 'None'.
[2026.08.22-21.12.20:855][975]LogUObjectHash: Compacting FUObjectHashTables data took   7.00ms
[2026.08.22-21.12.20:857][975]LogAudio: Display: Audio Device (ID: 1) registered with world 'Sattelite_01'.
[2026.08.22-21.12.20:859][975]LogAIModule: Creating AISystem for world Sattelite_01
[2026.08.22-21.12.21:117][975]LogEditorServer: Finished looking for orphan Actors (0.000 secs)
[2026.08.22-21.12.21:213][975]LogUObjectHash: Compacting FUObjectHashTables data took   7.15ms
[2026.08.22-21.12.21:245][975]Cmd: MAP CHECKDEP NOCLEARLOG
[2026.08.22-21.12.21:245][975]MapCheck: Map check complete: 0 Error(s), 0 Warning(s), took 0.144ms to complete.
[2026.08.22-21.12.21:245][975]LogFileHelpers: Loading map 'Sattelite_01' took 0.481
[2026.08.22-21.12.21:426][975]LogUObjectHash: Compacting FUObjectHashTables data took   1.28ms
[2026.08.22-21.12.23:992][ 97]LogShaderCompilers: Display: Worker (1/3): shaders left to compile 84
[2026.08.22-21.12.23:992][ 97]LogShaderCompilers: Display: Started 10 'Local' shader compile jobs with 'Low' priority
[2026.08.22-21.12.37:010][727]LogTemp: Wakatime Integration: Heartbeat accepted with code 202
[2026.08.22-21.12.47:635][197]LogShaderCompilers: Display: Worker (3/3): shaders left to compile 74
[2026.08.22-21.12.47:635][197]LogShaderCompilers: Display: Started 10 'Local' shader compile jobs with 'Low' priority
[2026.08.22-21.12.48:734][242]LogSlate: Window 'Levels' being destroyed
[2026.08.22-21.12.51:764][358]LogUObjectHash: Compacting FUObjectHashTables data took   5.77ms
[2026.08.22-21.12.51:896][358]LogAssetEditorSubsystem: Opening Asset editor for World /Game/Maps/Map_Master.Map_Master
[2026.08.22-21.12.51:896][358]Cmd: MAP LOAD FILE="D:/Event_Horizon_SOL_V2/Content/Maps/Map_Master.umap" TEMPLATE=0 SHOWPROGRESS=1 FEATURELEVEL=3
[2026.08.22-21.12.51:896][358]LightingResults: New page: Lighting Build
[2026.08.22-21.12.51:897][358]LoadErrors: New page: Loading map: Map_Master.umap
[2026.08.22-21.12.51:899][358]LogWorld: UWorld::CleanupWorld for Sattelite_01, bSessionEnded=true, bCleanupResources=true
[2026.08.22-21.12.51:899][358]LogSlate: InvalidateAllWidgets triggered.  All widgets were invalidated
[2026.08.22-21.12.51:899][358]MapCheck: New page: Map Check
[2026.08.22-21.12.51:900][358]LightingResults: New page: Lighting Build
[2026.08.22-21.12.51:969][358]LogAudio: Display: Audio Device unregistered from world 'None'.
[2026.08.22-21.12.51:982][358]LogUObjectHash: Compacting FUObjectHashTables data took   6.01ms
[2026.08.22-21.12.51:983][358]LogAudio: Display: Audio Device (ID: 1) registered with world 'Map_Master'.
[2026.08.22-21.12.51:986][358]LogPhysics: Warning: Scale for /Game/Maps/Map_Master.Map_Master:PersistentLevel.BP_Hall_Light_5.Light has a component set to zero, which will result in a bad body instance. Scale:X=1.000 Y=1.000 Z=0.000
[2026.08.22-21.12.51:986][358]LogPhysics: Warning: PopulatePhysXGeometryAndTransform(Convex): ConvexElem has invalid transform
[2026.08.22-21.12.51:986][358]LogPhysics: Warning: ForeachShape(Convex): ScaledElem[0] invalid
[2026.08.22-21.12.51:987][358]LogPhysics: Warning: Scale for /Game/Maps/Map_Master.Map_Master:PersistentLevel.BP_GlowLight2.Light has a component set to zero, which will result in a bad body instance. Scale:X=1.000 Y=1.000 Z=0.000
[2026.08.22-21.12.51:987][358]LogPhysics: Warning: PopulatePhysXGeometryAndTransform(Convex): ConvexElem has invalid transform
[2026.08.22-21.12.51:987][358]LogPhysics: Warning: ForeachShape(Convex): ScaledElem[0] invalid
[2026.08.22-21.12.51:987][358]LogPhysics: Warning: Scale for /Game/Maps/Map_Master.Map_Master:PersistentLevel.BP_GlowLight3.Light has a component set to zero, which will result in a bad body instance. Scale:X=1.000 Y=1.000 Z=0.000
[2026.08.22-21.12.51:987][358]LogPhysics: Warning: PopulatePhysXGeometryAndTransform(Convex): ConvexElem has invalid transform
[2026.08.22-21.12.51:987][358]LogPhysics: Warning: ForeachShape(Convex): ScaledElem[0] invalid
[2026.08.22-21.12.51:987][358]LogPhysics: Warning: Scale for /Game/Maps/Map_Master.Map_Master:PersistentLevel.BP_GlowLight4.Light has a component set to zero, which will result in a bad body instance. Scale:X=1.000 Y=1.000 Z=0.000
[2026.08.22-21.12.51:987][358]LogPhysics: Warning: PopulatePhysXGeometryAndTransform(Convex): ConvexElem has invalid transform
[2026.08.22-21.12.51:987][358]LogPhysics: Warning: ForeachShape(Convex): ScaledElem[0] invalid
[2026.08.22-21.12.51:988][358]LogPhysics: Warning: Scale for /Game/Maps/Map_Master.Map_Master:PersistentLevel.BP_GlowLight5.Light has a component set to zero, which will result in a bad body instance. Scale:X=1.000 Y=1.000 Z=0.000
[2026.08.22-21.12.51:988][358]LogPhysics: Warning: PopulatePhysXGeometryAndTransform(Convex): ConvexElem has invalid transform
[2026.08.22-21.12.51:988][358]LogPhysics: Warning: ForeachShape(Convex): ScaledElem[0] invalid
[2026.08.22-21.12.52:001][358]LogPhysics: Warning: Scale for /Game/Maps/Map_Master.Map_Master:PersistentLevel.BP_Hall_Light_5.Light has a component set to zero, which will result in a bad body instance. Scale:X=1.000 Y=1.000 Z=0.000
[2026.08.22-21.12.52:001][358]LogPhysics: Warning: PopulatePhysXGeometryAndTransform(Convex): ConvexElem has invalid transform
[2026.08.22-21.12.52:001][358]LogPhysics: Warning: ForeachShape(Convex): ScaledElem[0] invalid
[2026.08.22-21.12.52:002][358]LogPhysics: Warning: Scale for /Game/Maps/Map_Master.Map_Master:PersistentLevel.BP_Hall_Light_5.Light has a component set to zero, which will result in a bad body instance. Scale:X=1.000 Y=1.000 Z=0.000
[2026.08.22-21.12.52:002][358]LogPhysics: Warning: PopulatePhysXGeometryAndTransform(Convex): ConvexElem has invalid transform
[2026.08.22-21.12.52:002][358]LogPhysics: Warning: ForeachShape(Convex): ScaledElem[0] invalid
[2026.08.22-21.12.52:003][358]LogPhysics: Warning: Scale for /Game/Maps/Map_Master.Map_Master:PersistentLevel.BP_Hall_Light_5.Light has a component set to zero, which will result in a bad body instance. Scale:X=1.000 Y=1.000 Z=0.000
[2026.08.22-21.12.52:003][358]LogPhysics: Warning: PopulatePhysXGeometryAndTransform(Convex): ConvexElem has invalid transform
[2026.08.22-21.12.52:003][358]LogPhysics: Warning: ForeachShape(Convex): ScaledElem[0] invalid
[2026.08.22-21.12.52:003][358]LogPhysics: Warning: Scale for /Game/Maps/Map_Master.Map_Master:PersistentLevel.BP_GlowLight2.Light has a component set to zero, which will result in a bad body instance. Scale:X=1.000 Y=1.000 Z=0.000
[2026.08.22-21.12.52:004][358]LogPhysics: Warning: PopulatePhysXGeometryAndTransform(Convex): ConvexElem has invalid transform
[2026.08.22-21.12.52:004][358]LogPhysics: Warning: ForeachShape(Convex): ScaledElem[0] invalid
[2026.08.22-21.12.52:004][358]LogPhysics: Warning: Scale for /Game/Maps/Map_Master.Map_Master:PersistentLevel.BP_GlowLight2.Light has a component set to zero, which will result in a bad body instance. Scale:X=1.000 Y=1.000 Z=0.000
[2026.08.22-21.12.52:004][358]LogPhysics: Warning: PopulatePhysXGeometryAndTransform(Convex): ConvexElem has invalid transform
[2026.08.22-21.12.52:004][358]LogPhysics: Warning: ForeachShape(Convex): ScaledElem[0] invalid
[2026.08.22-21.12.52:005][358]LogPhysics: Warning: Scale for /Game/Maps/Map_Master.Map_Master:PersistentLevel.BP_GlowLight2.Light has a component set to zero, which will result in a bad body instance. Scale:X=1.000 Y=1.000 Z=0.000
[2026.08.22-21.12.52:005][358]LogPhysics: Warning: PopulatePhysXGeometryAndTransform(Convex): ConvexElem has invalid transform
[2026.08.22-21.12.52:005][358]LogPhysics: Warning: ForeachShape(Convex): ScaledElem[0] invalid
[2026.08.22-21.12.52:006][358]LogPhysics: Warning: Scale for /Game/Maps/Map_Master.Map_Master:PersistentLevel.BP_GlowLight3.Light has a component set to zero, which will result in a bad body instance. Scale:X=1.000 Y=1.000 Z=0.000
[2026.08.22-21.12.52:006][358]LogPhysics: Warning: PopulatePhysXGeometryAndTransform(Convex): ConvexElem has invalid transform
[2026.08.22-21.12.52:006][358]LogPhysics: Warning: ForeachShape(Convex): ScaledElem[0] invalid
[2026.08.22-21.12.52:007][358]LogPhysics: Warning: Scale for /Game/Maps/Map_Master.Map_Master:PersistentLevel.BP_GlowLight3.Light has a component set to zero, which will result in a bad body instance. Scale:X=1.000 Y=1.000 Z=0.000
[2026.08.22-21.12.52:007][358]LogPhysics: Warning: PopulatePhysXGeometryAndTransform(Convex): ConvexElem has invalid transform
[2026.08.22-21.12.52:007][358]LogPhysics: Warning: ForeachShape(Convex): ScaledElem[0] invalid
[2026.08.22-21.12.52:007][358]LogPhysics: Warning: Scale for /Game/Maps/Map_Master.Map_Master:PersistentLevel.BP_GlowLight3.Light has a component set to zero, which will result in a bad body instance. Scale:X=1.000 Y=1.000 Z=0.000
[2026.08.22-21.12.52:007][358]LogPhysics: Warning: PopulatePhysXGeometryAndTransform(Convex): ConvexElem has invalid transform
[2026.08.22-21.12.52:007][358]LogPhysics: Warning: ForeachShape(Convex): ScaledElem[0] invalid
[2026.08.22-21.12.52:008][358]LogPhysics: Warning: Scale for /Game/Maps/Map_Master.Map_Master:PersistentLevel.BP_GlowLight4.Light has a component set to zero, which will result in a bad body instance. Scale:X=1.000 Y=1.000 Z=0.000
[2026.08.22-21.12.52:008][358]LogPhysics: Warning: PopulatePhysXGeometryAndTransform(Convex): ConvexElem has invalid transform
[2026.08.22-21.12.52:008][358]LogPhysics: Warning: ForeachShape(Convex): ScaledElem[0] invalid
[2026.08.22-21.12.52:010][358]LogPhysics: Warning: Scale for /Game/Maps/Map_Master.Map_Master:PersistentLevel.BP_GlowLight4.Light has a component set to zero, which will result in a bad body instance. Scale:X=1.000 Y=1.000 Z=0.000
[2026.08.22-21.12.52:010][358]LogPhysics: Warning: PopulatePhysXGeometryAndTransform(Convex): ConvexElem has invalid transform
[2026.08.22-21.12.52:010][358]LogPhysics: Warning: ForeachShape(Convex): ScaledElem[0] invalid
[2026.08.22-21.12.52:011][358]LogPhysics: Warning: Scale for /Game/Maps/Map_Master.Map_Master:PersistentLevel.BP_GlowLight4.Light has a component set to zero, which will result in a bad body instance. Scale:X=1.000 Y=1.000 Z=0.000
[2026.08.22-21.12.52:011][358]LogPhysics: Warning: PopulatePhysXGeometryAndTransform(Convex): ConvexElem has invalid transform
[2026.08.22-21.12.52:011][358]LogPhysics: Warning: ForeachShape(Convex): ScaledElem[0] invalid
[2026.08.22-21.12.52:012][358]LogPhysics: Warning: Scale for /Game/Maps/Map_Master.Map_Master:PersistentLevel.BP_GlowLight5.Light has a component set to zero, which will result in a bad body instance. Scale:X=1.000 Y=1.000 Z=0.000
[2026.08.22-21.12.52:012][358]LogPhysics: Warning: PopulatePhysXGeometryAndTransform(Convex): ConvexElem has invalid transform
[2026.08.22-21.12.52:012][358]LogPhysics: Warning: ForeachShape(Convex): ScaledElem[0] invalid
[2026.08.22-21.12.52:013][358]LogPhysics: Warning: Scale for /Game/Maps/Map_Master.Map_Master:PersistentLevel.BP_GlowLight5.Light has a component set to zero, which will result in a bad body instance. Scale:X=1.000 Y=1.000 Z=0.000
[2026.08.22-21.12.52:013][358]LogPhysics: Warning: PopulatePhysXGeometryAndTransform(Convex): ConvexElem has invalid transform
[2026.08.22-21.12.52:013][358]LogPhysics: Warning: ForeachShape(Convex): ScaledElem[0] invalid
[2026.08.22-21.12.52:013][358]LogPhysics: Warning: Scale for /Game/Maps/Map_Master.Map_Master:PersistentLevel.BP_GlowLight5.Light has a component set to zero, which will result in a bad body instance. Scale:X=1.000 Y=1.000 Z=0.000
[2026.08.22-21.12.52:013][358]LogPhysics: Warning: PopulatePhysXGeometryAndTransform(Convex): ConvexElem has invalid transform
[2026.08.22-21.12.52:013][358]LogPhysics: Warning: ForeachShape(Convex): ScaledElem[0] invalid
[2026.08.22-21.12.52:077][358]LogStreaming: Display: ULevelStreaming::RequestLevel(/Game/Maps/Sattelite_01) is flushing async loading
[2026.08.22-21.12.52:077][358]LogStreaming: Display: FlushAsyncLoading: 1 QueuedPackages, 0 AsyncPackages
[2026.08.22-21.12.52:118][358]LogStreaming: Display: ULevelStreaming::RequestLevel(/Game/Maps/Game_Map) is flushing async loading
[2026.08.22-21.12.52:473][358]LogEditorServer: Finished looking for orphan Actors (0.000 secs)
[2026.08.22-21.12.52:473][358]LogAIModule: Creating AISystem for world Map_Master
[2026.08.22-21.12.52:590][358]LogUObjectHash: Compacting FUObjectHashTables data took   6.21ms
[2026.08.22-21.12.52:628][358]Cmd: MAP CHECKDEP NOCLEARLOG
[2026.08.22-21.12.52:629][358]MapCheck: Map check complete: 0 Error(s), 0 Warning(s), took 0.266ms to complete.
[2026.08.22-21.12.52:629][358]LogFileHelpers: Loading map 'Map_Master' took 0.733
[2026.08.22-21.12.59:489][583]LogSlate: Window 'Levels' being destroyed
[2026.08.22-21.13.01:193][640]LogUObjectHash: Compacting FUObjectHashTables data took   6.78ms
[2026.08.22-21.13.01:232][640]LogAssetEditorSubsystem: Opening Asset editor for World /Game/Maps/Sattelite_01.Sattelite_01
[2026.08.22-21.13.01:232][640]Cmd: MAP LOAD FILE="D:/Event_Horizon_SOL_V2/Content/Maps/Sattelite_01.umap" TEMPLATE=0 SHOWPROGRESS=1 FEATURELEVEL=3
[2026.08.22-21.13.01:232][640]LightingResults: New page: Lighting Build
[2026.08.22-21.13.01:232][640]LoadErrors: New page: Loading map: Sattelite_01.umap
[2026.08.22-21.13.01:241][640]LogWorld: UWorld::CleanupWorld for Map_Master, bSessionEnded=true, bCleanupResources=true
[2026.08.22-21.13.01:241][640]LogSlate: InvalidateAllWidgets triggered.  All widgets were invalidated
[2026.08.22-21.13.01:242][640]LogWorld: UWorld::CleanupWorld for Sattelite_01, bSessionEnded=true, bCleanupResources=true
[2026.08.22-21.13.01:242][640]LogSlate: InvalidateAllWidgets triggered.  All widgets were invalidated
[2026.08.22-21.13.01:242][640]LogWorld: UWorld::CleanupWorld for Game_Map, bSessionEnded=true, bCleanupResources=true
[2026.08.22-21.13.01:242][640]LogSlate: InvalidateAllWidgets triggered.  All widgets were invalidated
[2026.08.22-21.13.01:242][640]MapCheck: New page: Map Check
[2026.08.22-21.13.01:242][640]LightingResults: New page: Lighting Build
[2026.08.22-21.13.01:313][640]LogAudio: Display: Audio Device unregistered from world 'None'.
[2026.08.22-21.13.01:323][640]LogUObjectHash: Compacting FUObjectHashTables data took   6.40ms
[2026.08.22-21.13.01:324][640]LogAudio: Display: Audio Device (ID: 1) registered with world 'Sattelite_01'.
[2026.08.22-21.13.01:326][640]LogAIModule: Creating AISystem for world Sattelite_01
[2026.08.22-21.13.01:585][640]LogEditorServer: Finished looking for orphan Actors (0.000 secs)
[2026.08.22-21.13.01:678][640]LogUObjectHash: Compacting FUObjectHashTables data took   5.81ms
[2026.08.22-21.13.01:708][640]Cmd: MAP CHECKDEP NOCLEARLOG
[2026.08.22-21.13.01:709][640]MapCheck: Map check complete: 0 Error(s), 0 Warning(s), took 0.142ms to complete.
[2026.08.22-21.13.01:709][640]LogFileHelpers: Loading map 'Sattelite_01' took 0.477
[2026.08.22-21.13.01:855][640]LogUObjectHash: Compacting FUObjectHashTables data took   1.79ms
[2026.08.22-21.13.26:472][192]LogShaderCompilers: Display: Worker (1/3): shaders left to compile 64
[2026.08.22-21.13.26:472][192]LogShaderCompilers: Display: Started 10 'Local' shader compile jobs with 'Low' priority
[2026.08.22-21.13.26:886][199]LogShaderCompilers: Display: Worker (2/3): shaders left to compile 54
[2026.08.22-21.13.26:886][199]LogShaderCompilers: Display: Started 10 'Local' shader compile jobs with 'Low' priority
[2026.08.22-21.13.28:090][214]LogShaderCompilers: Display: Worker (3/3): shaders left to compile 44
[2026.08.22-21.13.28:090][214]LogShaderCompilers: Display: Started 10 'Local' shader compile jobs with 'Low' priority
[2026.08.22-21.13.53:671][921]LogSlate: Window 'BP_Control_Console_Game_Map' being destroyed
[2026.08.22-21.14.05:658][410]LogShaderCompilers: Display: Worker (1/3): shaders left to compile 34
[2026.08.22-21.14.05:658][410]LogShaderCompilers: Display: Started 10 'Local' shader compile jobs with 'Low' priority
[2026.08.22-21.14.08:555][480]LogShaderCompilers: Display: Worker (3/3): shaders left to compile 24
[2026.08.22-21.14.08:555][480]LogShaderCompilers: Display: Started 9 'Local' shader compile jobs with 'Low' priority
[2026.08.22-21.14.19:584][735]LogShaderCompilers: Display: Worker (2/3): shaders left to compile 15
[2026.08.22-21.14.19:587][735]LogShaderCompilers: Display: Started 6 'Local' shader compile jobs with 'Low' priority
[2026.08.22-21.14.43:169][605]LogShaderCompilers: Display: Worker (2/3): shaders left to compile 9
[2026.08.22-21.14.43:170][605]LogShaderCompilers: Display: Started 4 'Local' shader compile jobs with 'Low' priority
[2026.08.22-21.14.49:162][814]LogShaderCompilers: Display: Worker (3/3): shaders left to compile 5
[2026.08.22-21.14.49:162][814]LogShaderCompilers: Display: Started 2 'Local' shader compile jobs with 'Low' priority
[2026.08.22-21.14.50:257][871]LogShaderCompilers: Display: Worker (1/3): shaders left to compile 3
[2026.08.22-21.14.50:257][871]LogShaderCompilers: Display: Started 2 'Local' shader compile jobs with 'Low' priority
[2026.08.22-21.14.55:066][118]LogShaderCompilers: Display: Worker (3/3): shaders left to compile 1
[2026.08.22-21.14.55:067][118]LogShaderCompilers: Display: Started 1 'Local' shader compile jobs with 'Low' priority
[2026.08.22-21.15.25:918][881]BlueprintLog: New page: Compile BP_Control_Console_Game_Map
[2026.08.22-21.15.26:067][881]LogUObjectHash: Compacting FUObjectHashTables data took   5.18ms
[2026.08.22-21.15.26:334][881]LogSlate: Took 0.015457 seconds to synchronously load lazily loaded font '../../../Engine/Content/Slate/Fonts/DroidSansMono.ttf' (77K)
[2026.08.22-21.15.26:896][898]LogSavePackage: Moving 'D:/Event_Horizon_SOL_V2/Saved/BP_Control_Console_Game_Map2E2A7ACF4C85D9456D8649B54F4FD62C.tmp' to 'D:/Event_Horizon_SOL_V2/Content/BPs/Interactable/Control_Room/BP_Control_Console_Game_Map.uasset'
[2026.08.22-21.15.26:924][898]AssetCheck: New page: Asset Save: BP_Control_Console_Game_Map
[2026.08.22-21.15.26:924][898]LogContentValidation: Display: Validating Blueprint /Game/BPs/Interactable/Control_Room/BP_Control_Console_Game_Map.BP_Control_Console_Game_Map
[2026.08.22-21.15.29:341][989]Cmd: OBJ SAVEPACKAGE PACKAGE="/Game/Maps/Sattelite_01" FILE="D:/Event_Horizon_SOL_V2/Content/Maps/Sattelite_01.umap" SILENT=true AUTOSAVING=false KEEPDIRTY=false
[2026.08.22-21.15.29:407][989]LogUObjectHash: Compacting FUObjectHashTables data took   7.45ms
[2026.08.22-21.15.29:428][989]LogSavePackage: Moving 'D:/Event_Horizon_SOL_V2/Saved/Sattelite_01A9AE420149D0EC2613BD37A60651267C.tmp' to 'D:/Event_Horizon_SOL_V2/Content/Maps/Sattelite_01.umap'
[2026.08.22-21.15.29:458][989]Cmd: OBJ SAVEPACKAGE PACKAGE="/Game/Maps/Sattelite_01_BuiltData" FILE="D:/Event_Horizon_SOL_V2/Content/Maps/Sattelite_01_BuiltData.uasset" SILENT=true
[2026.08.22-21.15.29:505][989]LogSavePackage: Moving 'D:/Event_Horizon_SOL_V2/Saved/Sattelite_01_BuiltData23CF39A7411675F16FB99A9E958FB5CD.tmp' to 'D:/Event_Horizon_SOL_V2/Content/Maps/Sattelite_01_BuiltData.uasset'
[2026.08.22-21.15.29:533][989]AssetCheck: New page: Asset Save: multiple assets
[2026.08.22-21.15.29:533][989]LogContentValidation: Display: Validating World /Game/Maps/Sattelite_01.Sattelite_01
[2026.08.22-21.15.29:533][989]LogContentValidation: Display: Validating MapBuildDataRegistry /Game/Maps/Sattelite_01_BuiltData.Sattelite_01_BuiltData
[2026.08.22-21.15.31:534][ 44]LogEditorViewport: Clicking on Actor (LMB): BP_Sky_Sphere_C (SkySphereBlueprint2)
[2026.08.22-21.15.35:691][204]LogEditorViewport: Clicking on Actor (LMB): StaticMeshActor (Cube)
[2026.08.22-21.15.36:758][246]LogTemp: Wakatime Integration: Heartbeat accepted with code 202
[2026.08.22-21.15.37:971][295]LogEditorViewport: Clicking on Actor (LMB): FirstPersonCharacter_C (FirstPersonCharacter)
[2026.08.22-21.15.39:122][327]Cmd: DELETE
[2026.08.22-21.15.39:122][327]Cmd: ACTOR DELETE
[2026.08.22-21.15.39:208][327]LogEditorActor: Deleted Actor: FirstPersonCharacter_C
[2026.08.22-21.15.39:271][327]LogUObjectHash: Compacting FUObjectHashTables data took   3.71ms
[2026.08.22-21.15.39:274][327]LogEditorActor: Deleted 1 Actors (0.151 secs)
[2026.08.22-21.15.41:309][415]LogUObjectHash: Compacting FUObjectHashTables data took   0.82ms
[2026.08.22-21.15.41:340][415]Cmd: OBJ SAVEPACKAGE PACKAGE="/Game/Maps/Sattelite_01" FILE="D:/Event_Horizon_SOL_V2/Content/Maps/Sattelite_01.umap" SILENT=true AUTOSAVING=false KEEPDIRTY=false
[2026.08.22-21.15.41:381][415]LogUObjectHash: Compacting FUObjectHashTables data took   0.79ms
[2026.08.22-21.15.41:394][415]LogSavePackage: Moving 'D:/Event_Horizon_SOL_V2/Saved/Sattelite_01CB847A6A43CEB1B48759668A72DFCA70.tmp' to 'D:/Event_Horizon_SOL_V2/Content/Maps/Sattelite_01.umap'
[2026.08.22-21.15.41:420][415]LogFileHelpers: Saving map 'Sattelite_01' took 0.080
[2026.08.22-21.15.41:443][415]AssetCheck: New page: Asset Save: Sattelite_01
[2026.08.22-21.15.41:443][415]LogContentValidation: Display: Validating World /Game/Maps/Sattelite_01.Sattelite_01
[2026.08.22-21.15.44:596][559]LogUObjectHash: Compacting FUObjectHashTables data took   3.11ms
[2026.08.22-21.15.44:624][559]LogAssetEditorSubsystem: Opening Asset editor for World /Game/Maps/Map_Master.Map_Master
[2026.08.22-21.15.44:625][559]Cmd: MAP LOAD FILE="D:/Event_Horizon_SOL_V2/Content/Maps/Map_Master.umap" TEMPLATE=0 SHOWPROGRESS=1 FEATURELEVEL=3
[2026.08.22-21.15.44:625][559]LightingResults: New page: Lighting Build
[2026.08.22-21.15.44:625][559]LoadErrors: New page: Loading map: Map_Master.umap
[2026.08.22-21.15.44:626][559]LogWorld: UWorld::CleanupWorld for Sattelite_01, bSessionEnded=true, bCleanupResources=true
[2026.08.22-21.15.44:627][559]LogSlate: InvalidateAllWidgets triggered.  All widgets were invalidated
[2026.08.22-21.15.44:627][559]MapCheck: New page: Map Check
[2026.08.22-21.15.44:627][559]LightingResults: New page: Lighting Build
[2026.08.22-21.15.44:674][559]LogAudio: Display: Audio Device unregistered from world 'None'.
[2026.08.22-21.15.44:682][559]LogUObjectHash: Compacting FUObjectHashTables data took   4.77ms
[2026.08.22-21.15.44:682][559]LogAudio: Display: Audio Device (ID: 1) registered with world 'Map_Master'.
[2026.08.22-21.15.44:684][559]LogPhysics: Warning: Scale for /Game/Maps/Map_Master.Map_Master:PersistentLevel.BP_Hall_Light_5.Light has a component set to zero, which will result in a bad body instance. Scale:X=1.000 Y=1.000 Z=0.000
[2026.08.22-21.15.44:684][559]LogPhysics: Warning: PopulatePhysXGeometryAndTransform(Convex): ConvexElem has invalid transform
[2026.08.22-21.15.44:684][559]LogPhysics: Warning: ForeachShape(Convex): ScaledElem[0] invalid
[2026.08.22-21.15.44:685][559]LogPhysics: Warning: Scale for /Game/Maps/Map_Master.Map_Master:PersistentLevel.BP_GlowLight2.Light has a component set to zero, which will result in a bad body instance. Scale:X=1.000 Y=1.000 Z=0.000
[2026.08.22-21.15.44:685][559]LogPhysics: Warning: PopulatePhysXGeometryAndTransform(Convex): ConvexElem has invalid transform
[2026.08.22-21.15.44:685][559]LogPhysics: Warning: ForeachShape(Convex): ScaledElem[0] invalid
[2026.08.22-21.15.44:685][559]LogPhysics: Warning: Scale for /Game/Maps/Map_Master.Map_Master:PersistentLevel.BP_GlowLight3.Light has a component set to zero, which will result in a bad body instance. Scale:X=1.000 Y=1.000 Z=0.000
[2026.08.22-21.15.44:685][559]LogPhysics: Warning: PopulatePhysXGeometryAndTransform(Convex): ConvexElem has invalid transform
[2026.08.22-21.15.44:685][559]LogPhysics: Warning: ForeachShape(Convex): ScaledElem[0] invalid
[2026.08.22-21.15.44:686][559]LogPhysics: Warning: Scale for /Game/Maps/Map_Master.Map_Master:PersistentLevel.BP_GlowLight4.Light has a component set to zero, which will result in a bad body instance. Scale:X=1.000 Y=1.000 Z=0.000
[2026.08.22-21.15.44:686][559]LogPhysics: Warning: PopulatePhysXGeometryAndTransform(Convex): ConvexElem has invalid transform
[2026.08.22-21.15.44:686][559]LogPhysics: Warning: ForeachShape(Convex): ScaledElem[0] invalid
[2026.08.22-21.15.44:686][559]LogPhysics: Warning: Scale for /Game/Maps/Map_Master.Map_Master:PersistentLevel.BP_GlowLight5.Light has a component set to zero, which will result in a bad body instance. Scale:X=1.000 Y=1.000 Z=0.000
[2026.08.22-21.15.44:686][559]LogPhysics: Warning: PopulatePhysXGeometryAndTransform(Convex): ConvexElem has invalid transform
[2026.08.22-21.15.44:686][559]LogPhysics: Warning: ForeachShape(Convex): ScaledElem[0] invalid
[2026.08.22-21.15.44:698][559]LogPhysics: Warning: Scale for /Game/Maps/Map_Master.Map_Master:PersistentLevel.BP_Hall_Light_5.Light has a component set to zero, which will result in a bad body instance. Scale:X=1.000 Y=1.000 Z=0.000
[2026.08.22-21.15.44:698][559]LogPhysics: Warning: PopulatePhysXGeometryAndTransform(Convex): ConvexElem has invalid transform
[2026.08.22-21.15.44:698][559]LogPhysics: Warning: ForeachShape(Convex): ScaledElem[0] invalid
[2026.08.22-21.15.44:698][559]LogPhysics: Warning: Scale for /Game/Maps/Map_Master.Map_Master:PersistentLevel.BP_Hall_Light_5.Light has a component set to zero, which will result in a bad body instance. Scale:X=1.000 Y=1.000 Z=0.000
[2026.08.22-21.15.44:698][559]LogPhysics: Warning: PopulatePhysXGeometryAndTransform(Convex): ConvexElem has invalid transform
[2026.08.22-21.15.44:698][559]LogPhysics: Warning: ForeachShape(Convex): ScaledElem[0] invalid
[2026.08.22-21.15.44:699][559]LogPhysics: Warning: Scale for /Game/Maps/Map_Master.Map_Master:PersistentLevel.BP_Hall_Light_5.Light has a component set to zero, which will result in a bad body instance. Scale:X=1.000 Y=1.000 Z=0.000
[2026.08.22-21.15.44:699][559]LogPhysics: Warning: PopulatePhysXGeometryAndTransform(Convex): ConvexElem has invalid transform
[2026.08.22-21.15.44:699][559]LogPhysics: Warning: ForeachShape(Convex): ScaledElem[0] invalid
[2026.08.22-21.15.44:699][559]LogPhysics: Warning: Scale for /Game/Maps/Map_Master.Map_Master:PersistentLevel.BP_GlowLight2.Light has a component set to zero, which will result in a bad body instance. Scale:X=1.000 Y=1.000 Z=0.000
[2026.08.22-21.15.44:699][559]LogPhysics: Warning: PopulatePhysXGeometryAndTransform(Convex): ConvexElem has invalid transform
[2026.08.22-21.15.44:699][559]LogPhysics: Warning: ForeachShape(Convex): ScaledElem[0] invalid
[2026.08.22-21.15.44:700][559]LogPhysics: Warning: Scale for /Game/Maps/Map_Master.Map_Master:PersistentLevel.BP_GlowLight2.Light has a component set to zero, which will result in a bad body instance. Scale:X=1.000 Y=1.000 Z=0.000
[2026.08.22-21.15.44:700][559]LogPhysics: Warning: PopulatePhysXGeometryAndTransform(Convex): ConvexElem has invalid transform
[2026.08.22-21.15.44:700][559]LogPhysics: Warning: ForeachShape(Convex): ScaledElem[0] invalid
[2026.08.22-21.15.44:700][559]LogPhysics: Warning: Scale for /Game/Maps/Map_Master.Map_Master:PersistentLevel.BP_GlowLight2.Light has a component set to zero, which will result in a bad body instance. Scale:X=1.000 Y=1.000 Z=0.000
[2026.08.22-21.15.44:700][559]LogPhysics: Warning: PopulatePhysXGeometryAndTransform(Convex): ConvexElem has invalid transform
[2026.08.22-21.15.44:700][559]LogPhysics: Warning: ForeachShape(Convex): ScaledElem[0] invalid
[2026.08.22-21.15.44:701][559]LogPhysics: Warning: Scale for /Game/Maps/Map_Master.Map_Master:PersistentLevel.BP_GlowLight3.Light has a component set to zero, which will result in a bad body instance. Scale:X=1.000 Y=1.000 Z=0.000
[2026.08.22-21.15.44:701][559]LogPhysics: Warning: PopulatePhysXGeometryAndTransform(Convex): ConvexElem has invalid transform
[2026.08.22-21.15.44:701][559]LogPhysics: Warning: ForeachShape(Convex): ScaledElem[0] invalid
[2026.08.22-21.15.44:702][559]LogPhysics: Warning: Scale for /Game/Maps/Map_Master.Map_Master:PersistentLevel.BP_GlowLight3.Light has a component set to zero, which will result in a bad body instance. Scale:X=1.000 Y=1.000 Z=0.000
[2026.08.22-21.15.44:702][559]LogPhysics: Warning: PopulatePhysXGeometryAndTransform(Convex): ConvexElem has invalid transform
[2026.08.22-21.15.44:702][559]LogPhysics: Warning: ForeachShape(Convex): ScaledElem[0] invalid
[2026.08.22-21.15.44:702][559]LogPhysics: Warning: Scale for /Game/Maps/Map_Master.Map_Master:PersistentLevel.BP_GlowLight3.Light has a component set to zero, which will result in a bad body instance. Scale:X=1.000 Y=1.000 Z=0.000
[2026.08.22-21.15.44:703][559]LogPhysics: Warning: PopulatePhysXGeometryAndTransform(Convex): ConvexElem has invalid transform
[2026.08.22-21.15.44:703][559]LogPhysics: Warning: ForeachShape(Convex): ScaledElem[0] invalid
[2026.08.22-21.15.44:703][559]LogPhysics: Warning: Scale for /Game/Maps/Map_Master.Map_Master:PersistentLevel.BP_GlowLight4.Light has a component set to zero, which will result in a bad body instance. Scale:X=1.000 Y=1.000 Z=0.000
[2026.08.22-21.15.44:703][559]LogPhysics: Warning: PopulatePhysXGeometryAndTransform(Convex): ConvexElem has invalid transform
[2026.08.22-21.15.44:703][559]LogPhysics: Warning: ForeachShape(Convex): ScaledElem[0] invalid
[2026.08.22-21.15.44:704][559]LogPhysics: Warning: Scale for /Game/Maps/Map_Master.Map_Master:PersistentLevel.BP_GlowLight4.Light has a component set to zero, which will result in a bad body instance. Scale:X=1.000 Y=1.000 Z=0.000
[2026.08.22-21.15.44:704][559]LogPhysics: Warning: PopulatePhysXGeometryAndTransform(Convex): ConvexElem has invalid transform
[2026.08.22-21.15.44:704][559]LogPhysics: Warning: ForeachShape(Convex): ScaledElem[0] invalid
[2026.08.22-21.15.44:704][559]LogPhysics: Warning: Scale for /Game/Maps/Map_Master.Map_Master:PersistentLevel.BP_GlowLight4.Light has a component set to zero, which will result in a bad body instance. Scale:X=1.000 Y=1.000 Z=0.000
[2026.08.22-21.15.44:704][559]LogPhysics: Warning: PopulatePhysXGeometryAndTransform(Convex): ConvexElem has invalid transform
[2026.08.22-21.15.44:704][559]LogPhysics: Warning: ForeachShape(Convex): ScaledElem[0] invalid
[2026.08.22-21.15.44:705][559]LogPhysics: Warning: Scale for /Game/Maps/Map_Master.Map_Master:PersistentLevel.BP_GlowLight5.Light has a component set to zero, which will result in a bad body instance. Scale:X=1.000 Y=1.000 Z=0.000
[2026.08.22-21.15.44:705][559]LogPhysics: Warning: PopulatePhysXGeometryAndTransform(Convex): ConvexElem has invalid transform
[2026.08.22-21.15.44:706][559]LogPhysics: Warning: ForeachShape(Convex): ScaledElem[0] invalid
[2026.08.22-21.15.44:706][559]LogPhysics: Warning: Scale for /Game/Maps/Map_Master.Map_Master:PersistentLevel.BP_GlowLight5.Light has a component set to zero, which will result in a bad body instance. Scale:X=1.000 Y=1.000 Z=0.000
[2026.08.22-21.15.44:706][559]LogPhysics: Warning: PopulatePhysXGeometryAndTransform(Convex): ConvexElem has invalid transform
[2026.08.22-21.15.44:706][559]LogPhysics: Warning: ForeachShape(Convex): ScaledElem[0] invalid
[2026.08.22-21.15.44:707][559]LogPhysics: Warning: Scale for /Game/Maps/Map_Master.Map_Master:PersistentLevel.BP_GlowLight5.Light has a component set to zero, which will result in a bad body instance. Scale:X=1.000 Y=1.000 Z=0.000
[2026.08.22-21.15.44:707][559]LogPhysics: Warning: PopulatePhysXGeometryAndTransform(Convex): ConvexElem has invalid transform
[2026.08.22-21.15.44:707][559]LogPhysics: Warning: ForeachShape(Convex): ScaledElem[0] invalid
[2026.08.22-21.15.44:748][559]LogStreaming: Display: ULevelStreaming::RequestLevel(/Game/Maps/Sattelite_01) is flushing async loading
[2026.08.22-21.15.44:748][559]LogStreaming: Display: FlushAsyncLoading: 1 QueuedPackages, 0 AsyncPackages
[2026.08.22-21.15.44:781][559]LogStreaming: Display: ULevelStreaming::RequestLevel(/Game/Maps/Game_Map) is flushing async loading
[2026.08.22-21.15.45:028][559]LogEditorServer: Finished looking for orphan Actors (0.000 secs)
[2026.08.22-21.15.45:028][559]LogAIModule: Creating AISystem for world Map_Master
[2026.08.22-21.15.45:101][559]LogUObjectHash: Compacting FUObjectHashTables data took   4.30ms
[2026.08.22-21.15.45:121][559]Cmd: MAP CHECKDEP NOCLEARLOG
[2026.08.22-21.15.45:121][559]MapCheck: Map check complete: 0 Error(s), 0 Warning(s), took 0.198ms to complete.
[2026.08.22-21.15.45:122][559]LogFileHelpers: Loading map 'Map_Master' took 0.497
[2026.08.22-21.15.47:029][598]LogTemp: Repeating last play command: Selected Viewport
[2026.08.22-21.15.47:055][598]LogPlayLevel: PlayLevel: No blueprints needed recompiling
[2026.08.22-21.15.47:055][598]PIE: New page: PIE session: Map_Master (Aug 23, 2026, 8:15:47 AM)
[2026.08.22-21.15.47:056][598]LogPlayLevel: Creating play world package: /Game/Maps/UEDPIE_0_Map_Master
[2026.08.22-21.15.47:074][598]LogPlayLevel: PIE: StaticDuplicateObject took: (0.017965s)
[2026.08.22-21.15.47:075][598]LogAIModule: Creating AISystem for world Map_Master
[2026.08.22-21.15.47:076][598]LogPlayLevel: PIE: World Init took: (0.002039s)
[2026.08.22-21.15.47:076][598]LogPlayLevel: PIE: Created PIE world by copying editor world from /Game/Maps/Map_Master.Map_Master to /Game/Maps/UEDPIE_0_Map_Master.Map_Master (0.020284s)
[2026.08.22-21.15.47:128][598]LogUObjectHash: Compacting FUObjectHashTables data took   4.58ms
[2026.08.22-21.15.47:129][598]LogAudio: Display: Creating Audio Device:                 Id: 5, Scope: Unique, Realtime: True
[2026.08.22-21.15.47:129][598]LogAudioMixer: Display: Audio Mixer Platform Settings:
[2026.08.22-21.15.47:129][598]LogAudioMixer: Display: 	Sample Rate:						  48000
[2026.08.22-21.15.47:129][598]LogAudioMixer: Display: 	Callback Buffer Frame Size Requested: 1024
[2026.08.22-21.15.47:129][598]LogAudioMixer: Display: 	Callback Buffer Frame Size To Use:	  1024
[2026.08.22-21.15.47:129][598]LogAudioMixer: Display: 	Number of buffers to queue:			  2
[2026.08.22-21.15.47:129][598]LogAudioMixer: Display: 	Max Channels (voices):				  32
[2026.08.22-21.15.47:129][598]LogAudioMixer: Display: 	Number of Async Source Workers:		  0
[2026.08.22-21.15.47:129][598]LogAudio: Display: AudioDevice MaxSources: 32
[2026.08.22-21.15.47:130][598]LogAudio: Display: Audio Spatialization Plugin: None (built-in).
[2026.08.22-21.15.47:130][598]LogAudio: Display: Audio Reverb Plugin: None (built-in).
[2026.08.22-21.15.47:130][598]LogAudio: Display: Audio Occlusion Plugin: None (built-in).
[2026.08.22-21.15.47:130][598]LogAudioMixer: Display: Initializing audio mixer.
[2026.08.22-21.15.47:137][598]LogAudioMixer: Display: 0: FrontLeft
[2026.08.22-21.15.47:138][598]LogAudioMixer: Display: 1: FrontRight
[2026.08.22-21.15.47:167][598]LogAudioMixer: Display: Using Audio Device Speakers / Headphones (Realtek Audio)
[2026.08.22-21.15.47:168][598]LogAudioMixer: Display: Initializing Sound Submixes...
[2026.08.22-21.15.47:168][598]LogAudioMixer: Display: Creating Master Submix 'MasterSubmixDefault'
[2026.08.22-21.15.47:168][598]LogAudioMixer: Display: Creating Master Submix 'MasterReverbSubmixDefault'
[2026.08.22-21.15.47:169][598]LogAudioMixer: Display: Creating Master Submix 'MasterEQSubmixDefault'
[2026.08.22-21.15.47:169][598]LogAudioMixer: FMixerPlatformXAudio2::StartAudioStream() called
[2026.08.22-21.15.47:169][598]LogAudioMixer: Display: Output buffers initialized: Frames=1024, Channels=2, Samples=2048
[2026.08.22-21.15.47:172][598]LogAudioMixer: Display: Starting AudioMixerPlatformInterface::RunInternal()
[2026.08.22-21.15.47:172][598]LogAudioMixer: Display: FMixerPlatformXAudio2::SubmitBuffer() called for the first time
[2026.08.22-21.15.47:172][598]LogInit: FAudioDevice initialized.
[2026.08.22-21.15.47:172][598]LogAudio: Display: Audio Device (ID: 5) registered with world 'Map_Master'.
[2026.08.22-21.15.47:186][598]LogLoad: Game class is 'FirstPersonGameMode_C'
[2026.08.22-21.15.47:198][598]LogPhysics: Warning: Scale for /Game/Maps/UEDPIE_0_Map_Master.Map_Master:PersistentLevel.BP_Hall_Light_5.Light has a component set to zero, which will result in a bad body instance. Scale:X=1.000 Y=1.000 Z=0.000
[2026.08.22-21.15.47:198][598]LogPhysics: Warning: PopulatePhysXGeometryAndTransform(Convex): ConvexElem has invalid transform
[2026.08.22-21.15.47:198][598]LogPhysics: Warning: ForeachShape(Convex): ScaledElem[0] invalid
[2026.08.22-21.15.47:198][598]LogPhysics: Warning: Scale for /Game/Maps/UEDPIE_0_Map_Master.Map_Master:PersistentLevel.BP_GlowLight2.Light has a component set to zero, which will result in a bad body instance. Scale:X=1.000 Y=1.000 Z=0.000
[2026.08.22-21.15.47:198][598]LogPhysics: Warning: PopulatePhysXGeometryAndTransform(Convex): ConvexElem has invalid transform
[2026.08.22-21.15.47:198][598]LogPhysics: Warning: ForeachShape(Convex): ScaledElem[0] invalid
[2026.08.22-21.15.47:198][598]LogPhysics: Warning: Scale for /Game/Maps/UEDPIE_0_Map_Master.Map_Master:PersistentLevel.BP_GlowLight3.Light has a component set to zero, which will result in a bad body instance. Scale:X=1.000 Y=1.000 Z=0.000
[2026.08.22-21.15.47:198][598]LogPhysics: Warning: PopulatePhysXGeometryAndTransform(Convex): ConvexElem has invalid transform
[2026.08.22-21.15.47:198][598]LogPhysics: Warning: ForeachShape(Convex): ScaledElem[0] invalid
[2026.08.22-21.15.47:199][598]LogPhysics: Warning: Scale for /Game/Maps/UEDPIE_0_Map_Master.Map_Master:PersistentLevel.BP_GlowLight4.Light has a component set to zero, which will result in a bad body instance. Scale:X=1.000 Y=1.000 Z=0.000
[2026.08.22-21.15.47:199][598]LogPhysics: Warning: PopulatePhysXGeometryAndTransform(Convex): ConvexElem has invalid transform
[2026.08.22-21.15.47:199][598]LogPhysics: Warning: ForeachShape(Convex): ScaledElem[0] invalid
[2026.08.22-21.15.47:199][598]LogPhysics: Warning: Scale for /Game/Maps/UEDPIE_0_Map_Master.Map_Master:PersistentLevel.BP_GlowLight5.Light has a component set to zero, which will result in a bad body instance. Scale:X=1.000 Y=1.000 Z=0.000
[2026.08.22-21.15.47:199][598]LogPhysics: Warning: PopulatePhysXGeometryAndTransform(Convex): ConvexElem has invalid transform
[2026.08.22-21.15.47:199][598]LogPhysics: Warning: ForeachShape(Convex): ScaledElem[0] invalid
[2026.08.22-21.15.47:205][598]LogWorld: Bringing World /Game/Maps/UEDPIE_0_Map_Master.Map_Master up for play (max tick rate 60) at 2026.08.23-02.45.47
[2026.08.22-21.15.47:206][598]LogWorld: Bringing up level for play took: 0.008957
[2026.08.22-21.15.47:210][598]LogOnline: OSS: Creating online subsystem instance for: :Context_12
[2026.08.22-21.15.47:216][598]PIE: Server logged in
[2026.08.22-21.15.47:218][598]PIE: Play in editor total start time 0.17 seconds.
[2026.08.22-21.16.06:732][438]LogTemp: Wakatime Integration: Heartbeat accepted with code 202
[2026.08.22-21.16.30:987][518]LogLevel: ActivateLevel /Game/Maps/UEDPIE_0_Sattelite_01 1 1 1
[2026.08.22-21.16.31:025][519]LogLevel: Warning: Failed to find streaming level object associated with 'Map_Master'
[2026.08.22-21.16.40:193][997]LogSlate: Updating window title bar state: overlay mode, drag disabled, window buttons hidden, title bar hidden
[2026.08.22-21.16.40:193][997]LogWorld: BeginTearingDown for /Game/Maps/UEDPIE_0_Map_Master
[2026.08.22-21.16.40:194][997]LogWorld: UWorld::CleanupWorld for Map_Master, bSessionEnded=true, bCleanupResources=true
[2026.08.22-21.16.40:196][997]LogSlate: InvalidateAllWidgets triggered.  All widgets were invalidated
[2026.08.22-21.16.40:211][997]LogPlayLevel: Display: Shutting down PIE online subsystems
[2026.08.22-21.16.40:221][997]LogSlate: InvalidateAllWidgets triggered.  All widgets were invalidated
[2026.08.22-21.16.40:267][997]LogSlate: Updating window title bar state: overlay mode, drag disabled, window buttons hidden, title bar hidden
[2026.08.22-21.16.40:269][997]LogAudioMixer: FMixerPlatformXAudio2::StopAudioStream() called
[2026.08.22-21.16.40:271][997]LogAudioMixer: FMixerPlatformXAudio2::StopAudioStream() called
[2026.08.22-21.16.40:284][997]LogUObjectHash: Compacting FUObjectHashTables data took   4.91ms
[2026.08.22-21.16.40:324][998]LogPlayLevel: Display: Destroying online subsystem :Context_12
[2026.08.22-21.16.40:371][998]LogUObjectHash: Compacting FUObjectHashTables data took   3.56ms
[2026.08.22-21.18.02:569][187]LogTemp: Repeating last play command: Selected Viewport
[2026.08.22-21.18.02:595][187]LogPlayLevel: PlayLevel: No blueprints needed recompiling
[2026.08.22-21.18.02:595][187]PIE: New page: PIE session: Map_Master (Aug 23, 2026, 8:18:02 AM)
[2026.08.22-21.18.02:596][187]LogPlayLevel: Creating play world package: /Game/Maps/UEDPIE_0_Map_Master
[2026.08.22-21.18.02:633][187]LogPlayLevel: PIE: StaticDuplicateObject took: (0.036542s)
[2026.08.22-21.18.02:635][187]LogAIModule: Creating AISystem for world Map_Master
[2026.08.22-21.18.02:636][187]LogPlayLevel: PIE: World Init took: (0.002466s)
[2026.08.22-21.18.02:636][187]LogPlayLevel: PIE: Created PIE world by copying editor world from /Game/Maps/Map_Master.Map_Master to /Game/Maps/UEDPIE_0_Map_Master.Map_Master (0.039362s)
[2026.08.22-21.18.02:688][187]LogUObjectHash: Compacting FUObjectHashTables data took   4.58ms
[2026.08.22-21.18.02:690][187]LogAudio: Display: Creating Audio Device:                 Id: 6, Scope: Unique, Realtime: True
[2026.08.22-21.18.02:690][187]LogAudioMixer: Display: Audio Mixer Platform Settings:
[2026.08.22-21.18.02:691][187]LogAudioMixer: Display: 	Sample Rate:						  48000
[2026.08.22-21.18.02:691][187]LogAudioMixer: Display: 	Callback Buffer Frame Size Requested: 1024
[2026.08.22-21.18.02:691][187]LogAudioMixer: Display: 	Callback Buffer Frame Size To Use:	  1024
[2026.08.22-21.18.02:691][187]LogAudioMixer: Display: 	Number of buffers to queue:			  2
[2026.08.22-21.18.02:691][187]LogAudioMixer: Display: 	Max Channels (voices):				  32
[2026.08.22-21.18.02:691][187]LogAudioMixer: Display: 	Number of Async Source Workers:		  0
[2026.08.22-21.18.02:691][187]LogAudio: Display: AudioDevice MaxSources: 32
[2026.08.22-21.18.02:691][187]LogAudio: Display: Audio Spatialization Plugin: None (built-in).
[2026.08.22-21.18.02:691][187]LogAudio: Display: Audio Reverb Plugin: None (built-in).
[2026.08.22-21.18.02:691][187]LogAudio: Display: Audio Occlusion Plugin: None (built-in).
[2026.08.22-21.18.02:691][187]LogAudioMixer: Display: Initializing audio mixer.
[2026.08.22-21.18.02:696][187]LogAudioMixer: Display: 0: FrontLeft
[2026.08.22-21.18.02:696][187]LogAudioMixer: Display: 1: FrontRight
[2026.08.22-21.18.02:725][187]LogAudioMixer: Display: Using Audio Device Speakers / Headphones (Realtek Audio)
[2026.08.22-21.18.02:725][187]LogAudioMixer: Display: Initializing Sound Submixes...
[2026.08.22-21.18.02:725][187]LogAudioMixer: Display: Creating Master Submix 'MasterSubmixDefault'
[2026.08.22-21.18.02:726][187]LogAudioMixer: Display: Creating Master Submix 'MasterReverbSubmixDefault'
[2026.08.22-21.18.02:726][187]LogAudioMixer: Display: Creating Master Submix 'MasterEQSubmixDefault'
[2026.08.22-21.18.02:726][187]LogAudioMixer: FMixerPlatformXAudio2::StartAudioStream() called
[2026.08.22-21.18.02:726][187]LogAudioMixer: Display: Output buffers initialized: Frames=1024, Channels=2, Samples=2048
[2026.08.22-21.18.02:728][187]LogAudioMixer: Display: Starting AudioMixerPlatformInterface::RunInternal()
[2026.08.22-21.18.02:728][187]LogAudioMixer: Display: FMixerPlatformXAudio2::SubmitBuffer() called for the first time
[2026.08.22-21.18.02:728][187]LogInit: FAudioDevice initialized.
[2026.08.22-21.18.02:728][187]LogAudio: Display: Audio Device (ID: 6) registered with world 'Map_Master'.
[2026.08.22-21.18.02:739][187]LogLoad: Game class is 'FirstPersonGameMode_C'
[2026.08.22-21.18.02:752][187]LogPhysics: Warning: Scale for /Game/Maps/UEDPIE_0_Map_Master.Map_Master:PersistentLevel.BP_Hall_Light_5.Light has a component set to zero, which will result in a bad body instance. Scale:X=1.000 Y=1.000 Z=0.000
[2026.08.22-21.18.02:752][187]LogPhysics: Warning: PopulatePhysXGeometryAndTransform(Convex): ConvexElem has invalid transform
[2026.08.22-21.18.02:752][187]LogPhysics: Warning: ForeachShape(Convex): ScaledElem[0] invalid
[2026.08.22-21.18.02:752][187]LogPhysics: Warning: Scale for /Game/Maps/UEDPIE_0_Map_Master.Map_Master:PersistentLevel.BP_GlowLight2.Light has a component set to zero, which will result in a bad body instance. Scale:X=1.000 Y=1.000 Z=0.000
[2026.08.22-21.18.02:752][187]LogPhysics: Warning: PopulatePhysXGeometryAndTransform(Convex): ConvexElem has invalid transform
[2026.08.22-21.18.02:752][187]LogPhysics: Warning: ForeachShape(Convex): ScaledElem[0] invalid
[2026.08.22-21.18.02:752][187]LogPhysics: Warning: Scale for /Game/Maps/UEDPIE_0_Map_Master.Map_Master:PersistentLevel.BP_GlowLight3.Light has a component set to zero, which will result in a bad body instance. Scale:X=1.000 Y=1.000 Z=0.000
[2026.08.22-21.18.02:752][187]LogPhysics: Warning: PopulatePhysXGeometryAndTransform(Convex): ConvexElem has invalid transform
[2026.08.22-21.18.02:752][187]LogPhysics: Warning: ForeachShape(Convex): ScaledElem[0] invalid
[2026.08.22-21.18.02:753][187]LogPhysics: Warning: Scale for /Game/Maps/UEDPIE_0_Map_Master.Map_Master:PersistentLevel.BP_GlowLight4.Light has a component set to zero, which will result in a bad body instance. Scale:X=1.000 Y=1.000 Z=0.000
[2026.08.22-21.18.02:753][187]LogPhysics: Warning: PopulatePhysXGeometryAndTransform(Convex): ConvexElem has invalid transform
[2026.08.22-21.18.02:753][187]LogPhysics: Warning: ForeachShape(Convex): ScaledElem[0] invalid
[2026.08.22-21.18.02:753][187]LogPhysics: Warning: Scale for /Game/Maps/UEDPIE_0_Map_Master.Map_Master:PersistentLevel.BP_GlowLight5.Light has a component set to zero, which will result in a bad body instance. Scale:X=1.000 Y=1.000 Z=0.000
[2026.08.22-21.18.02:753][187]LogPhysics: Warning: PopulatePhysXGeometryAndTransform(Convex): ConvexElem has invalid transform
[2026.08.22-21.18.02:753][187]LogPhysics: Warning: ForeachShape(Convex): ScaledElem[0] invalid
[2026.08.22-21.18.02:760][187]LogWorld: Bringing World /Game/Maps/UEDPIE_0_Map_Master.Map_Master up for play (max tick rate 60) at 2026.08.23-02.48.02
[2026.08.22-21.18.02:761][187]LogWorld: Bringing up level for play took: 0.010433
[2026.08.22-21.18.02:766][187]LogOnline: OSS: Creating online subsystem instance for: :Context_13
[2026.08.22-21.18.02:773][187]PIE: Server logged in
[2026.08.22-21.18.02:775][187]PIE: Play in editor total start time 0.186 seconds.
[2026.08.22-21.18.45:529][ 85]LogLevel: ActivateLevel /Game/Maps/UEDPIE_0_Sattelite_01 1 1 1
[2026.08.22-21.18.45:567][ 86]LogLevel: Warning: Failed to find streaming level object associated with 'Map_Master'
[2026.08.22-21.18.47:257][181]LogSlate: Updating window title bar state: overlay mode, drag disabled, window buttons hidden, title bar hidden
[2026.08.22-21.18.47:257][181]LogWorld: BeginTearingDown for /Game/Maps/UEDPIE_0_Map_Master
[2026.08.22-21.18.47:258][181]LogWorld: UWorld::CleanupWorld for Map_Master, bSessionEnded=true, bCleanupResources=true
[2026.08.22-21.18.47:259][181]LogSlate: InvalidateAllWidgets triggered.  All widgets were invalidated
[2026.08.22-21.18.47:271][181]LogPlayLevel: Display: Shutting down PIE online subsystems
[2026.08.22-21.18.47:278][181]LogSlate: InvalidateAllWidgets triggered.  All widgets were invalidated
[2026.08.22-21.18.47:322][181]LogSlate: Updating window title bar state: overlay mode, drag disabled, window buttons hidden, title bar hidden
[2026.08.22-21.18.47:323][181]LogAudioMixer: FMixerPlatformXAudio2::StopAudioStream() called
[2026.08.22-21.18.47:325][181]LogAudioMixer: FMixerPlatformXAudio2::StopAudioStream() called
[2026.08.22-21.18.47:335][181]LogUObjectHash: Compacting FUObjectHashTables data took   3.31ms
[2026.08.22-21.18.47:357][182]LogPlayLevel: Display: Destroying online subsystem :Context_13
[2026.08.22-21.18.47:408][182]LogUObjectHash: Compacting FUObjectHashTables data took   3.62ms
[2026.08.22-21.18.56:388][500]LogUObjectHash: Compacting FUObjectHashTables data took   1.80ms
[2026.08.22-21.18.56:434][500]LogAssetEditorSubsystem: Opening Asset editor for World /Game/Maps/Sattelite_01.Sattelite_01
[2026.08.22-21.18.56:435][500]Cmd: MAP LOAD FILE="D:/Event_Horizon_SOL_V2/Content/Maps/Sattelite_01.umap" TEMPLATE=0 SHOWPROGRESS=1 FEATURELEVEL=3
[2026.08.22-21.18.56:435][500]LightingResults: New page: Lighting Build
[2026.08.22-21.18.56:435][500]LoadErrors: New page: Loading map: Sattelite_01.umap
[2026.08.22-21.18.56:440][500]LogWorld: UWorld::CleanupWorld for Map_Master, bSessionEnded=true, bCleanupResources=true
[2026.08.22-21.18.56:440][500]LogSlate: InvalidateAllWidgets triggered.  All widgets were invalidated
[2026.08.22-21.18.56:440][500]LogWorld: UWorld::CleanupWorld for Sattelite_01, bSessionEnded=true, bCleanupResources=true
[2026.08.22-21.18.56:440][500]LogSlate: InvalidateAllWidgets triggered.  All widgets were invalidated
[2026.08.22-21.18.56:440][500]LogWorld: UWorld::CleanupWorld for Game_Map, bSessionEnded=true, bCleanupResources=true
[2026.08.22-21.18.56:440][500]LogSlate: InvalidateAllWidgets triggered.  All widgets were invalidated
[2026.08.22-21.18.56:441][500]MapCheck: New page: Map Check
[2026.08.22-21.18.56:441][500]LightingResults: New page: Lighting Build
[2026.08.22-21.18.56:484][500]LogAudio: Display: Audio Device unregistered from world 'None'.
[2026.08.22-21.18.56:492][500]LogUObjectHash: Compacting FUObjectHashTables data took   4.39ms
[2026.08.22-21.18.56:493][500]LogAudio: Display: Audio Device (ID: 1) registered with world 'Sattelite_01'.
[2026.08.22-21.18.56:494][500]LogAIModule: Creating AISystem for world Sattelite_01
[2026.08.22-21.18.56:616][500]LogEditorServer: Finished looking for orphan Actors (0.000 secs)
[2026.08.22-21.18.56:662][500]LogUObjectHash: Compacting FUObjectHashTables data took   3.91ms
[2026.08.22-21.18.56:690][500]Cmd: MAP CHECKDEP NOCLEARLOG
[2026.08.22-21.18.56:690][500]MapCheck: Map check complete: 0 Error(s), 0 Warning(s), took 0.119ms to complete.
[2026.08.22-21.18.56:690][500]LogFileHelpers: Loading map 'Sattelite_01' took 0.256
[2026.08.22-21.18.56:789][500]LogUObjectHash: Compacting FUObjectHashTables data took   1.68ms
[2026.08.22-21.19.27:165][920]LogTemp: Repeating last play command: Selected Viewport
[2026.08.22-21.19.27:189][920]LogPlayLevel: PlayLevel: No blueprints needed recompiling
[2026.08.22-21.19.27:189][920]PIE: New page: PIE session: Sattelite_01 (Aug 23, 2026, 8:19:27 AM)
[2026.08.22-21.19.27:191][920]LogPlayLevel: Creating play world package: /Game/Maps/UEDPIE_0_Sattelite_01
[2026.08.22-21.19.27:203][920]LogPlayLevel: PIE: StaticDuplicateObject took: (0.011757s)
[2026.08.22-21.19.27:204][920]LogAIModule: Creating AISystem for world Sattelite_01
[2026.08.22-21.19.27:205][920]LogPlayLevel: PIE: World Init took: (0.002105s)
[2026.08.22-21.19.27:205][920]LogPlayLevel: PIE: Created PIE world by copying editor world from /Game/Maps/Sattelite_01.Sattelite_01 to /Game/Maps/UEDPIE_0_Sattelite_01.Sattelite_01 (0.014171s)
[2026.08.22-21.19.27:252][920]LogUObjectHash: Compacting FUObjectHashTables data took   3.76ms
[2026.08.22-21.19.27:255][920]LogAudio: Display: Creating Audio Device:                 Id: 7, Scope: Unique, Realtime: True
[2026.08.22-21.19.27:255][920]LogAudioMixer: Display: Audio Mixer Platform Settings:
[2026.08.22-21.19.27:255][920]LogAudioMixer: Display: 	Sample Rate:						  48000
[2026.08.22-21.19.27:255][920]LogAudioMixer: Display: 	Callback Buffer Frame Size Requested: 1024
[2026.08.22-21.19.27:255][920]LogAudioMixer: Display: 	Callback Buffer Frame Size To Use:	  1024
[2026.08.22-21.19.27:255][920]LogAudioMixer: Display: 	Number of buffers to queue:			  2
[2026.08.22-21.19.27:255][920]LogAudioMixer: Display: 	Max Channels (voices):				  32
[2026.08.22-21.19.27:255][920]LogAudioMixer: Display: 	Number of Async Source Workers:		  0
[2026.08.22-21.19.27:255][920]LogAudio: Display: AudioDevice MaxSources: 32
[2026.08.22-21.19.27:256][920]LogAudio: Display: Audio Spatialization Plugin: None (built-in).
[2026.08.22-21.19.27:256][920]LogAudio: Display: Audio Reverb Plugin: None (built-in).
[2026.08.22-21.19.27:256][920]LogAudio: Display: Audio Occlusion Plugin: None (built-in).
[2026.08.22-21.19.27:256][920]LogAudioMixer: Display: Initializing audio mixer.
[2026.08.22-21.19.27:260][920]LogAudioMixer: Display: 0: FrontLeft
[2026.08.22-21.19.27:260][920]LogAudioMixer: Display: 1: FrontRight
[2026.08.22-21.19.27:285][920]LogAudioMixer: Display: Using Audio Device Speakers / Headphones (Realtek Audio)
[2026.08.22-21.19.27:285][920]LogAudioMixer: Display: Initializing Sound Submixes...
[2026.08.22-21.19.27:285][920]LogAudioMixer: Display: Creating Master Submix 'MasterSubmixDefault'
[2026.08.22-21.19.27:285][920]LogAudioMixer: Display: Creating Master Submix 'MasterReverbSubmixDefault'
[2026.08.22-21.19.27:286][920]LogAudioMixer: Display: Creating Master Submix 'MasterEQSubmixDefault'
[2026.08.22-21.19.27:286][920]LogAudioMixer: FMixerPlatformXAudio2::StartAudioStream() called
[2026.08.22-21.19.27:286][920]LogAudioMixer: Display: Output buffers initialized: Frames=1024, Channels=2, Samples=2048
[2026.08.22-21.19.27:288][920]LogAudioMixer: Display: Starting AudioMixerPlatformInterface::RunInternal()
[2026.08.22-21.19.27:288][920]LogAudioMixer: Display: FMixerPlatformXAudio2::SubmitBuffer() called for the first time
[2026.08.22-21.19.27:288][920]LogInit: FAudioDevice initialized.
[2026.08.22-21.19.27:288][920]LogAudio: Display: Audio Device (ID: 7) registered with world 'Sattelite_01'.
[2026.08.22-21.19.27:309][920]LogLinker: Warning: Failed to load '/Game/ThirdPersonBP/Blueprints/ThirdPersonGameMode': Can't find file.
[2026.08.22-21.19.27:309][920]LogLinker: Warning: Failed to load '/Game/ThirdPersonBP/Blueprints/ThirdPersonGameMode': Can't find file.
[2026.08.22-21.19.27:309][920]LogUObjectGlobals: Warning: Failed to find object 'Class /Game/ThirdPersonBP/Blueprints/ThirdPersonGameMode.ThirdPersonGameMode_C'
[2026.08.22-21.19.27:310][920]LogLoad: Game class is 'GameModeBase'
[2026.08.22-21.19.27:311][920]LogWorld: Bringing World /Game/Maps/UEDPIE_0_Sattelite_01.Sattelite_01 up for play (max tick rate 60) at 2026.08.23-02.49.27
[2026.08.22-21.19.27:312][920]LogWorld: Bringing up level for play took: 0.001849
[2026.08.22-21.19.27:312][920]LogOnline: OSS: Creating online subsystem instance for: :Context_15
[2026.08.22-21.19.27:321][920]PIE: Server logged in
[2026.08.22-21.19.27:322][920]PIE: Play in editor total start time 0.143 seconds.
[2026.08.22-21.19.27:461][920]LogScript: Warning: Accessed None trying to read property Player Ref
	WBP_Flashlight_C /Engine/Transient.UnrealEdEngine_0:GameInstance_5.WBP_Flashlight_C_0
	Function /Game/BPs/Characters/FirstPersonBP/Character_Things/Flashlight/WBP_Flashlight.WBP_Flashlight_C:GetPercent_0:0027
[2026.08.22-21.19.27:462][920]PIE: Error: Blueprint Runtime Error: "Accessed None trying to read property Player Ref". Blueprint:  WBP_Flashlight Function:  Get Percent 0 Graph:  GetPercent_0 Node:  Return Node
[2026.08.22-21.19.27:477][921]LogScript: Warning: Accessed None trying to read property Player Ref
	WBP_Flashlight_C /Engine/Transient.UnrealEdEngine_0:GameInstance_5.WBP_Flashlight_C_0
	Function /Game/BPs/Characters/FirstPersonBP/Character_Things/Flashlight/WBP_Flashlight.WBP_Flashlight_C:GetPercent_0:0027
[2026.08.22-21.19.27:477][921]PIE: Error: Blueprint Runtime Error: "Accessed None trying to read property Player Ref". Blueprint:  WBP_Flashlight Function:  Get Percent 0 Graph:  GetPercent_0 Node:  Return Node
[2026.08.22-21.19.27:490][922]LogScript: Warning: Accessed None trying to read property Player Ref
	WBP_Flashlight_C /Engine/Transient.UnrealEdEngine_0:GameInstance_5.WBP_Flashlight_C_0
	Function /Game/BPs/Characters/FirstPersonBP/Character_Things/Flashlight/WBP_Flashlight.WBP_Flashlight_C:GetPercent_0:0027
[2026.08.22-21.19.27:491][922]PIE: Error: Blueprint Runtime Error: "Accessed None trying to read property Player Ref". Blueprint:  WBP_Flashlight Function:  Get Percent 0 Graph:  GetPercent_0 Node:  Return Node
[2026.08.22-21.19.27:507][923]LogScript: Warning: Accessed None trying to read property Player Ref
	WBP_Flashlight_C /Engine/Transient.UnrealEdEngine_0:GameInstance_5.WBP_Flashlight_C_0
	Function /Game/BPs/Characters/FirstPersonBP/Character_Things/Flashlight/WBP_Flashlight.WBP_Flashlight_C:GetPercent_0:0027
[2026.08.22-21.19.27:508][923]PIE: Error: Blueprint Runtime Error: "Accessed None trying to read property Player Ref". Blueprint:  WBP_Flashlight Function:  Get Percent 0 Graph:  GetPercent_0 Node:  Return Node
[2026.08.22-21.19.27:526][924]LogScript: Warning: Accessed None trying to read property Player Ref
	WBP_Flashlight_C /Engine/Transient.UnrealEdEngine_0:GameInstance_5.WBP_Flashlight_C_0
	Function /Game/BPs/Characters/FirstPersonBP/Character_Things/Flashlight/WBP_Flashlight.WBP_Flashlight_C:GetPercent_0:0027
[2026.08.22-21.19.27:526][924]PIE: Error: Blueprint Runtime Error: "Accessed None trying to read property Player Ref". Blueprint:  WBP_Flashlight Function:  Get Percent 0 Graph:  GetPercent_0 Node:  Return Node
[2026.08.22-21.19.27:544][925]LogScript: Warning: Accessed None trying to read property Player Ref
	WBP_Flashlight_C /Engine/Transient.UnrealEdEngine_0:GameInstance_5.WBP_Flashlight_C_0
	Function /Game/BPs/Characters/FirstPersonBP/Character_Things/Flashlight/WBP_Flashlight.WBP_Flashlight_C:GetPercent_0:0027
[2026.08.22-21.19.27:544][925]PIE: Error: Blueprint Runtime Error: "Accessed None trying to read property Player Ref". Blueprint:  WBP_Flashlight Function:  Get Percent 0 Graph:  GetPercent_0 Node:  Return Node
[2026.08.22-21.19.27:562][926]LogScript: Warning: Accessed None trying to read property Player Ref
	WBP_Flashlight_C /Engine/Transient.UnrealEdEngine_0:GameInstance_5.WBP_Flashlight_C_0
	Function /Game/BPs/Characters/FirstPersonBP/Character_Things/Flashlight/WBP_Flashlight.WBP_Flashlight_C:GetPercent_0:0027
[2026.08.22-21.19.27:562][926]PIE: Error: Blueprint Runtime Error: "Accessed None trying to read property Player Ref". Blueprint:  WBP_Flashlight Function:  Get Percent 0 Graph:  GetPercent_0 Node:  Return Node
[2026.08.22-21.19.27:581][927]LogScript: Warning: Accessed None trying to read property Player Ref
	WBP_Flashlight_C /Engine/Transient.UnrealEdEngine_0:GameInstance_5.WBP_Flashlight_C_0
	Function /Game/BPs/Characters/FirstPersonBP/Character_Things/Flashlight/WBP_Flashlight.WBP_Flashlight_C:GetPercent_0:0027
[2026.08.22-21.19.27:581][927]PIE: Error: Blueprint Runtime Error: "Accessed None trying to read property Player Ref". Blueprint:  WBP_Flashlight Function:  Get Percent 0 Graph:  GetPercent_0 Node:  Return Node
[2026.08.22-21.19.27:597][928]LogScript: Warning: Accessed None trying to read property Player Ref
	WBP_Flashlight_C /Engine/Transient.UnrealEdEngine_0:GameInstance_5.WBP_Flashlight_C_0
	Function /Game/BPs/Characters/FirstPersonBP/Character_Things/Flashlight/WBP_Flashlight.WBP_Flashlight_C:GetPercent_0:0027
[2026.08.22-21.19.27:597][928]PIE: Error: Blueprint Runtime Error: "Accessed None trying to read property Player Ref". Blueprint:  WBP_Flashlight Function:  Get Percent 0 Graph:  GetPercent_0 Node:  Return Node
[2026.08.22-21.19.27:616][929]LogScript: Warning: Accessed None trying to read property Player Ref
	WBP_Flashlight_C /Engine/Transient.UnrealEdEngine_0:GameInstance_5.WBP_Flashlight_C_0
	Function /Game/BPs/Characters/FirstPersonBP/Character_Things/Flashlight/WBP_Flashlight.WBP_Flashlight_C:GetPercent_0:0027
[2026.08.22-21.19.27:616][929]PIE: Error: Blueprint Runtime Error: "Accessed None trying to read property Player Ref". Blueprint:  WBP_Flashlight Function:  Get Percent 0 Graph:  GetPercent_0 Node:  Return Node
[2026.08.22-21.19.27:636][930]LogScript: Warning: Accessed None trying to read property Player Ref
	WBP_Flashlight_C /Engine/Transient.UnrealEdEngine_0:GameInstance_5.WBP_Flashlight_C_0
	Function /Game/BPs/Characters/FirstPersonBP/Character_Things/Flashlight/WBP_Flashlight.WBP_Flashlight_C:GetPercent_0:0027
[2026.08.22-21.19.27:637][930]PIE: Error: Blueprint Runtime Error: "Accessed None trying to read property Player Ref". Blueprint:  WBP_Flashlight Function:  Get Percent 0 Graph:  GetPercent_0 Node:  Return Node
[2026.08.22-21.19.27:650][931]LogScript: Warning: Accessed None trying to read property Player Ref
	WBP_Flashlight_C /Engine/Transient.UnrealEdEngine_0:GameInstance_5.WBP_Flashlight_C_0
	Function /Game/BPs/Characters/FirstPersonBP/Character_Things/Flashlight/WBP_Flashlight.WBP_Flashlight_C:GetPercent_0:0027
[2026.08.22-21.19.27:650][931]PIE: Error: Blueprint Runtime Error: "Accessed None trying to read property Player Ref". Blueprint:  WBP_Flashlight Function:  Get Percent 0 Graph:  GetPercent_0 Node:  Return Node
[2026.08.22-21.19.27:669][932]LogScript: Warning: Accessed None trying to read property Player Ref
	WBP_Flashlight_C /Engine/Transient.UnrealEdEngine_0:GameInstance_5.WBP_Flashlight_C_0
	Function /Game/BPs/Characters/FirstPersonBP/Character_Things/Flashlight/WBP_Flashlight.WBP_Flashlight_C:GetPercent_0:0027
[2026.08.22-21.19.27:670][932]PIE: Error: Blueprint Runtime Error: "Accessed None trying to read property Player Ref". Blueprint:  WBP_Flashlight Function:  Get Percent 0 Graph:  GetPercent_0 Node:  Return Node
[2026.08.22-21.19.27:684][933]LogScript: Warning: Accessed None trying to read property Player Ref
	WBP_Flashlight_C /Engine/Transient.UnrealEdEngine_0:GameInstance_5.WBP_Flashlight_C_0
	Function /Game/BPs/Characters/FirstPersonBP/Character_Things/Flashlight/WBP_Flashlight.WBP_Flashlight_C:GetPercent_0:0027
[2026.08.22-21.19.27:685][933]PIE: Error: Blueprint Runtime Error: "Accessed None trying to read property Player Ref". Blueprint:  WBP_Flashlight Function:  Get Percent 0 Graph:  GetPercent_0 Node:  Return Node
[2026.08.22-21.19.27:700][934]LogScript: Warning: Accessed None trying to read property Player Ref
	WBP_Flashlight_C /Engine/Transient.UnrealEdEngine_0:GameInstance_5.WBP_Flashlight_C_0
	Function /Game/BPs/Characters/FirstPersonBP/Character_Things/Flashlight/WBP_Flashlight.WBP_Flashlight_C:GetPercent_0:0027
[2026.08.22-21.19.27:701][934]PIE: Error: Blueprint Runtime Error: "Accessed None trying to read property Player Ref". Blueprint:  WBP_Flashlight Function:  Get Percent 0 Graph:  GetPercent_0 Node:  Return Node
[2026.08.22-21.19.27:716][935]LogScript: Warning: Accessed None trying to read property Player Ref
	WBP_Flashlight_C /Engine/Transient.UnrealEdEngine_0:GameInstance_5.WBP_Flashlight_C_0
	Function /Game/BPs/Characters/FirstPersonBP/Character_Things/Flashlight/WBP_Flashlight.WBP_Flashlight_C:GetPercent_0:0027
[2026.08.22-21.19.27:717][935]PIE: Error: Blueprint Runtime Error: "Accessed None trying to read property Player Ref". Blueprint:  WBP_Flashlight Function:  Get Percent 0 Graph:  GetPercent_0 Node:  Return Node
[2026.08.22-21.19.27:732][936]PIE: Error: Blueprint Runtime Error: "Accessed None trying to read property Player Ref". Blueprint:  WBP_Flashlight Function:  Get Percent 0 Graph:  GetPercent_0 Node:  Return Node
[2026.08.22-21.19.27:749][937]PIE: Error: Blueprint Runtime Error: "Accessed None trying to read property Player Ref". Blueprint:  WBP_Flashlight Function:  Get Percent 0 Graph:  GetPercent_0 Node:  Return Node
[2026.08.22-21.19.27:765][938]PIE: Error: Blueprint Runtime Error: "Accessed None trying to read property Player Ref". Blueprint:  WBP_Flashlight Function:  Get Percent 0 Graph:  GetPercent_0 Node:  Return Node
[2026.08.22-21.19.27:784][939]PIE: Error: Blueprint Runtime Error: "Accessed None trying to read property Player Ref". Blueprint:  WBP_Flashlight Function:  Get Percent 0 Graph:  GetPercent_0 Node:  Return Node
[2026.08.22-21.19.27:806][940]PIE: Error: Blueprint Runtime Error: "Accessed None trying to read property Player Ref". Blueprint:  WBP_Flashlight Function:  Get Percent 0 Graph:  GetPercent_0 Node:  Return Node
[2026.08.22-21.19.27:819][941]PIE: Error: Blueprint Runtime Error: "Accessed None trying to read property Player Ref". Blueprint:  WBP_Flashlight Function:  Get Percent 0 Graph:  GetPercent_0 Node:  Return Node
[2026.08.22-21.19.27:837][942]PIE: Error: Blueprint Runtime Error: "Accessed None trying to read property Player Ref". Blueprint:  WBP_Flashlight Function:  Get Percent 0 Graph:  GetPercent_0 Node:  Return Node
[2026.08.22-21.19.27:855][943]PIE: Error: Blueprint Runtime Error: "Accessed None trying to read property Player Ref". Blueprint:  WBP_Flashlight Function:  Get Percent 0 Graph:  GetPercent_0 Node:  Return Node
[2026.08.22-21.19.27:869][944]PIE: Error: Blueprint Runtime Error: "Accessed None trying to read property Player Ref". Blueprint:  WBP_Flashlight Function:  Get Percent 0 Graph:  GetPercent_0 Node:  Return Node
[2026.08.22-21.19.27:887][945]PIE: Error: Blueprint Runtime Error: "Accessed None trying to read property Player Ref". Blueprint:  WBP_Flashlight Function:  Get Percent 0 Graph:  GetPercent_0 Node:  Return Node
[2026.08.22-21.19.27:902][946]PIE: Error: Blueprint Runtime Error: "Accessed None trying to read property Player Ref". Blueprint:  WBP_Flashlight Function:  Get Percent 0 Graph:  GetPercent_0 Node:  Return Node
[2026.08.22-21.19.27:921][947]PIE: Error: Blueprint Runtime Error: "Accessed None trying to read property Player Ref". Blueprint:  WBP_Flashlight Function:  Get Percent 0 Graph:  GetPercent_0 Node:  Return Node
[2026.08.22-21.19.27:937][948]PIE: Error: Blueprint Runtime Error: "Accessed None trying to read property Player Ref". Blueprint:  WBP_Flashlight Function:  Get Percent 0 Graph:  GetPercent_0 Node:  Return Node
[2026.08.22-21.19.27:954][949]PIE: Error: Blueprint Runtime Error: "Accessed None trying to read property Player Ref". Blueprint:  WBP_Flashlight Function:  Get Percent 0 Graph:  GetPercent_0 Node:  Return Node
[2026.08.22-21.19.27:969][950]PIE: Error: Blueprint Runtime Error: "Accessed None trying to read property Player Ref". Blueprint:  WBP_Flashlight Function:  Get Percent 0 Graph:  GetPercent_0 Node:  Return Node
[2026.08.22-21.19.27:986][951]PIE: Error: Blueprint Runtime Error: "Accessed None trying to read property Player Ref". Blueprint:  WBP_Flashlight Function:  Get Percent 0 Graph:  GetPercent_0 Node:  Return Node
[2026.08.22-21.19.28:002][952]PIE: Error: Blueprint Runtime Error: "Accessed None trying to read property Player Ref". Blueprint:  WBP_Flashlight Function:  Get Percent 0 Graph:  GetPercent_0 Node:  Return Node
[2026.08.22-21.19.28:019][953]PIE: Error: Blueprint Runtime Error: "Accessed None trying to read property Player Ref". Blueprint:  WBP_Flashlight Function:  Get Percent 0 Graph:  GetPercent_0 Node:  Return Node
[2026.08.22-21.19.28:036][954]PIE: Error: Blueprint Runtime Error: "Accessed None trying to read property Player Ref". Blueprint:  WBP_Flashlight Function:  Get Percent 0 Graph:  GetPercent_0 Node:  Return Node
[2026.08.22-21.19.28:053][955]PIE: Error: Blueprint Runtime Error: "Accessed None trying to read property Player Ref". Blueprint:  WBP_Flashlight Function:  Get Percent 0 Graph:  GetPercent_0 Node:  Return Node
[2026.08.22-21.19.28:069][956]PIE: Error: Blueprint Runtime Error: "Accessed None trying to read property Player Ref". Blueprint:  WBP_Flashlight Function:  Get Percent 0 Graph:  GetPercent_0 Node:  Return Node
[2026.08.22-21.19.28:086][957]PIE: Error: Blueprint Runtime Error: "Accessed None trying to read property Player Ref". Blueprint:  WBP_Flashlight Function:  Get Percent 0 Graph:  GetPercent_0 Node:  Return Node
[2026.08.22-21.19.28:105][958]PIE: Error: Blueprint Runtime Error: "Accessed None trying to read property Player Ref". Blueprint:  WBP_Flashlight Function:  Get Percent 0 Graph:  GetPercent_0 Node:  Return Node
[2026.08.22-21.19.28:130][959]PIE: Error: Blueprint Runtime Error: "Accessed None trying to read property Player Ref". Blueprint:  WBP_Flashlight Function:  Get Percent 0 Graph:  GetPercent_0 Node:  Return Node
[2026.08.22-21.19.28:145][960]PIE: Error: Blueprint Runtime Error: "Accessed None trying to read property Player Ref". Blueprint:  WBP_Flashlight Function:  Get Percent 0 Graph:  GetPercent_0 Node:  Return Node
[2026.08.22-21.19.28:160][961]PIE: Error: Blueprint Runtime Error: "Accessed None trying to read property Player Ref". Blueprint:  WBP_Flashlight Function:  Get Percent 0 Graph:  GetPercent_0 Node:  Return Node
[2026.08.22-21.19.28:178][962]PIE: Error: Blueprint Runtime Error: "Accessed None trying to read property Player Ref". Blueprint:  WBP_Flashlight Function:  Get Percent 0 Graph:  GetPercent_0 Node:  Return Node
[2026.08.22-21.19.28:199][963]PIE: Error: Blueprint Runtime Error: "Accessed None trying to read property Player Ref". Blueprint:  WBP_Flashlight Function:  Get Percent 0 Graph:  GetPercent_0 Node:  Return Node
[2026.08.22-21.19.28:212][964]PIE: Error: Blueprint Runtime Error: "Accessed None trying to read property Player Ref". Blueprint:  WBP_Flashlight Function:  Get Percent 0 Graph:  GetPercent_0 Node:  Return Node
[2026.08.22-21.19.28:230][965]PIE: Error: Blueprint Runtime Error: "Accessed None trying to read property Player Ref". Blueprint:  WBP_Flashlight Function:  Get Percent 0 Graph:  GetPercent_0 Node:  Return Node
[2026.08.22-21.19.28:249][966]PIE: Error: Blueprint Runtime Error: "Accessed None trying to read property Player Ref". Blueprint:  WBP_Flashlight Function:  Get Percent 0 Graph:  GetPercent_0 Node:  Return Node
[2026.08.22-21.19.28:270][967]PIE: Error: Blueprint Runtime Error: "Accessed None trying to read property Player Ref". Blueprint:  WBP_Flashlight Function:  Get Percent 0 Graph:  GetPercent_0 Node:  Return Node
[2026.08.22-21.19.28:283][968]PIE: Error: Blueprint Runtime Error: "Accessed None trying to read property Player Ref". Blueprint:  WBP_Flashlight Function:  Get Percent 0 Graph:  GetPercent_0 Node:  Return Node
[2026.08.22-21.19.28:304][969]PIE: Error: Blueprint Runtime Error: "Accessed None trying to read property Player Ref". Blueprint:  WBP_Flashlight Function:  Get Percent 0 Graph:  GetPercent_0 Node:  Return Node
[2026.08.22-21.19.28:321][970]PIE: Error: Blueprint Runtime Error: "Accessed None trying to read property Player Ref". Blueprint:  WBP_Flashlight Function:  Get Percent 0 Graph:  GetPercent_0 Node:  Return Node
[2026.08.22-21.19.28:345][971]PIE: Error: Blueprint Runtime Error: "Accessed None trying to read property Player Ref". Blueprint:  WBP_Flashlight Function:  Get Percent 0 Graph:  GetPercent_0 Node:  Return Node
[2026.08.22-21.19.28:363][972]PIE: Error: Blueprint Runtime Error: "Accessed None trying to read property Player Ref". Blueprint:  WBP_Flashlight Function:  Get Percent 0 Graph:  GetPercent_0 Node:  Return Node
[2026.08.22-21.19.28:378][973]PIE: Error: Blueprint Runtime Error: "Accessed None trying to read property Player Ref". Blueprint:  WBP_Flashlight Function:  Get Percent 0 Graph:  GetPercent_0 Node:  Return Node
[2026.08.22-21.19.28:392][974]PIE: Error: Blueprint Runtime Error: "Accessed None trying to read property Player Ref". Blueprint:  WBP_Flashlight Function:  Get Percent 0 Graph:  GetPercent_0 Node:  Return Node
[2026.08.22-21.19.28:412][975]PIE: Error: Blueprint Runtime Error: "Accessed None trying to read property Player Ref". Blueprint:  WBP_Flashlight Function:  Get Percent 0 Graph:  GetPercent_0 Node:  Return Node
[2026.08.22-21.19.28:428][976]PIE: Error: Blueprint Runtime Error: "Accessed None trying to read property Player Ref". Blueprint:  WBP_Flashlight Function:  Get Percent 0 Graph:  GetPercent_0 Node:  Return Node
[2026.08.22-21.19.28:444][977]PIE: Error: Blueprint Runtime Error: "Accessed None trying to read property Player Ref". Blueprint:  WBP_Flashlight Function:  Get Percent 0 Graph:  GetPercent_0 Node:  Return Node
[2026.08.22-21.19.28:460][978]PIE: Error: Blueprint Runtime Error: "Accessed None trying to read property Player Ref". Blueprint:  WBP_Flashlight Function:  Get Percent 0 Graph:  GetPercent_0 Node:  Return Node
[2026.08.22-21.19.28:479][979]PIE: Error: Blueprint Runtime Error: "Accessed None trying to read property Player Ref". Blueprint:  WBP_Flashlight Function:  Get Percent 0 Graph:  GetPercent_0 Node:  Return Node
[2026.08.22-21.19.28:494][980]PIE: Error: Blueprint Runtime Error: "Accessed None trying to read property Player Ref". Blueprint:  WBP_Flashlight Function:  Get Percent 0 Graph:  GetPercent_0 Node:  Return Node
[2026.08.22-21.19.28:513][981]PIE: Error: Blueprint Runtime Error: "Accessed None trying to read property Player Ref". Blueprint:  WBP_Flashlight Function:  Get Percent 0 Graph:  GetPercent_0 Node:  Return Node
[2026.08.22-21.19.28:531][982]PIE: Error: Blueprint Runtime Error: "Accessed None trying to read property Player Ref". Blueprint:  WBP_Flashlight Function:  Get Percent 0 Graph:  GetPercent_0 Node:  Return Node
[2026.08.22-21.19.28:548][983]PIE: Error: Blueprint Runtime Error: "Accessed None trying to read property Player Ref". Blueprint:  WBP_Flashlight Function:  Get Percent 0 Graph:  GetPercent_0 Node:  Return Node
[2026.08.22-21.19.28:567][984]PIE: Error: Blueprint Runtime Error: "Accessed None trying to read property Player Ref". Blueprint:  WBP_Flashlight Function:  Get Percent 0 Graph:  GetPercent_0 Node:  Return Node
[2026.08.22-21.19.28:580][985]PIE: Error: Blueprint Runtime Error: "Accessed None trying to read property Player Ref". Blueprint:  WBP_Flashlight Function:  Get Percent 0 Graph:  GetPercent_0 Node:  Return Node
[2026.08.22-21.19.28:599][986]PIE: Error: Blueprint Runtime Error: "Accessed None trying to read property Player Ref". Blueprint:  WBP_Flashlight Function:  Get Percent 0 Graph:  GetPercent_0 Node:  Return Node
[2026.08.22-21.19.28:615][987]PIE: Error: Blueprint Runtime Error: "Accessed None trying to read property Player Ref". Blueprint:  WBP_Flashlight Function:  Get Percent 0 Graph:  GetPercent_0 Node:  Return Node
[2026.08.22-21.19.28:638][988]PIE: Error: Blueprint Runtime Error: "Accessed None trying to read property Player Ref". Blueprint:  WBP_Flashlight Function:  Get Percent 0 Graph:  GetPercent_0 Node:  Return Node
[2026.08.22-21.19.28:652][989]PIE: Error: Blueprint Runtime Error: "Accessed None trying to read property Player Ref". Blueprint:  WBP_Flashlight Function:  Get Percent 0 Graph:  GetPercent_0 Node:  Return Node
[2026.08.22-21.19.28:668][990]PIE: Error: Blueprint Runtime Error: "Accessed None trying to read property Player Ref". Blueprint:  WBP_Flashlight Function:  Get Percent 0 Graph:  GetPercent_0 Node:  Return Node
[2026.08.22-21.19.28:684][991]PIE: Error: Blueprint Runtime Error: "Accessed None trying to read property Player Ref". Blueprint:  WBP_Flashlight Function:  Get Percent 0 Graph:  GetPercent_0 Node:  Return Node
[2026.08.22-21.19.28:700][992]PIE: Error: Blueprint Runtime Error: "Accessed None trying to read property Player Ref". Blueprint:  WBP_Flashlight Function:  Get Percent 0 Graph:  GetPercent_0 Node:  Return Node
[2026.08.22-21.19.28:719][993]PIE: Error: Blueprint Runtime Error: "Accessed None trying to read property Player Ref". Blueprint:  WBP_Flashlight Function:  Get Percent 0 Graph:  GetPercent_0 Node:  Return Node
[2026.08.22-21.19.28:733][994]PIE: Error: Blueprint Runtime Error: "Accessed None trying to read property Player Ref". Blueprint:  WBP_Flashlight Function:  Get Percent 0 Graph:  GetPercent_0 Node:  Return Node
[2026.08.22-21.19.28:752][995]PIE: Error: Blueprint Runtime Error: "Accessed None trying to read property Player Ref". Blueprint:  WBP_Flashlight Function:  Get Percent 0 Graph:  GetPercent_0 Node:  Return Node
[2026.08.22-21.19.28:771][996]PIE: Error: Blueprint Runtime Error: "Accessed None trying to read property Player Ref". Blueprint:  WBP_Flashlight Function:  Get Percent 0 Graph:  GetPercent_0 Node:  Return Node
[2026.08.22-21.19.28:788][997]PIE: Error: Blueprint Runtime Error: "Accessed None trying to read property Player Ref". Blueprint:  WBP_Flashlight Function:  Get Percent 0 Graph:  GetPercent_0 Node:  Return Node
[2026.08.22-21.19.28:805][998]PIE: Error: Blueprint Runtime Error: "Accessed None trying to read property Player Ref". Blueprint:  WBP_Flashlight Function:  Get Percent 0 Graph:  GetPercent_0 Node:  Return Node
[2026.08.22-21.19.28:822][999]PIE: Error: Blueprint Runtime Error: "Accessed None trying to read property Player Ref". Blueprint:  WBP_Flashlight Function:  Get Percent 0 Graph:  GetPercent_0 Node:  Return Node
[2026.08.22-21.19.28:838][  0]PIE: Error: Blueprint Runtime Error: "Accessed None trying to read property Player Ref". Blueprint:  WBP_Flashlight Function:  Get Percent 0 Graph:  GetPercent_0 Node:  Return Node
[2026.08.22-21.19.28:853][  1]PIE: Error: Blueprint Runtime Error: "Accessed None trying to read property Player Ref". Blueprint:  WBP_Flashlight Function:  Get Percent 0 Graph:  GetPercent_0 Node:  Return Node
[2026.08.22-21.19.28:869][  2]PIE: Error: Blueprint Runtime Error: "Accessed None trying to read property Player Ref". Blueprint:  WBP_Flashlight Function:  Get Percent 0 Graph:  GetPercent_0 Node:  Return Node
[2026.08.22-21.19.28:884][  3]PIE: Error: Blueprint Runtime Error: "Accessed None trying to read property Player Ref". Blueprint:  WBP_Flashlight Function:  Get Percent 0 Graph:  GetPercent_0 Node:  Return Node
[2026.08.22-21.19.28:901][  4]PIE: Error: Blueprint Runtime Error: "Accessed None trying to read property Player Ref". Blueprint:  WBP_Flashlight Function:  Get Percent 0 Graph:  GetPercent_0 Node:  Return Node
[2026.08.22-21.19.28:918][  5]PIE: Error: Blueprint Runtime Error: "Accessed None trying to read property Player Ref". Blueprint:  WBP_Flashlight Function:  Get Percent 0 Graph:  GetPercent_0 Node:  Return Node
[2026.08.22-21.19.28:934][  6]PIE: Error: Blueprint Runtime Error: "Accessed None trying to read property Player Ref". Blueprint:  WBP_Flashlight Function:  Get Percent 0 Graph:  GetPercent_0 Node:  Return Node
[2026.08.22-21.19.28:951][  7]PIE: Error: Blueprint Runtime Error: "Accessed None trying to read property Player Ref". Blueprint:  WBP_Flashlight Function:  Get Percent 0 Graph:  GetPercent_0 Node:  Return Node
[2026.08.22-21.19.28:969][  8]PIE: Error: Blueprint Runtime Error: "Accessed None trying to read property Player Ref". Blueprint:  WBP_Flashlight Function:  Get Percent 0 Graph:  GetPercent_0 Node:  Return Node
[2026.08.22-21.19.28:987][  9]PIE: Error: Blueprint Runtime Error: "Accessed None trying to read property Player Ref". Blueprint:  WBP_Flashlight Function:  Get Percent 0 Graph:  GetPercent_0 Node:  Return Node
[2026.08.22-21.19.29:003][ 10]PIE: Error: Blueprint Runtime Error: "Accessed None trying to read property Player Ref". Blueprint:  WBP_Flashlight Function:  Get Percent 0 Graph:  GetPercent_0 Node:  Return Node
[2026.08.22-21.19.29:030][ 11]PIE: Error: Blueprint Runtime Error: "Accessed None trying to read property Player Ref". Blueprint:  WBP_Flashlight Function:  Get Percent 0 Graph:  GetPercent_0 Node:  Return Node
[2026.08.22-21.19.29:044][ 12]PIE: Error: Blueprint Runtime Error: "Accessed None trying to read property Player Ref". Blueprint:  WBP_Flashlight Function:  Get Percent 0 Graph:  GetPercent_0 Node:  Return Node
[2026.08.22-21.19.29:078][ 13]PIE: Error: Blueprint Runtime Error: "Accessed None trying to read property Player Ref". Blueprint:  WBP_Flashlight Function:  Get Percent 0 Graph:  GetPercent_0 Node:  Return Node
[2026.08.22-21.19.29:096][ 14]PIE: Error: Blueprint Runtime Error: "Accessed None trying to read property Player Ref". Blueprint:  WBP_Flashlight Function:  Get Percent 0 Graph:  GetPercent_0 Node:  Return Node
[2026.08.22-21.19.29:111][ 15]PIE: Error: Blueprint Runtime Error: "Accessed None trying to read property Player Ref". Blueprint:  WBP_Flashlight Function:  Get Percent 0 Graph:  GetPercent_0 Node:  Return Node
[2026.08.22-21.19.29:129][ 16]PIE: Error: Blueprint Runtime Error: "Accessed None trying to read property Player Ref". Blueprint:  WBP_Flashlight Function:  Get Percent 0 Graph:  GetPercent_0 Node:  Return Node
[2026.08.22-21.19.29:146][ 17]PIE: Error: Blueprint Runtime Error: "Accessed None trying to read property Player Ref". Blueprint:  WBP_Flashlight Function:  Get Percent 0 Graph:  GetPercent_0 Node:  Return Node
[2026.08.22-21.19.29:163][ 18]PIE: Error: Blueprint Runtime Error: "Accessed None trying to read property Player Ref". Blueprint:  WBP_Flashlight Function:  Get Percent 0 Graph:  GetPercent_0 Node:  Return Node
[2026.08.22-21.19.29:178][ 19]PIE: Error: Blueprint Runtime Error: "Accessed None trying to read property Player Ref". Blueprint:  WBP_Flashlight Function:  Get Percent 0 Graph:  GetPercent_0 Node:  Return Node
[2026.08.22-21.19.29:197][ 20]PIE: Error: Blueprint Runtime Error: "Accessed None trying to read property Player Ref". Blueprint:  WBP_Flashlight Function:  Get Percent 0 Graph:  GetPercent_0 Node:  Return Node
[2026.08.22-21.19.29:212][ 21]PIE: Error: Blueprint Runtime Error: "Accessed None trying to read property Player Ref". Blueprint:  WBP_Flashlight Function:  Get Percent 0 Graph:  GetPercent_0 Node:  Return Node
[2026.08.22-21.19.29:235][ 22]PIE: Error: Blueprint Runtime Error: "Accessed None trying to read property Player Ref". Blueprint:  WBP_Flashlight Function:  Get Percent 0 Graph:  GetPercent_0 Node:  Return Node
[2026.08.22-21.19.29:251][ 23]PIE: Error: Blueprint Runtime Error: "Accessed None trying to read property Player Ref". Blueprint:  WBP_Flashlight Function:  Get Percent 0 Graph:  GetPercent_0 Node:  Return Node
[2026.08.22-21.19.29:278][ 24]PIE: Error: Blueprint Runtime Error: "Accessed None trying to read property Player Ref". Blueprint:  WBP_Flashlight Function:  Get Percent 0 Graph:  GetPercent_0 Node:  Return Node
[2026.08.22-21.19.29:292][ 25]PIE: Error: Blueprint Runtime Error: "Accessed None trying to read property Player Ref". Blueprint:  WBP_Flashlight Function:  Get Percent 0 Graph:  GetPercent_0 Node:  Return Node
[2026.08.22-21.19.29:320][ 26]PIE: Error: Blueprint Runtime Error: "Accessed None trying to read property Player Ref". Blueprint:  WBP_Flashlight Function:  Get Percent 0 Graph:  GetPercent_0 Node:  Return Node
[2026.08.22-21.19.29:347][ 27]PIE: Error: Blueprint Runtime Error: "Accessed None trying to read property Player Ref". Blueprint:  WBP_Flashlight Function:  Get Percent 0 Graph:  GetPercent_0 Node:  Return Node
[2026.08.22-21.19.29:363][ 28]PIE: Error: Blueprint Runtime Error: "Accessed None trying to read property Player Ref". Blueprint:  WBP_Flashlight Function:  Get Percent 0 Graph:  GetPercent_0 Node:  Return Node
[2026.08.22-21.19.29:384][ 29]PIE: Error: Blueprint Runtime Error: "Accessed None trying to read property Player Ref". Blueprint:  WBP_Flashlight Function:  Get Percent 0 Graph:  GetPercent_0 Node:  Return Node
[2026.08.22-21.19.29:403][ 30]PIE: Error: Blueprint Runtime Error: "Accessed None trying to read property Player Ref". Blueprint:  WBP_Flashlight Function:  Get Percent 0 Graph:  GetPercent_0 Node:  Return Node
[2026.08.22-21.19.29:420][ 31]PIE: Error: Blueprint Runtime Error: "Accessed None trying to read property Player Ref". Blueprint:  WBP_Flashlight Function:  Get Percent 0 Graph:  GetPercent_0 Node:  Return Node
[2026.08.22-21.19.29:436][ 32]PIE: Error: Blueprint Runtime Error: "Accessed None trying to read property Player Ref". Blueprint:  WBP_Flashlight Function:  Get Percent 0 Graph:  GetPercent_0 Node:  Return Node
[2026.08.22-21.19.29:453][ 33]PIE: Error: Blueprint Runtime Error: "Accessed None trying to read property Player Ref". Blueprint:  WBP_Flashlight Function:  Get Percent 0 Graph:  GetPercent_0 Node:  Return Node
[2026.08.22-21.19.29:470][ 34]PIE: Error: Blueprint Runtime Error: "Accessed None trying to read property Player Ref". Blueprint:  WBP_Flashlight Function:  Get Percent 0 Graph:  GetPercent_0 Node:  Return Node
[2026.08.22-21.19.29:486][ 35]PIE: Error: Blueprint Runtime Error: "Accessed None trying to read property Player Ref". Blueprint:  WBP_Flashlight Function:  Get Percent 0 Graph:  GetPercent_0 Node:  Return Node
[2026.08.22-21.19.29:501][ 36]PIE: Error: Blueprint Runtime Error: "Accessed None trying to read property Player Ref". Blueprint:  WBP_Flashlight Function:  Get Percent 0 Graph:  GetPercent_0 Node:  Return Node
[2026.08.22-21.19.29:521][ 37]PIE: Error: Blueprint Runtime Error: "Accessed None trying to read property Player Ref". Blueprint:  WBP_Flashlight Function:  Get Percent 0 Graph:  GetPercent_0 Node:  Return Node
[2026.08.22-21.19.29:538][ 38]PIE: Error: Blueprint Runtime Error: "Accessed None trying to read property Player Ref". Blueprint:  WBP_Flashlight Function:  Get Percent 0 Graph:  GetPercent_0 Node:  Return Node
[2026.08.22-21.19.29:555][ 39]PIE: Error: Blueprint Runtime Error: "Accessed None trying to read property Player Ref". Blueprint:  WBP_Flashlight Function:  Get Percent 0 Graph:  GetPercent_0 Node:  Return Node
[2026.08.22-21.19.29:570][ 40]PIE: Error: Blueprint Runtime Error: "Accessed None trying to read property Player Ref". Blueprint:  WBP_Flashlight Function:  Get Percent 0 Graph:  GetPercent_0 Node:  Return Node
[2026.08.22-21.19.29:587][ 41]PIE: Error: Blueprint Runtime Error: "Accessed None trying to read property Player Ref". Blueprint:  WBP_Flashlight Function:  Get Percent 0 Graph:  GetPercent_0 Node:  Return Node
[2026.08.22-21.19.29:606][ 42]PIE: Error: Blueprint Runtime Error: "Accessed None trying to read property Player Ref". Blueprint:  WBP_Flashlight Function:  Get Percent 0 Graph:  GetPercent_0 Node:  Return Node
[2026.08.22-21.19.29:625][ 43]PIE: Error: Blueprint Runtime Error: "Accessed None trying to read property Player Ref". Blueprint:  WBP_Flashlight Function:  Get Percent 0 Graph:  GetPercent_0 Node:  Return Node
[2026.08.22-21.19.29:640][ 44]PIE: Error: Blueprint Runtime Error: "Accessed None trying to read property Player Ref". Blueprint:  WBP_Flashlight Function:  Get Percent 0 Graph:  GetPercent_0 Node:  Return Node
[2026.08.22-21.19.29:654][ 45]PIE: Error: Blueprint Runtime Error: "Accessed None trying to read property Player Ref". Blueprint:  WBP_Flashlight Function:  Get Percent 0 Graph:  GetPercent_0 Node:  Return Node
[2026.08.22-21.19.29:673][ 46]PIE: Error: Blueprint Runtime Error: "Accessed None trying to read property Player Ref". Blueprint:  WBP_Flashlight Function:  Get Percent 0 Graph:  GetPercent_0 Node:  Return Node
[2026.08.22-21.19.29:690][ 47]PIE: Error: Blueprint Runtime Error: "Accessed None trying to read property Player Ref". Blueprint:  WBP_Flashlight Function:  Get Percent 0 Graph:  GetPercent_0 Node:  Return Node
[2026.08.22-21.19.29:704][ 48]PIE: Error: Blueprint Runtime Error: "Accessed None trying to read property Player Ref". Blueprint:  WBP_Flashlight Function:  Get Percent 0 Graph:  GetPercent_0 Node:  Return Node
[2026.08.22-21.19.29:722][ 49]PIE: Error: Blueprint Runtime Error: "Accessed None trying to read property Player Ref". Blueprint:  WBP_Flashlight Function:  Get Percent 0 Graph:  GetPercent_0 Node:  Return Node
[2026.08.22-21.19.29:741][ 50]PIE: Error: Blueprint Runtime Error: "Accessed None trying to read property Player Ref". Blueprint:  WBP_Flashlight Function:  Get Percent 0 Graph:  GetPercent_0 Node:  Return Node
[2026.08.22-21.19.29:759][ 51]PIE: Error: Blueprint Runtime Error: "Accessed None trying to read property Player Ref". Blueprint:  WBP_Flashlight Function:  Get Percent 0 Graph:  GetPercent_0 Node:  Return Node
[2026.08.22-21.19.29:781][ 52]PIE: Error: Blueprint Runtime Error: "Accessed None trying to read property Player Ref". Blueprint:  WBP_Flashlight Function:  Get Percent 0 Graph:  GetPercent_0 Node:  Return Node
[2026.08.22-21.19.29:797][ 53]PIE: Error: Blueprint Runtime Error: "Accessed None trying to read property Player Ref". Blueprint:  WBP_Flashlight Function:  Get Percent 0 Graph:  GetPercent_0 Node:  Return Node
[2026.08.22-21.19.29:818][ 54]PIE: Error: Blueprint Runtime Error: "Accessed None trying to read property Player Ref". Blueprint:  WBP_Flashlight Function:  Get Percent 0 Graph:  GetPercent_0 Node:  Return Node
[2026.08.22-21.19.29:831][ 55]PIE: Error: Blueprint Runtime Error: "Accessed None trying to read property Player Ref". Blueprint:  WBP_Flashlight Function:  Get Percent 0 Graph:  GetPercent_0 Node:  Return Node
[2026.08.22-21.19.29:852][ 56]PIE: Error: Blueprint Runtime Error: "Accessed None trying to read property Player Ref". Blueprint:  WBP_Flashlight Function:  Get Percent 0 Graph:  GetPercent_0 Node:  Return Node
[2026.08.22-21.19.29:867][ 57]PIE: Error: Blueprint Runtime Error: "Accessed None trying to read property Player Ref". Blueprint:  WBP_Flashlight Function:  Get Percent 0 Graph:  GetPercent_0 Node:  Return Node
[2026.08.22-21.19.29:886][ 58]PIE: Error: Blueprint Runtime Error: "Accessed None trying to read property Player Ref". Blueprint:  WBP_Flashlight Function:  Get Percent 0 Graph:  GetPercent_0 Node:  Return Node
[2026.08.22-21.19.29:904][ 59]PIE: Error: Blueprint Runtime Error: "Accessed None trying to read property Player Ref". Blueprint:  WBP_Flashlight Function:  Get Percent 0 Graph:  GetPercent_0 Node:  Return Node
[2026.08.22-21.19.29:921][ 60]PIE: Error: Blueprint Runtime Error: "Accessed None trying to read property Player Ref". Blueprint:  WBP_Flashlight Function:  Get Percent 0 Graph:  GetPercent_0 Node:  Return Node
[2026.08.22-21.19.29:938][ 61]PIE: Error: Blueprint Runtime Error: "Accessed None trying to read property Player Ref". Blueprint:  WBP_Flashlight Function:  Get Percent 0 Graph:  GetPercent_0 Node:  Return Node
[2026.08.22-21.19.29:954][ 62]PIE: Error: Blueprint Runtime Error: "Accessed None trying to read property Player Ref". Blueprint:  WBP_Flashlight Function:  Get Percent 0 Graph:  GetPercent_0 Node:  Return Node
[2026.08.22-21.19.29:978][ 63]PIE: Error: Blueprint Runtime Error: "Accessed None trying to read property Player Ref". Blueprint:  WBP_Flashlight Function:  Get Percent 0 Graph:  GetPercent_0 Node:  Return Node
[2026.08.22-21.19.29:998][ 64]PIE: Error: Blueprint Runtime Error: "Accessed None trying to read property Player Ref". Blueprint:  WBP_Flashlight Function:  Get Percent 0 Graph:  GetPercent_0 Node:  Return Node
[2026.08.22-21.19.30:025][ 65]PIE: Error: Blueprint Runtime Error: "Accessed None trying to read property Player Ref". Blueprint:  WBP_Flashlight Function:  Get Percent 0 Graph:  GetPercent_0 Node:  Return Node
[2026.08.22-21.19.30:042][ 66]PIE: Error: Blueprint Runtime Error: "Accessed None trying to read property Player Ref". Blueprint:  WBP_Flashlight Function:  Get Percent 0 Graph:  GetPercent_0 Node:  Return Node
[2026.08.22-21.19.30:061][ 67]PIE: Error: Blueprint Runtime Error: "Accessed None trying to read property Player Ref". Blueprint:  WBP_Flashlight Function:  Get Percent 0 Graph:  GetPercent_0 Node:  Return Node
[2026.08.22-21.19.30:082][ 68]PIE: Error: Blueprint Runtime Error: "Accessed None trying to read property Player Ref". Blueprint:  WBP_Flashlight Function:  Get Percent 0 Graph:  GetPercent_0 Node:  Return Node
[2026.08.22-21.19.30:099][ 69]PIE: Error: Blueprint Runtime Error: "Accessed None trying to read property Player Ref". Blueprint:  WBP_Flashlight Function:  Get Percent 0 Graph:  GetPercent_0 Node:  Return Node
[2026.08.22-21.19.30:117][ 70]PIE: Error: Blueprint Runtime Error: "Accessed None trying to read property Player Ref". Blueprint:  WBP_Flashlight Function:  Get Percent 0 Graph:  GetPercent_0 Node:  Return Node
[2026.08.22-21.19.30:132][ 71]PIE: Error: Blueprint Runtime Error: "Accessed None trying to read property Player Ref". Blueprint:  WBP_Flashlight Function:  Get Percent 0 Graph:  GetPercent_0 Node:  Return Node
[2026.08.22-21.19.30:155][ 72]PIE: Error: Blueprint Runtime Error: "Accessed None trying to read property Player Ref". Blueprint:  WBP_Flashlight Function:  Get Percent 0 Graph:  GetPercent_0 Node:  Return Node
[2026.08.22-21.19.30:171][ 73]PIE: Error: Blueprint Runtime Error: "Accessed None trying to read property Player Ref". Blueprint:  WBP_Flashlight Function:  Get Percent 0 Graph:  GetPercent_0 Node:  Return Node
[2026.08.22-21.19.30:194][ 74]PIE: Error: Blueprint Runtime Error: "Accessed None trying to read property Player Ref". Blueprint:  WBP_Flashlight Function:  Get Percent 0 Graph:  GetPercent_0 Node:  Return Node
[2026.08.22-21.19.30:217][ 75]PIE: Error: Blueprint Runtime Error: "Accessed None trying to read property Player Ref". Blueprint:  WBP_Flashlight Function:  Get Percent 0 Graph:  GetPercent_0 Node:  Return Node
[2026.08.22-21.19.30:234][ 76]PIE: Error: Blueprint Runtime Error: "Accessed None trying to read property Player Ref". Blueprint:  WBP_Flashlight Function:  Get Percent 0 Graph:  GetPercent_0 Node:  Return Node
[2026.08.22-21.19.30:251][ 77]PIE: Error: Blueprint Runtime Error: "Accessed None trying to read property Player Ref". Blueprint:  WBP_Flashlight Function:  Get Percent 0 Graph:  GetPercent_0 Node:  Return Node
[2026.08.22-21.19.30:276][ 78]PIE: Error: Blueprint Runtime Error: "Accessed None trying to read property Player Ref". Blueprint:  WBP_Flashlight Function:  Get Percent 0 Graph:  GetPercent_0 Node:  Return Node
[2026.08.22-21.19.30:290][ 79]PIE: Error: Blueprint Runtime Error: "Accessed None trying to read property Player Ref". Blueprint:  WBP_Flashlight Function:  Get Percent 0 Graph:  GetPercent_0 Node:  Return Node
[2026.08.22-21.19.30:307][ 80]PIE: Error: Blueprint Runtime Error: "Accessed None trying to read property Player Ref". Blueprint:  WBP_Flashlight Function:  Get Percent 0 Graph:  GetPercent_0 Node:  Return Node
[2026.08.22-21.19.30:325][ 81]PIE: Error: Blueprint Runtime Error: "Accessed None trying to read property Player Ref". Blueprint:  WBP_Flashlight Function:  Get Percent 0 Graph:  GetPercent_0 Node:  Return Node
[2026.08.22-21.19.30:341][ 82]PIE: Error: Blueprint Runtime Error: "Accessed None trying to read property Player Ref". Blueprint:  WBP_Flashlight Function:  Get Percent 0 Graph:  GetPercent_0 Node:  Return Node
[2026.08.22-21.19.30:360][ 83]PIE: Error: Blueprint Runtime Error: "Accessed None trying to read property Player Ref". Blueprint:  WBP_Flashlight Function:  Get Percent 0 Graph:  GetPercent_0 Node:  Return Node
[2026.08.22-21.19.30:375][ 84]PIE: Error: Blueprint Runtime Error: "Accessed None trying to read property Player Ref". Blueprint:  WBP_Flashlight Function:  Get Percent 0 Graph:  GetPercent_0 Node:  Return Node
[2026.08.22-21.19.30:391][ 85]PIE: Error: Blueprint Runtime Error: "Accessed None trying to read property Player Ref". Blueprint:  WBP_Flashlight Function:  Get Percent 0 Graph:  GetPercent_0 Node:  Return Node
[2026.08.22-21.19.30:411][ 86]PIE: Error: Blueprint Runtime Error: "Accessed None trying to read property Player Ref". Blueprint:  WBP_Flashlight Function:  Get Percent 0 Graph:  GetPercent_0 Node:  Return Node
[2026.08.22-21.19.30:429][ 87]PIE: Error: Blueprint Runtime Error: "Accessed None trying to read property Player Ref". Blueprint:  WBP_Flashlight Function:  Get Percent 0 Graph:  GetPercent_0 Node:  Return Node
[2026.08.22-21.19.30:442][ 88]PIE: Error: Blueprint Runtime Error: "Accessed None trying to read property Player Ref". Blueprint:  WBP_Flashlight Function:  Get Percent 0 Graph:  GetPercent_0 Node:  Return Node
[2026.08.22-21.19.30:462][ 89]PIE: Error: Blueprint Runtime Error: "Accessed None trying to read property Player Ref". Blueprint:  WBP_Flashlight Function:  Get Percent 0 Graph:  GetPercent_0 Node:  Return Node
[2026.08.22-21.19.30:481][ 90]PIE: Error: Blueprint Runtime Error: "Accessed None trying to read property Player Ref". Blueprint:  WBP_Flashlight Function:  Get Percent 0 Graph:  GetPercent_0 Node:  Return Node
[2026.08.22-21.19.30:499][ 91]PIE: Error: Blueprint Runtime Error: "Accessed None trying to read property Player Ref". Blueprint:  WBP_Flashlight Function:  Get Percent 0 Graph:  GetPercent_0 Node:  Return Node
[2026.08.22-21.19.30:516][ 92]PIE: Error: Blueprint Runtime Error: "Accessed None trying to read property Player Ref". Blueprint:  WBP_Flashlight Function:  Get Percent 0 Graph:  GetPercent_0 Node:  Return Node
[2026.08.22-21.19.30:535][ 93]PIE: Error: Blueprint Runtime Error: "Accessed None trying to read property Player Ref". Blueprint:  WBP_Flashlight Function:  Get Percent 0 Graph:  GetPercent_0 Node:  Return Node
[2026.08.22-21.19.30:553][ 94]PIE: Error: Blueprint Runtime Error: "Accessed None trying to read property Player Ref". Blueprint:  WBP_Flashlight Function:  Get Percent 0 Graph:  GetPercent_0 Node:  Return Node
[2026.08.22-21.19.30:568][ 95]PIE: Error: Blueprint Runtime Error: "Accessed None trying to read property Player Ref". Blueprint:  WBP_Flashlight Function:  Get Percent 0 Graph:  GetPercent_0 Node:  Return Node
[2026.08.22-21.19.30:586][ 96]PIE: Error: Blueprint Runtime Error: "Accessed None trying to read property Player Ref". Blueprint:  WBP_Flashlight Function:  Get Percent 0 Graph:  GetPercent_0 Node:  Return Node
[2026.08.22-21.19.30:604][ 97]PIE: Error: Blueprint Runtime Error: "Accessed None trying to read property Player Ref". Blueprint:  WBP_Flashlight Function:  Get Percent 0 Graph:  GetPercent_0 Node:  Return Node
[2026.08.22-21.19.30:618][ 98]PIE: Error: Blueprint Runtime Error: "Accessed None trying to read property Player Ref". Blueprint:  WBP_Flashlight Function:  Get Percent 0 Graph:  GetPercent_0 Node:  Return Node
[2026.08.22-21.19.30:638][ 99]PIE: Error: Blueprint Runtime Error: "Accessed None trying to read property Player Ref". Blueprint:  WBP_Flashlight Function:  Get Percent 0 Graph:  GetPercent_0 Node:  Return Node
[2026.08.22-21.19.30:652][100]PIE: Error: Blueprint Runtime Error: "Accessed None trying to read property Player Ref". Blueprint:  WBP_Flashlight Function:  Get Percent 0 Graph:  GetPercent_0 Node:  Return Node
[2026.08.22-21.19.30:669][101]PIE: Error: Blueprint Runtime Error: "Accessed None trying to read property Player Ref". Blueprint:  WBP_Flashlight Function:  Get Percent 0 Graph:  GetPercent_0 Node:  Return Node
[2026.08.22-21.19.30:687][102]PIE: Error: Blueprint Runtime Error: "Accessed None trying to read property Player Ref". Blueprint:  WBP_Flashlight Function:  Get Percent 0 Graph:  GetPercent_0 Node:  Return Node
[2026.08.22-21.19.30:703][103]PIE: Error: Blueprint Runtime Error: "Accessed None trying to read property Player Ref". Blueprint:  WBP_Flashlight Function:  Get Percent 0 Graph:  GetPercent_0 Node:  Return Node
[2026.08.22-21.19.30:719][104]PIE: Error: Blueprint Runtime Error: "Accessed None trying to read property Player Ref". Blueprint:  WBP_Flashlight Function:  Get Percent 0 Graph:  GetPercent_0 Node:  Return Node
[2026.08.22-21.19.30:737][105]PIE: Error: Blueprint Runtime Error: "Accessed None trying to read property Player Ref". Blueprint:  WBP_Flashlight Function:  Get Percent 0 Graph:  GetPercent_0 Node:  Return Node
[2026.08.22-21.19.30:753][106]PIE: Error: Blueprint Runtime Error: "Accessed None trying to read property Player Ref". Blueprint:  WBP_Flashlight Function:  Get Percent 0 Graph:  GetPercent_0 Node:  Return Node
[2026.08.22-21.19.30:770][107]PIE: Error: Blueprint Runtime Error: "Accessed None trying to read property Player Ref". Blueprint:  WBP_Flashlight Function:  Get Percent 0 Graph:  GetPercent_0 Node:  Return Node
[2026.08.22-21.19.30:787][108]PIE: Error: Blueprint Runtime Error: "Accessed None trying to read property Player Ref". Blueprint:  WBP_Flashlight Function:  Get Percent 0 Graph:  GetPercent_0 Node:  Return Node
[2026.08.22-21.19.30:805][109]PIE: Error: Blueprint Runtime Error: "Accessed None trying to read property Player Ref". Blueprint:  WBP_Flashlight Function:  Get Percent 0 Graph:  GetPercent_0 Node:  Return Node
[2026.08.22-21.19.30:824][110]PIE: Error: Blueprint Runtime Error: "Accessed None trying to read property Player Ref". Blueprint:  WBP_Flashlight Function:  Get Percent 0 Graph:  GetPercent_0 Node:  Return Node
[2026.08.22-21.19.30:841][111]PIE: Error: Blueprint Runtime Error: "Accessed None trying to read property Player Ref". Blueprint:  WBP_Flashlight Function:  Get Percent 0 Graph:  GetPercent_0 Node:  Return Node
[2026.08.22-21.19.30:856][112]PIE: Error: Blueprint Runtime Error: "Accessed None trying to read property Player Ref". Blueprint:  WBP_Flashlight Function:  Get Percent 0 Graph:  GetPercent_0 Node:  Return Node
[2026.08.22-21.19.30:878][113]PIE: Error: Blueprint Runtime Error: "Accessed None trying to read property Player Ref". Blueprint:  WBP_Flashlight Function:  Get Percent 0 Graph:  GetPercent_0 Node:  Return Node
[2026.08.22-21.19.30:900][114]PIE: Error: Blueprint Runtime Error: "Accessed None trying to read property Player Ref". Blueprint:  WBP_Flashlight Function:  Get Percent 0 Graph:  GetPercent_0 Node:  Return Node
[2026.08.22-21.19.30:934][115]PIE: Error: Blueprint Runtime Error: "Accessed None trying to read property Player Ref". Blueprint:  WBP_Flashlight Function:  Get Percent 0 Graph:  GetPercent_0 Node:  Return Node
[2026.08.22-21.19.30:952][116]PIE: Error: Blueprint Runtime Error: "Accessed None trying to read property Player Ref". Blueprint:  WBP_Flashlight Function:  Get Percent 0 Graph:  GetPercent_0 Node:  Return Node
[2026.08.22-21.19.30:971][117]PIE: Error: Blueprint Runtime Error: "Accessed None trying to read property Player Ref". Blueprint:  WBP_Flashlight Function:  Get Percent 0 Graph:  GetPercent_0 Node:  Return Node
[2026.08.22-21.19.30:988][118]PIE: Error: Blueprint Runtime Error: "Accessed None trying to read property Player Ref". Blueprint:  WBP_Flashlight Function:  Get Percent 0 Graph:  GetPercent_0 Node:  Return Node
[2026.08.22-21.19.31:004][119]PIE: Error: Blueprint Runtime Error: "Accessed None trying to read property Player Ref". Blueprint:  WBP_Flashlight Function:  Get Percent 0 Graph:  GetPercent_0 Node:  Return Node
[2026.08.22-21.19.31:024][120]PIE: Error: Blueprint Runtime Error: "Accessed None trying to read property Player Ref". Blueprint:  WBP_Flashlight Function:  Get Percent 0 Graph:  GetPercent_0 Node:  Return Node
[2026.08.22-21.19.31:039][121]PIE: Error: Blueprint Runtime Error: "Accessed None trying to read property Player Ref". Blueprint:  WBP_Flashlight Function:  Get Percent 0 Graph:  GetPercent_0 Node:  Return Node
[2026.08.22-21.19.31:056][122]PIE: Error: Blueprint Runtime Error: "Accessed None trying to read property Player Ref". Blueprint:  WBP_Flashlight Function:  Get Percent 0 Graph:  GetPercent_0 Node:  Return Node
[2026.08.22-21.19.31:071][123]PIE: Error: Blueprint Runtime Error: "Accessed None trying to read property Player Ref". Blueprint:  WBP_Flashlight Function:  Get Percent 0 Graph:  GetPercent_0 Node:  Return Node
[2026.08.22-21.19.31:087][124]PIE: Error: Blueprint Runtime Error: "Accessed None trying to read property Player Ref". Blueprint:  WBP_Flashlight Function:  Get Percent 0 Graph:  GetPercent_0 Node:  Return Node
[2026.08.22-21.19.31:104][125]PIE: Error: Blueprint Runtime Error: "Accessed None trying to read property Player Ref". Blueprint:  WBP_Flashlight Function:  Get Percent 0 Graph:  GetPercent_0 Node:  Return Node
[2026.08.22-21.19.31:123][126]PIE: Error: Blueprint Runtime Error: "Accessed None trying to read property Player Ref". Blueprint:  WBP_Flashlight Function:  Get Percent 0 Graph:  GetPercent_0 Node:  Return Node
[2026.08.22-21.19.31:141][127]PIE: Error: Blueprint Runtime Error: "Accessed None trying to read property Player Ref". Blueprint:  WBP_Flashlight Function:  Get Percent 0 Graph:  GetPercent_0 Node:  Return Node
[2026.08.22-21.19.31:155][128]PIE: Error: Blueprint Runtime Error: "Accessed None trying to read property Player Ref". Blueprint:  WBP_Flashlight Function:  Get Percent 0 Graph:  GetPercent_0 Node:  Return Node
[2026.08.22-21.19.31:175][129]PIE: Error: Blueprint Runtime Error: "Accessed None trying to read property Player Ref". Blueprint:  WBP_Flashlight Function:  Get Percent 0 Graph:  GetPercent_0 Node:  Return Node
[2026.08.22-21.19.31:190][130]PIE: Error: Blueprint Runtime Error: "Accessed None trying to read property Player Ref". Blueprint:  WBP_Flashlight Function:  Get Percent 0 Graph:  GetPercent_0 Node:  Return Node
[2026.08.22-21.19.31:209][131]PIE: Error: Blueprint Runtime Error: "Accessed None trying to read property Player Ref". Blueprint:  WBP_Flashlight Function:  Get Percent 0 Graph:  GetPercent_0 Node:  Return Node
[2026.08.22-21.19.31:224][132]PIE: Error: Blueprint Runtime Error: "Accessed None trying to read property Player Ref". Blueprint:  WBP_Flashlight Function:  Get Percent 0 Graph:  GetPercent_0 Node:  Return Node
[2026.08.22-21.19.31:242][133]PIE: Error: Blueprint Runtime Error: "Accessed None trying to read property Player Ref". Blueprint:  WBP_Flashlight Function:  Get Percent 0 Graph:  GetPercent_0 Node:  Return Node
[2026.08.22-21.19.31:261][134]PIE: Error: Blueprint Runtime Error: "Accessed None trying to read property Player Ref". Blueprint:  WBP_Flashlight Function:  Get Percent 0 Graph:  GetPercent_0 Node:  Return Node
[2026.08.22-21.19.31:279][135]PIE: Error: Blueprint Runtime Error: "Accessed None trying to read property Player Ref". Blueprint:  WBP_Flashlight Function:  Get Percent 0 Graph:  GetPercent_0 Node:  Return Node
[2026.08.22-21.19.31:296][136]PIE: Error: Blueprint Runtime Error: "Accessed None trying to read property Player Ref". Blueprint:  WBP_Flashlight Function:  Get Percent 0 Graph:  GetPercent_0 Node:  Return Node
[2026.08.22-21.19.31:313][137]PIE: Error: Blueprint Runtime Error: "Accessed None trying to read property Player Ref". Blueprint:  WBP_Flashlight Function:  Get Percent 0 Graph:  GetPercent_0 Node:  Return Node
[2026.08.22-21.19.31:329][138]PIE: Error: Blueprint Runtime Error: "Accessed None trying to read property Player Ref". Blueprint:  WBP_Flashlight Function:  Get Percent 0 Graph:  GetPercent_0 Node:  Return Node
[2026.08.22-21.19.31:347][139]PIE: Error: Blueprint Runtime Error: "Accessed None trying to read property Player Ref". Blueprint:  WBP_Flashlight Function:  Get Percent 0 Graph:  GetPercent_0 Node:  Return Node
[2026.08.22-21.19.31:362][140]PIE: Error: Blueprint Runtime Error: "Accessed None trying to read property Player Ref". Blueprint:  WBP_Flashlight Function:  Get Percent 0 Graph:  GetPercent_0 Node:  Return Node
[2026.08.22-21.19.31:381][141]PIE: Error: Blueprint Runtime Error: "Accessed None trying to read property Player Ref". Blueprint:  WBP_Flashlight Function:  Get Percent 0 Graph:  GetPercent_0 Node:  Return Node
[2026.08.22-21.19.31:398][142]PIE: Error: Blueprint Runtime Error: "Accessed None trying to read property Player Ref". Blueprint:  WBP_Flashlight Function:  Get Percent 0 Graph:  GetPercent_0 Node:  Return Node
[2026.08.22-21.19.31:415][143]PIE: Error: Blueprint Runtime Error: "Accessed None trying to read property Player Ref". Blueprint:  WBP_Flashlight Function:  Get Percent 0 Graph:  GetPercent_0 Node:  Return Node
[2026.08.22-21.19.31:431][144]PIE: Error: Blueprint Runtime Error: "Accessed None trying to read property Player Ref". Blueprint:  WBP_Flashlight Function:  Get Percent 0 Graph:  GetPercent_0 Node:  Return Node
[2026.08.22-21.19.31:449][145]PIE: Error: Blueprint Runtime Error: "Accessed None trying to read property Player Ref". Blueprint:  WBP_Flashlight Function:  Get Percent 0 Graph:  GetPercent_0 Node:  Return Node
[2026.08.22-21.19.31:463][146]PIE: Error: Blueprint Runtime Error: "Accessed None trying to read property Player Ref". Blueprint:  WBP_Flashlight Function:  Get Percent 0 Graph:  GetPercent_0 Node:  Return Node
[2026.08.22-21.19.31:481][147]PIE: Error: Blueprint Runtime Error: "Accessed None trying to read property Player Ref". Blueprint:  WBP_Flashlight Function:  Get Percent 0 Graph:  GetPercent_0 Node:  Return Node
[2026.08.22-21.19.31:497][148]PIE: Error: Blueprint Runtime Error: "Accessed None trying to read property Player Ref". Blueprint:  WBP_Flashlight Function:  Get Percent 0 Graph:  GetPercent_0 Node:  Return Node
[2026.08.22-21.19.31:515][149]PIE: Error: Blueprint Runtime Error: "Accessed None trying to read property Player Ref". Blueprint:  WBP_Flashlight Function:  Get Percent 0 Graph:  GetPercent_0 Node:  Return Node
[2026.08.22-21.19.31:532][150]PIE: Error: Blueprint Runtime Error: "Accessed None trying to read property Player Ref". Blueprint:  WBP_Flashlight Function:  Get Percent 0 Graph:  GetPercent_0 Node:  Return Node
[2026.08.22-21.19.31:550][151]PIE: Error: Blueprint Runtime Error: "Accessed None trying to read property Player Ref". Blueprint:  WBP_Flashlight Function:  Get Percent 0 Graph:  GetPercent_0 Node:  Return Node
[2026.08.22-21.19.31:567][152]PIE: Error: Blueprint Runtime Error: "Accessed None trying to read property Player Ref". Blueprint:  WBP_Flashlight Function:  Get Percent 0 Graph:  GetPercent_0 Node:  Return Node
[2026.08.22-21.19.31:584][153]PIE: Error: Blueprint Runtime Error: "Accessed None trying to read property Player Ref". Blueprint:  WBP_Flashlight Function:  Get Percent 0 Graph:  GetPercent_0 Node:  Return Node
[2026.08.22-21.19.31:602][154]PIE: Error: Blueprint Runtime Error: "Accessed None trying to read property Player Ref". Blueprint:  WBP_Flashlight Function:  Get Percent 0 Graph:  GetPercent_0 Node:  Return Node
[2026.08.22-21.19.31:619][155]PIE: Error: Blueprint Runtime Error: "Accessed None trying to read property Player Ref". Blueprint:  WBP_Flashlight Function:  Get Percent 0 Graph:  GetPercent_0 Node:  Return Node
[2026.08.22-21.19.31:633][156]PIE: Error: Blueprint Runtime Error: "Accessed None trying to read property Player Ref". Blueprint:  WBP_Flashlight Function:  Get Percent 0 Graph:  GetPercent_0 Node:  Return Node
[2026.08.22-21.19.31:656][157]PIE: Error: Blueprint Runtime Error: "Accessed None trying to read property Player Ref". Blueprint:  WBP_Flashlight Function:  Get Percent 0 Graph:  GetPercent_0 Node:  Return Node
[2026.08.22-21.19.31:670][158]PIE: Error: Blueprint Runtime Error: "Accessed None trying to read property Player Ref". Blueprint:  WBP_Flashlight Function:  Get Percent 0 Graph:  GetPercent_0 Node:  Return Node
[2026.08.22-21.19.31:688][159]PIE: Error: Blueprint Runtime Error: "Accessed None trying to read property Player Ref". Blueprint:  WBP_Flashlight Function:  Get Percent 0 Graph:  GetPercent_0 Node:  Return Node
[2026.08.22-21.19.31:704][160]PIE: Error: Blueprint Runtime Error: "Accessed None trying to read property Player Ref". Blueprint:  WBP_Flashlight Function:  Get Percent 0 Graph:  GetPercent_0 Node:  Return Node
[2026.08.22-21.19.31:721][161]PIE: Error: Blueprint Runtime Error: "Accessed None trying to read property Player Ref". Blueprint:  WBP_Flashlight Function:  Get Percent 0 Graph:  GetPercent_0 Node:  Return Node
[2026.08.22-21.19.31:738][162]PIE: Error: Blueprint Runtime Error: "Accessed None trying to read property Player Ref". Blueprint:  WBP_Flashlight Function:  Get Percent 0 Graph:  GetPercent_0 Node:  Return Node
[2026.08.22-21.19.31:756][163]PIE: Error: Blueprint Runtime Error: "Accessed None trying to read property Player Ref". Blueprint:  WBP_Flashlight Function:  Get Percent 0 Graph:  GetPercent_0 Node:  Return Node
[2026.08.22-21.19.31:774][164]PIE: Error: Blueprint Runtime Error: "Accessed None trying to read property Player Ref". Blueprint:  WBP_Flashlight Function:  Get Percent 0 Graph:  GetPercent_0 Node:  Return Node
[2026.08.22-21.19.31:796][165]PIE: Error: Blueprint Runtime Error: "Accessed None trying to read property Player Ref". Blueprint:  WBP_Flashlight Function:  Get Percent 0 Graph:  GetPercent_0 Node:  Return Node
[2026.08.22-21.19.31:810][166]PIE: Error: Blueprint Runtime Error: "Accessed None trying to read property Player Ref". Blueprint:  WBP_Flashlight Function:  Get Percent 0 Graph:  GetPercent_0 Node:  Return Node
[2026.08.22-21.19.31:831][167]PIE: Error: Blueprint Runtime Error: "Accessed None trying to read property Player Ref". Blueprint:  WBP_Flashlight Function:  Get Percent 0 Graph:  GetPercent_0 Node:  Return Node
[2026.08.22-21.19.31:851][168]PIE: Error: Blueprint Runtime Error: "Accessed None trying to read property Player Ref". Blueprint:  WBP_Flashlight Function:  Get Percent 0 Graph:  GetPercent_0 Node:  Return Node
[2026.08.22-21.19.31:869][169]PIE: Error: Blueprint Runtime Error: "Accessed None trying to read property Player Ref". Blueprint:  WBP_Flashlight Function:  Get Percent 0 Graph:  GetPercent_0 Node:  Return Node
[2026.08.22-21.19.31:886][170]PIE: Error: Blueprint Runtime Error: "Accessed None trying to read property Player Ref". Blueprint:  WBP_Flashlight Function:  Get Percent 0 Graph:  GetPercent_0 Node:  Return Node
[2026.08.22-21.19.31:903][171]PIE: Error: Blueprint Runtime Error: "Accessed None trying to read property Player Ref". Blueprint:  WBP_Flashlight Function:  Get Percent 0 Graph:  GetPercent_0 Node:  Return Node
[2026.08.22-21.19.31:920][172]PIE: Error: Blueprint Runtime Error: "Accessed None trying to read property Player Ref". Blueprint:  WBP_Flashlight Function:  Get Percent 0 Graph:  GetPercent_0 Node:  Return Node
[2026.08.22-21.19.31:937][173]PIE: Error: Blueprint Runtime Error: "Accessed None trying to read property Player Ref". Blueprint:  WBP_Flashlight Function:  Get Percent 0 Graph:  GetPercent_0 Node:  Return Node
[2026.08.22-21.19.31:955][174]PIE: Error: Blueprint Runtime Error: "Accessed None trying to read property Player Ref". Blueprint:  WBP_Flashlight Function:  Get Percent 0 Graph:  GetPercent_0 Node:  Return Node
[2026.08.22-21.19.31:971][175]PIE: Error: Blueprint Runtime Error: "Accessed None trying to read property Player Ref". Blueprint:  WBP_Flashlight Function:  Get Percent 0 Graph:  GetPercent_0 Node:  Return Node
[2026.08.22-21.19.31:991][176]PIE: Error: Blueprint Runtime Error: "Accessed None trying to read property Player Ref". Blueprint:  WBP_Flashlight Function:  Get Percent 0 Graph:  GetPercent_0 Node:  Return Node
[2026.08.22-21.19.32:011][177]PIE: Error: Blueprint Runtime Error: "Accessed None trying to read property Player Ref". Blueprint:  WBP_Flashlight Function:  Get Percent 0 Graph:  GetPercent_0 Node:  Return Node
[2026.08.22-21.19.32:024][178]PIE: Error: Blueprint Runtime Error: "Accessed None trying to read property Player Ref". Blueprint:  WBP_Flashlight Function:  Get Percent 0 Graph:  GetPercent_0 Node:  Return Node
[2026.08.22-21.19.32:046][179]PIE: Error: Blueprint Runtime Error: "Accessed None trying to read property Player Ref". Blueprint:  WBP_Flashlight Function:  Get Percent 0 Graph:  GetPercent_0 Node:  Return Node
[2026.08.22-21.19.32:065][180]PIE: Error: Blueprint Runtime Error: "Accessed None trying to read property Player Ref". Blueprint:  WBP_Flashlight Function:  Get Percent 0 Graph:  GetPercent_0 Node:  Return Node
[2026.08.22-21.19.32:087][181]PIE: Error: Blueprint Runtime Error: "Accessed None trying to read property Player Ref". Blueprint:  WBP_Flashlight Function:  Get Percent 0 Graph:  GetPercent_0 Node:  Return Node
[2026.08.22-21.19.32:109][182]PIE: Error: Blueprint Runtime Error: "Accessed None trying to read property Player Ref". Blueprint:  WBP_Flashlight Function:  Get Percent 0 Graph:  GetPercent_0 Node:  Return Node
[2026.08.22-21.19.32:123][183]PIE: Error: Blueprint Runtime Error: "Accessed None trying to read property Player Ref". Blueprint:  WBP_Flashlight Function:  Get Percent 0 Graph:  GetPercent_0 Node:  Return Node
[2026.08.22-21.19.32:141][184]PIE: Error: Blueprint Runtime Error: "Accessed None trying to read property Player Ref". Blueprint:  WBP_Flashlight Function:  Get Percent 0 Graph:  GetPercent_0 Node:  Return Node
[2026.08.22-21.19.32:157][185]PIE: Error: Blueprint Runtime Error: "Accessed None trying to read property Player Ref". Blueprint:  WBP_Flashlight Function:  Get Percent 0 Graph:  GetPercent_0 Node:  Return Node
[2026.08.22-21.19.32:175][186]PIE: Error: Blueprint Runtime Error: "Accessed None trying to read property Player Ref". Blueprint:  WBP_Flashlight Function:  Get Percent 0 Graph:  GetPercent_0 Node:  Return Node
[2026.08.22-21.19.32:191][187]PIE: Error: Blueprint Runtime Error: "Accessed None trying to read property Player Ref". Blueprint:  WBP_Flashlight Function:  Get Percent 0 Graph:  GetPercent_0 Node:  Return Node
[2026.08.22-21.19.32:208][188]PIE: Error: Blueprint Runtime Error: "Accessed None trying to read property Player Ref". Blueprint:  WBP_Flashlight Function:  Get Percent 0 Graph:  GetPercent_0 Node:  Return Node
[2026.08.22-21.19.32:223][189]PIE: Error: Blueprint Runtime Error: "Accessed None trying to read property Player Ref". Blueprint:  WBP_Flashlight Function:  Get Percent 0 Graph:  GetPercent_0 Node:  Return Node
[2026.08.22-21.19.32:241][190]PIE: Error: Blueprint Runtime Error: "Accessed None trying to read property Player Ref". Blueprint:  WBP_Flashlight Function:  Get Percent 0 Graph:  GetPercent_0 Node:  Return Node
[2026.08.22-21.19.32:257][191]PIE: Error: Blueprint Runtime Error: "Accessed None trying to read property Player Ref". Blueprint:  WBP_Flashlight Function:  Get Percent 0 Graph:  GetPercent_0 Node:  Return Node
[2026.08.22-21.19.32:274][192]PIE: Error: Blueprint Runtime Error: "Accessed None trying to read property Player Ref". Blueprint:  WBP_Flashlight Function:  Get Percent 0 Graph:  GetPercent_0 Node:  Return Node
[2026.08.22-21.19.32:291][193]PIE: Error: Blueprint Runtime Error: "Accessed None trying to read property Player Ref". Blueprint:  WBP_Flashlight Function:  Get Percent 0 Graph:  GetPercent_0 Node:  Return Node
[2026.08.22-21.19.32:308][194]PIE: Error: Blueprint Runtime Error: "Accessed None trying to read property Player Ref". Blueprint:  WBP_Flashlight Function:  Get Percent 0 Graph:  GetPercent_0 Node:  Return Node
[2026.08.22-21.19.32:329][195]PIE: Error: Blueprint Runtime Error: "Accessed None trying to read property Player Ref". Blueprint:  WBP_Flashlight Function:  Get Percent 0 Graph:  GetPercent_0 Node:  Return Node
[2026.08.22-21.19.32:344][196]PIE: Error: Blueprint Runtime Error: "Accessed None trying to read property Player Ref". Blueprint:  WBP_Flashlight Function:  Get Percent 0 Graph:  GetPercent_0 Node:  Return Node
[2026.08.22-21.19.32:358][197]PIE: Error: Blueprint Runtime Error: "Accessed None trying to read property Player Ref". Blueprint:  WBP_Flashlight Function:  Get Percent 0 Graph:  GetPercent_0 Node:  Return Node
[2026.08.22-21.19.32:378][198]PIE: Error: Blueprint Runtime Error: "Accessed None trying to read property Player Ref". Blueprint:  WBP_Flashlight Function:  Get Percent 0 Graph:  GetPercent_0 Node:  Return Node
[2026.08.22-21.19.32:394][199]PIE: Error: Blueprint Runtime Error: "Accessed None trying to read property Player Ref". Blueprint:  WBP_Flashlight Function:  Get Percent 0 Graph:  GetPercent_0 Node:  Return Node
[2026.08.22-21.19.32:413][200]PIE: Error: Blueprint Runtime Error: "Accessed None trying to read property Player Ref". Blueprint:  WBP_Flashlight Function:  Get Percent 0 Graph:  GetPercent_0 Node:  Return Node
[2026.08.22-21.19.32:429][201]PIE: Error: Blueprint Runtime Error: "Accessed None trying to read property Player Ref". Blueprint:  WBP_Flashlight Function:  Get Percent 0 Graph:  GetPercent_0 Node:  Return Node
[2026.08.22-21.19.32:446][202]PIE: Error: Blueprint Runtime Error: "Accessed None trying to read property Player Ref". Blueprint:  WBP_Flashlight Function:  Get Percent 0 Graph:  GetPercent_0 Node:  Return Node
[2026.08.22-21.19.32:461][203]PIE: Error: Blueprint Runtime Error: "Accessed None trying to read property Player Ref". Blueprint:  WBP_Flashlight Function:  Get Percent 0 Graph:  GetPercent_0 Node:  Return Node
[2026.08.22-21.19.32:478][204]PIE: Error: Blueprint Runtime Error: "Accessed None trying to read property Player Ref". Blueprint:  WBP_Flashlight Function:  Get Percent 0 Graph:  GetPercent_0 Node:  Return Node
[2026.08.22-21.19.32:496][205]PIE: Error: Blueprint Runtime Error: "Accessed None trying to read property Player Ref". Blueprint:  WBP_Flashlight Function:  Get Percent 0 Graph:  GetPercent_0 Node:  Return Node
[2026.08.22-21.19.32:513][206]PIE: Error: Blueprint Runtime Error: "Accessed None trying to read property Player Ref". Blueprint:  WBP_Flashlight Function:  Get Percent 0 Graph:  GetPercent_0 Node:  Return Node
[2026.08.22-21.19.32:532][207]PIE: Error: Blueprint Runtime Error: "Accessed None trying to read property Player Ref". Blueprint:  WBP_Flashlight Function:  Get Percent 0 Graph:  GetPercent_0 Node:  Return Node
[2026.08.22-21.19.32:546][208]PIE: Error: Blueprint Runtime Error: "Accessed None trying to read property Player Ref". Blueprint:  WBP_Flashlight Function:  Get Percent 0 Graph:  GetPercent_0 Node:  Return Node
[2026.08.22-21.19.32:565][209]PIE: Error: Blueprint Runtime Error: "Accessed None trying to read property Player Ref". Blueprint:  WBP_Flashlight Function:  Get Percent 0 Graph:  GetPercent_0 Node:  Return Node
[2026.08.22-21.19.32:578][210]PIE: Error: Blueprint Runtime Error: "Accessed None trying to read property Player Ref". Blueprint:  WBP_Flashlight Function:  Get Percent 0 Graph:  GetPercent_0 Node:  Return Node
[2026.08.22-21.19.32:596][211]PIE: Error: Blueprint Runtime Error: "Accessed None trying to read property Player Ref". Blueprint:  WBP_Flashlight Function:  Get Percent 0 Graph:  GetPercent_0 Node:  Return Node
[2026.08.22-21.19.32:611][212]PIE: Error: Blueprint Runtime Error: "Accessed None trying to read property Player Ref". Blueprint:  WBP_Flashlight Function:  Get Percent 0 Graph:  GetPercent_0 Node:  Return Node
[2026.08.22-21.19.32:630][213]PIE: Error: Blueprint Runtime Error: "Accessed None trying to read property Player Ref". Blueprint:  WBP_Flashlight Function:  Get Percent 0 Graph:  GetPercent_0 Node:  Return Node
[2026.08.22-21.19.32:648][214]PIE: Error: Blueprint Runtime Error: "Accessed None trying to read property Player Ref". Blueprint:  WBP_Flashlight Function:  Get Percent 0 Graph:  GetPercent_0 Node:  Return Node
[2026.08.22-21.19.32:662][215]PIE: Error: Blueprint Runtime Error: "Accessed None trying to read property Player Ref". Blueprint:  WBP_Flashlight Function:  Get Percent 0 Graph:  GetPercent_0 Node:  Return Node
[2026.08.22-21.19.32:676][216]PIE: Error: Blueprint Runtime Error: "Accessed None trying to read property Player Ref". Blueprint:  WBP_Flashlight Function:  Get Percent 0 Graph:  GetPercent_0 Node:  Return Node
[2026.08.22-21.19.32:693][217]PIE: Error: Blueprint Runtime Error: "Accessed None trying to read property Player Ref". Blueprint:  WBP_Flashlight Function:  Get Percent 0 Graph:  GetPercent_0 Node:  Return Node
[2026.08.22-21.19.32:709][218]PIE: Error: Blueprint Runtime Error: "Accessed None trying to read property Player Ref". Blueprint:  WBP_Flashlight Function:  Get Percent 0 Graph:  GetPercent_0 Node:  Return Node
[2026.08.22-21.19.32:728][219]PIE: Error: Blueprint Runtime Error: "Accessed None trying to read property Player Ref". Blueprint:  WBP_Flashlight Function:  Get Percent 0 Graph:  GetPercent_0 Node:  Return Node
[2026.08.22-21.19.32:747][220]PIE: Error: Blueprint Runtime Error: "Accessed None trying to read property Player Ref". Blueprint:  WBP_Flashlight Function:  Get Percent 0 Graph:  GetPercent_0 Node:  Return Node
[2026.08.22-21.19.32:770][221]PIE: Error: Blueprint Runtime Error: "Accessed None trying to read property Player Ref". Blueprint:  WBP_Flashlight Function:  Get Percent 0 Graph:  GetPercent_0 Node:  Return Node
[2026.08.22-21.19.32:787][222]PIE: Error: Blueprint Runtime Error: "Accessed None trying to read property Player Ref". Blueprint:  WBP_Flashlight Function:  Get Percent 0 Graph:  GetPercent_0 Node:  Return Node
[2026.08.22-21.19.32:803][223]PIE: Error: Blueprint Runtime Error: "Accessed None trying to read property Player Ref". Blueprint:  WBP_Flashlight Function:  Get Percent 0 Graph:  GetPercent_0 Node:  Return Node
[2026.08.22-21.19.32:820][224]PIE: Error: Blueprint Runtime Error: "Accessed None trying to read property Player Ref". Blueprint:  WBP_Flashlight Function:  Get Percent 0 Graph:  GetPercent_0 Node:  Return Node
[2026.08.22-21.19.32:840][225]PIE: Error: Blueprint Runtime Error: "Accessed None trying to read property Player Ref". Blueprint:  WBP_Flashlight Function:  Get Percent 0 Graph:  GetPercent_0 Node:  Return Node
[2026.08.22-21.19.32:858][226]PIE: Error: Blueprint Runtime Error: "Accessed None trying to read property Player Ref". Blueprint:  WBP_Flashlight Function:  Get Percent 0 Graph:  GetPercent_0 Node:  Return Node
[2026.08.22-21.19.32:876][227]PIE: Error: Blueprint Runtime Error: "Accessed None trying to read property Player Ref". Blueprint:  WBP_Flashlight Function:  Get Percent 0 Graph:  GetPercent_0 Node:  Return Node
[2026.08.22-21.19.32:893][228]PIE: Error: Blueprint Runtime Error: "Accessed None trying to read property Player Ref". Blueprint:  WBP_Flashlight Function:  Get Percent 0 Graph:  GetPercent_0 Node:  Return Node
[2026.08.22-21.19.32:909][229]PIE: Error: Blueprint Runtime Error: "Accessed None trying to read property Player Ref". Blueprint:  WBP_Flashlight Function:  Get Percent 0 Graph:  GetPercent_0 Node:  Return Node
[2026.08.22-21.19.32:931][230]PIE: Error: Blueprint Runtime Error: "Accessed None trying to read property Player Ref". Blueprint:  WBP_Flashlight Function:  Get Percent 0 Graph:  GetPercent_0 Node:  Return Node
[2026.08.22-21.19.32:946][231]PIE: Error: Blueprint Runtime Error: "Accessed None trying to read property Player Ref". Blueprint:  WBP_Flashlight Function:  Get Percent 0 Graph:  GetPercent_0 Node:  Return Node
[2026.08.22-21.19.32:959][232]PIE: Error: Blueprint Runtime Error: "Accessed None trying to read property Player Ref". Blueprint:  WBP_Flashlight Function:  Get Percent 0 Graph:  GetPercent_0 Node:  Return Node
[2026.08.22-21.19.32:974][233]PIE: Error: Blueprint Runtime Error: "Accessed None trying to read property Player Ref". Blueprint:  WBP_Flashlight Function:  Get Percent 0 Graph:  GetPercent_0 Node:  Return Node
[2026.08.22-21.19.32:991][234]PIE: Error: Blueprint Runtime Error: "Accessed None trying to read property Player Ref". Blueprint:  WBP_Flashlight Function:  Get Percent 0 Graph:  GetPercent_0 Node:  Return Node
[2026.08.22-21.19.33:007][235]PIE: Error: Blueprint Runtime Error: "Accessed None trying to read property Player Ref". Blueprint:  WBP_Flashlight Function:  Get Percent 0 Graph:  GetPercent_0 Node:  Return Node
[2026.08.22-21.19.33:024][236]PIE: Error: Blueprint Runtime Error: "Accessed None trying to read property Player Ref". Blueprint:  WBP_Flashlight Function:  Get Percent 0 Graph:  GetPercent_0 Node:  Return Node
[2026.08.22-21.19.33:040][237]PIE: Error: Blueprint Runtime Error: "Accessed None trying to read property Player Ref". Blueprint:  WBP_Flashlight Function:  Get Percent 0 Graph:  GetPercent_0 Node:  Return Node
[2026.08.22-21.19.33:057][238]PIE: Error: Blueprint Runtime Error: "Accessed None trying to read property Player Ref". Blueprint:  WBP_Flashlight Function:  Get Percent 0 Graph:  GetPercent_0 Node:  Return Node
[2026.08.22-21.19.33:074][239]PIE: Error: Blueprint Runtime Error: "Accessed None trying to read property Player Ref". Blueprint:  WBP_Flashlight Function:  Get Percent 0 Graph:  GetPercent_0 Node:  Return Node
[2026.08.22-21.19.33:090][240]PIE: Error: Blueprint Runtime Error: "Accessed None trying to read property Player Ref". Blueprint:  WBP_Flashlight Function:  Get Percent 0 Graph:  GetPercent_0 Node:  Return Node
[2026.08.22-21.19.33:107][241]PIE: Error: Blueprint Runtime Error: "Accessed None trying to read property Player Ref". Blueprint:  WBP_Flashlight Function:  Get Percent 0 Graph:  GetPercent_0 Node:  Return Node
[2026.08.22-21.19.33:123][242]PIE: Error: Blueprint Runtime Error: "Accessed None trying to read property Player Ref". Blueprint:  WBP_Flashlight Function:  Get Percent 0 Graph:  GetPercent_0 Node:  Return Node
[2026.08.22-21.19.33:141][243]PIE: Error: Blueprint Runtime Error: "Accessed None trying to read property Player Ref". Blueprint:  WBP_Flashlight Function:  Get Percent 0 Graph:  GetPercent_0 Node:  Return Node
[2026.08.22-21.19.33:157][244]PIE: Error: Blueprint Runtime Error: "Accessed None trying to read property Player Ref". Blueprint:  WBP_Flashlight Function:  Get Percent 0 Graph:  GetPercent_0 Node:  Return Node
[2026.08.22-21.19.33:173][245]PIE: Error: Blueprint Runtime Error: "Accessed None trying to read property Player Ref". Blueprint:  WBP_Flashlight Function:  Get Percent 0 Graph:  GetPercent_0 Node:  Return Node
[2026.08.22-21.19.33:190][246]PIE: Error: Blueprint Runtime Error: "Accessed None trying to read property Player Ref". Blueprint:  WBP_Flashlight Function:  Get Percent 0 Graph:  GetPercent_0 Node:  Return Node
[2026.08.22-21.19.33:207][247]PIE: Error: Blueprint Runtime Error: "Accessed None trying to read property Player Ref". Blueprint:  WBP_Flashlight Function:  Get Percent 0 Graph:  GetPercent_0 Node:  Return Node
[2026.08.22-21.19.33:224][248]PIE: Error: Blueprint Runtime Error: "Accessed None trying to read property Player Ref". Blueprint:  WBP_Flashlight Function:  Get Percent 0 Graph:  GetPercent_0 Node:  Return Node
[2026.08.22-21.19.33:240][249]PIE: Error: Blueprint Runtime Error: "Accessed None trying to read property Player Ref". Blueprint:  WBP_Flashlight Function:  Get Percent 0 Graph:  GetPercent_0 Node:  Return Node
[2026.08.22-21.19.33:258][250]PIE: Error: Blueprint Runtime Error: "Accessed None trying to read property Player Ref". Blueprint:  WBP_Flashlight Function:  Get Percent 0 Graph:  GetPercent_0 Node:  Return Node
[2026.08.22-21.19.33:273][251]PIE: Error: Blueprint Runtime Error: "Accessed None trying to read property Player Ref". Blueprint:  WBP_Flashlight Function:  Get Percent 0 Graph:  GetPercent_0 Node:  Return Node
[2026.08.22-21.19.33:292][252]PIE: Error: Blueprint Runtime Error: "Accessed None trying to read property Player Ref". Blueprint:  WBP_Flashlight Function:  Get Percent 0 Graph:  GetPercent_0 Node:  Return Node
[2026.08.22-21.19.33:312][253]PIE: Error: Blueprint Runtime Error: "Accessed None trying to read property Player Ref". Blueprint:  WBP_Flashlight Function:  Get Percent 0 Graph:  GetPercent_0 Node:  Return Node
[2026.08.22-21.19.33:329][254]PIE: Error: Blueprint Runtime Error: "Accessed None trying to read property Player Ref". Blueprint:  WBP_Flashlight Function:  Get Percent 0 Graph:  GetPercent_0 Node:  Return Node
[2026.08.22-21.19.33:345][255]PIE: Error: Blueprint Runtime Error: "Accessed None trying to read property Player Ref". Blueprint:  WBP_Flashlight Function:  Get Percent 0 Graph:  GetPercent_0 Node:  Return Node
[2026.08.22-21.19.33:361][256]PIE: Error: Blueprint Runtime Error: "Accessed None trying to read property Player Ref". Blueprint:  WBP_Flashlight Function:  Get Percent 0 Graph:  GetPercent_0 Node:  Return Node
[2026.08.22-21.19.33:378][257]PIE: Error: Blueprint Runtime Error: "Accessed None trying to read property Player Ref". Blueprint:  WBP_Flashlight Function:  Get Percent 0 Graph:  GetPercent_0 Node:  Return Node
[2026.08.22-21.19.33:393][258]PIE: Error: Blueprint Runtime Error: "Accessed None trying to read property Player Ref". Blueprint:  WBP_Flashlight Function:  Get Percent 0 Graph:  GetPercent_0 Node:  Return Node
[2026.08.22-21.19.33:410][259]PIE: Error: Blueprint Runtime Error: "Accessed None trying to read property Player Ref". Blueprint:  WBP_Flashlight Function:  Get Percent 0 Graph:  GetPercent_0 Node:  Return Node
[2026.08.22-21.19.33:425][260]PIE: Error: Blueprint Runtime Error: "Accessed None trying to read property Player Ref". Blueprint:  WBP_Flashlight Function:  Get Percent 0 Graph:  GetPercent_0 Node:  Return Node
[2026.08.22-21.19.33:442][261]PIE: Error: Blueprint Runtime Error: "Accessed None trying to read property Player Ref". Blueprint:  WBP_Flashlight Function:  Get Percent 0 Graph:  GetPercent_0 Node:  Return Node
[2026.08.22-21.19.33:457][262]PIE: Error: Blueprint Runtime Error: "Accessed None trying to read property Player Ref". Blueprint:  WBP_Flashlight Function:  Get Percent 0 Graph:  GetPercent_0 Node:  Return Node
[2026.08.22-21.19.33:474][263]PIE: Error: Blueprint Runtime Error: "Accessed None trying to read property Player Ref". Blueprint:  WBP_Flashlight Function:  Get Percent 0 Graph:  GetPercent_0 Node:  Return Node
[2026.08.22-21.19.33:490][264]PIE: Error: Blueprint Runtime Error: "Accessed None trying to read property Player Ref". Blueprint:  WBP_Flashlight Function:  Get Percent 0 Graph:  GetPercent_0 Node:  Return Node
[2026.08.22-21.19.33:507][265]PIE: Error: Blueprint Runtime Error: "Accessed None trying to read property Player Ref". Blueprint:  WBP_Flashlight Function:  Get Percent 0 Graph:  GetPercent_0 Node:  Return Node
[2026.08.22-21.19.33:524][266]PIE: Error: Blueprint Runtime Error: "Accessed None trying to read property Player Ref". Blueprint:  WBP_Flashlight Function:  Get Percent 0 Graph:  GetPercent_0 Node:  Return Node
[2026.08.22-21.19.33:542][267]PIE: Error: Blueprint Runtime Error: "Accessed None trying to read property Player Ref". Blueprint:  WBP_Flashlight Function:  Get Percent 0 Graph:  GetPercent_0 Node:  Return Node
[2026.08.22-21.19.33:557][268]PIE: Error: Blueprint Runtime Error: "Accessed None trying to read property Player Ref". Blueprint:  WBP_Flashlight Function:  Get Percent 0 Graph:  GetPercent_0 Node:  Return Node
[2026.08.22-21.19.33:574][269]PIE: Error: Blueprint Runtime Error: "Accessed None trying to read property Player Ref". Blueprint:  WBP_Flashlight Function:  Get Percent 0 Graph:  GetPercent_0 Node:  Return Node
[2026.08.22-21.19.33:591][270]PIE: Error: Blueprint Runtime Error: "Accessed None trying to read property Player Ref". Blueprint:  WBP_Flashlight Function:  Get Percent 0 Graph:  GetPercent_0 Node:  Return Node
[2026.08.22-21.19.33:606][271]PIE: Error: Blueprint Runtime Error: "Accessed None trying to read property Player Ref". Blueprint:  WBP_Flashlight Function:  Get Percent 0 Graph:  GetPercent_0 Node:  Return Node
[2026.08.22-21.19.33:624][272]PIE: Error: Blueprint Runtime Error: "Accessed None trying to read property Player Ref". Blueprint:  WBP_Flashlight Function:  Get Percent 0 Graph:  GetPercent_0 Node:  Return Node
[2026.08.22-21.19.33:640][273]PIE: Error: Blueprint Runtime Error: "Accessed None trying to read property Player Ref". Blueprint:  WBP_Flashlight Function:  Get Percent 0 Graph:  GetPercent_0 Node:  Return Node
[2026.08.22-21.19.33:656][274]PIE: Error: Blueprint Runtime Error: "Accessed None trying to read property Player Ref". Blueprint:  WBP_Flashlight Function:  Get Percent 0 Graph:  GetPercent_0 Node:  Return Node
[2026.08.22-21.19.33:675][275]PIE: Error: Blueprint Runtime Error: "Accessed None trying to read property Player Ref". Blueprint:  WBP_Flashlight Function:  Get Percent 0 Graph:  GetPercent_0 Node:  Return Node
[2026.08.22-21.19.33:690][276]PIE: Error: Blueprint Runtime Error: "Accessed None trying to read property Player Ref". Blueprint:  WBP_Flashlight Function:  Get Percent 0 Graph:  GetPercent_0 Node:  Return Node
[2026.08.22-21.19.33:707][277]PIE: Error: Blueprint Runtime Error: "Accessed None trying to read property Player Ref". Blueprint:  WBP_Flashlight Function:  Get Percent 0 Graph:  GetPercent_0 Node:  Return Node
[2026.08.22-21.19.33:724][278]PIE: Error: Blueprint Runtime Error: "Accessed None trying to read property Player Ref". Blueprint:  WBP_Flashlight Function:  Get Percent 0 Graph:  GetPercent_0 Node:  Return Node
[2026.08.22-21.19.33:743][279]PIE: Error: Blueprint Runtime Error: "Accessed None trying to read property Player Ref". Blueprint:  WBP_Flashlight Function:  Get Percent 0 Graph:  GetPercent_0 Node:  Return Node
[2026.08.22-21.19.33:759][280]PIE: Error: Blueprint Runtime Error: "Accessed None trying to read property Player Ref". Blueprint:  WBP_Flashlight Function:  Get Percent 0 Graph:  GetPercent_0 Node:  Return Node
[2026.08.22-21.19.33:773][281]PIE: Error: Blueprint Runtime Error: "Accessed None trying to read property Player Ref". Blueprint:  WBP_Flashlight Function:  Get Percent 0 Graph:  GetPercent_0 Node:  Return Node
[2026.08.22-21.19.33:793][282]PIE: Error: Blueprint Runtime Error: "Accessed None trying to read property Player Ref". Blueprint:  WBP_Flashlight Function:  Get Percent 0 Graph:  GetPercent_0 Node:  Return Node
[2026.08.22-21.19.33:811][283]PIE: Error: Blueprint Runtime Error: "Accessed None trying to read property Player Ref". Blueprint:  WBP_Flashlight Function:  Get Percent 0 Graph:  GetPercent_0 Node:  Return Node
[2026.08.22-21.19.33:825][284]PIE: Error: Blueprint Runtime Error: "Accessed None trying to read property Player Ref". Blueprint:  WBP_Flashlight Function:  Get Percent 0 Graph:  GetPercent_0 Node:  Return Node
[2026.08.22-21.19.33:842][285]PIE: Error: Blueprint Runtime Error: "Accessed None trying to read property Player Ref". Blueprint:  WBP_Flashlight Function:  Get Percent 0 Graph:  GetPercent_0 Node:  Return Node
[2026.08.22-21.19.33:863][286]PIE: Error: Blueprint Runtime Error: "Accessed None trying to read property Player Ref". Blueprint:  WBP_Flashlight Function:  Get Percent 0 Graph:  GetPercent_0 Node:  Return Node
[2026.08.22-21.19.33:884][287]PIE: Error: Blueprint Runtime Error: "Accessed None trying to read property Player Ref". Blueprint:  WBP_Flashlight Function:  Get Percent 0 Graph:  GetPercent_0 Node:  Return Node
[2026.08.22-21.19.33:900][288]PIE: Error: Blueprint Runtime Error: "Accessed None trying to read property Player Ref". Blueprint:  WBP_Flashlight Function:  Get Percent 0 Graph:  GetPercent_0 Node:  Return Node
[2026.08.22-21.19.33:918][289]PIE: Error: Blueprint Runtime Error: "Accessed None trying to read property Player Ref". Blueprint:  WBP_Flashlight Function:  Get Percent 0 Graph:  GetPercent_0 Node:  Return Node
[2026.08.22-21.19.33:934][290]PIE: Error: Blueprint Runtime Error: "Accessed None trying to read property Player Ref". Blueprint:  WBP_Flashlight Function:  Get Percent 0 Graph:  GetPercent_0 Node:  Return Node
[2026.08.22-21.19.33:951][291]PIE: Error: Blueprint Runtime Error: "Accessed None trying to read property Player Ref". Blueprint:  WBP_Flashlight Function:  Get Percent 0 Graph:  GetPercent_0 Node:  Return Node
[2026.08.22-21.19.33:969][292]PIE: Error: Blueprint Runtime Error: "Accessed None trying to read property Player Ref". Blueprint:  WBP_Flashlight Function:  Get Percent 0 Graph:  GetPercent_0 Node:  Return Node
[2026.08.22-21.19.33:985][293]PIE: Error: Blueprint Runtime Error: "Accessed None trying to read property Player Ref". Blueprint:  WBP_Flashlight Function:  Get Percent 0 Graph:  GetPercent_0 Node:  Return Node
[2026.08.22-21.19.34:002][294]PIE: Error: Blueprint Runtime Error: "Accessed None trying to read property Player Ref". Blueprint:  WBP_Flashlight Function:  Get Percent 0 Graph:  GetPercent_0 Node:  Return Node
[2026.08.22-21.19.34:017][295]PIE: Error: Blueprint Runtime Error: "Accessed None trying to read property Player Ref". Blueprint:  WBP_Flashlight Function:  Get Percent 0 Graph:  GetPercent_0 Node:  Return Node
[2026.08.22-21.19.34:035][296]PIE: Error: Blueprint Runtime Error: "Accessed None trying to read property Player Ref". Blueprint:  WBP_Flashlight Function:  Get Percent 0 Graph:  GetPercent_0 Node:  Return Node
[2026.08.22-21.19.34:054][297]PIE: Error: Blueprint Runtime Error: "Accessed None trying to read property Player Ref". Blueprint:  WBP_Flashlight Function:  Get Percent 0 Graph:  GetPercent_0 Node:  Return Node
[2026.08.22-21.19.34:070][298]PIE: Error: Blueprint Runtime Error: "Accessed None trying to read property Player Ref". Blueprint:  WBP_Flashlight Function:  Get Percent 0 Graph:  GetPercent_0 Node:  Return Node
[2026.08.22-21.19.34:086][299]PIE: Error: Blueprint Runtime Error: "Accessed None trying to read property Player Ref". Blueprint:  WBP_Flashlight Function:  Get Percent 0 Graph:  GetPercent_0 Node:  Return Node
[2026.08.22-21.19.34:103][300]PIE: Error: Blueprint Runtime Error: "Accessed None trying to read property Player Ref". Blueprint:  WBP_Flashlight Function:  Get Percent 0 Graph:  GetPercent_0 Node:  Return Node
[2026.08.22-21.19.34:125][301]PIE: Error: Blueprint Runtime Error: "Accessed None trying to read property Player Ref". Blueprint:  WBP_Flashlight Function:  Get Percent 0 Graph:  GetPercent_0 Node:  Return Node
[2026.08.22-21.19.34:148][302]PIE: Error: Blueprint Runtime Error: "Accessed None trying to read property Player Ref". Blueprint:  WBP_Flashlight Function:  Get Percent 0 Graph:  GetPercent_0 Node:  Return Node
[2026.08.22-21.19.34:167][303]PIE: Error: Blueprint Runtime Error: "Accessed None trying to read property Player Ref". Blueprint:  WBP_Flashlight Function:  Get Percent 0 Graph:  GetPercent_0 Node:  Return Node
[2026.08.22-21.19.34:182][304]PIE: Error: Blueprint Runtime Error: "Accessed None trying to read property Player Ref". Blueprint:  WBP_Flashlight Function:  Get Percent 0 Graph:  GetPercent_0 Node:  Return Node
[2026.08.22-21.19.34:197][305]PIE: Error: Blueprint Runtime Error: "Accessed None trying to read property Player Ref". Blueprint:  WBP_Flashlight Function:  Get Percent 0 Graph:  GetPercent_0 Node:  Return Node
[2026.08.22-21.19.34:216][306]PIE: Error: Blueprint Runtime Error: "Accessed None trying to read property Player Ref". Blueprint:  WBP_Flashlight Function:  Get Percent 0 Graph:  GetPercent_0 Node:  Return Node
[2026.08.22-21.19.34:231][307]PIE: Error: Blueprint Runtime Error: "Accessed None trying to read property Player Ref". Blueprint:  WBP_Flashlight Function:  Get Percent 0 Graph:  GetPercent_0 Node:  Return Node
[2026.08.22-21.19.34:249][308]PIE: Error: Blueprint Runtime Error: "Accessed None trying to read property Player Ref". Blueprint:  WBP_Flashlight Function:  Get Percent 0 Graph:  GetPercent_0 Node:  Return Node
[2026.08.22-21.19.34:268][309]PIE: Error: Blueprint Runtime Error: "Accessed None trying to read property Player Ref". Blueprint:  WBP_Flashlight Function:  Get Percent 0 Graph:  GetPercent_0 Node:  Return Node
[2026.08.22-21.19.34:285][310]PIE: Error: Blueprint Runtime Error: "Accessed None trying to read property Player Ref". Blueprint:  WBP_Flashlight Function:  Get Percent 0 Graph:  GetPercent_0 Node:  Return Node
[2026.08.22-21.19.34:302][311]PIE: Error: Blueprint Runtime Error: "Accessed None trying to read property Player Ref". Blueprint:  WBP_Flashlight Function:  Get Percent 0 Graph:  GetPercent_0 Node:  Return Node
[2026.08.22-21.19.34:318][312]PIE: Error: Blueprint Runtime Error: "Accessed None trying to read property Player Ref". Blueprint:  WBP_Flashlight Function:  Get Percent 0 Graph:  GetPercent_0 Node:  Return Node
[2026.08.22-21.19.34:335][313]PIE: Error: Blueprint Runtime Error: "Accessed None trying to read property Player Ref". Blueprint:  WBP_Flashlight Function:  Get Percent 0 Graph:  GetPercent_0 Node:  Return Node
[2026.08.22-21.19.34:360][314]PIE: Error: Blueprint Runtime Error: "Accessed None trying to read property Player Ref". Blueprint:  WBP_Flashlight Function:  Get Percent 0 Graph:  GetPercent_0 Node:  Return Node
[2026.08.22-21.19.34:375][315]PIE: Error: Blueprint Runtime Error: "Accessed None trying to read property Player Ref". Blueprint:  WBP_Flashlight Function:  Get Percent 0 Graph:  GetPercent_0 Node:  Return Node
[2026.08.22-21.19.34:389][316]PIE: Error: Blueprint Runtime Error: "Accessed None trying to read property Player Ref". Blueprint:  WBP_Flashlight Function:  Get Percent 0 Graph:  GetPercent_0 Node:  Return Node
[2026.08.22-21.19.34:409][317]PIE: Error: Blueprint Runtime Error: "Accessed None trying to read property Player Ref". Blueprint:  WBP_Flashlight Function:  Get Percent 0 Graph:  GetPercent_0 Node:  Return Node
[2026.08.22-21.19.34:429][318]PIE: Error: Blueprint Runtime Error: "Accessed None trying to read property Player Ref". Blueprint:  WBP_Flashlight Function:  Get Percent 0 Graph:  GetPercent_0 Node:  Return Node
[2026.08.22-21.19.34:444][319]PIE: Error: Blueprint Runtime Error: "Accessed None trying to read property Player Ref". Blueprint:  WBP_Flashlight Function:  Get Percent 0 Graph:  GetPercent_0 Node:  Return Node
[2026.08.22-21.19.34:461][320]PIE: Error: Blueprint Runtime Error: "Accessed None trying to read property Player Ref". Blueprint:  WBP_Flashlight Function:  Get Percent 0 Graph:  GetPercent_0 Node:  Return Node
[2026.08.22-21.19.34:475][321]PIE: Error: Blueprint Runtime Error: "Accessed None trying to read property Player Ref". Blueprint:  WBP_Flashlight Function:  Get Percent 0 Graph:  GetPercent_0 Node:  Return Node
[2026.08.22-21.19.34:490][322]PIE: Error: Blueprint Runtime Error: "Accessed None trying to read property Player Ref". Blueprint:  WBP_Flashlight Function:  Get Percent 0 Graph:  GetPercent_0 Node:  Return Node
[2026.08.22-21.19.34:504][323]PIE: Error: Blueprint Runtime Error: "Accessed None trying to read property Player Ref". Blueprint:  WBP_Flashlight Function:  Get Percent 0 Graph:  GetPercent_0 Node:  Return Node
[2026.08.22-21.19.34:522][324]PIE: Error: Blueprint Runtime Error: "Accessed None trying to read property Player Ref". Blueprint:  WBP_Flashlight Function:  Get Percent 0 Graph:  GetPercent_0 Node:  Return Node
[2026.08.22-21.19.34:539][325]PIE: Error: Blueprint Runtime Error: "Accessed None trying to read property Player Ref". Blueprint:  WBP_Flashlight Function:  Get Percent 0 Graph:  GetPercent_0 Node:  Return Node
[2026.08.22-21.19.34:555][326]PIE: Error: Blueprint Runtime Error: "Accessed None trying to read property Player Ref". Blueprint:  WBP_Flashlight Function:  Get Percent 0 Graph:  GetPercent_0 Node:  Return Node
[2026.08.22-21.19.34:572][327]PIE: Error: Blueprint Runtime Error: "Accessed None trying to read property Player Ref". Blueprint:  WBP_Flashlight Function:  Get Percent 0 Graph:  GetPercent_0 Node:  Return Node
[2026.08.22-21.19.34:589][328]PIE: Error: Blueprint Runtime Error: "Accessed None trying to read property Player Ref". Blueprint:  WBP_Flashlight Function:  Get Percent 0 Graph:  GetPercent_0 Node:  Return Node
[2026.08.22-21.19.34:605][329]PIE: Error: Blueprint Runtime Error: "Accessed None trying to read property Player Ref". Blueprint:  WBP_Flashlight Function:  Get Percent 0 Graph:  GetPercent_0 Node:  Return Node
[2026.08.22-21.19.34:622][330]PIE: Error: Blueprint Runtime Error: "Accessed None trying to read property Player Ref". Blueprint:  WBP_Flashlight Function:  Get Percent 0 Graph:  GetPercent_0 Node:  Return Node
[2026.08.22-21.19.34:639][331]PIE: Error: Blueprint Runtime Error: "Accessed None trying to read property Player Ref". Blueprint:  WBP_Flashlight Function:  Get Percent 0 Graph:  GetPercent_0 Node:  Return Node
[2026.08.22-21.19.34:655][332]PIE: Error: Blueprint Runtime Error: "Accessed None trying to read property Player Ref". Blueprint:  WBP_Flashlight Function:  Get Percent 0 Graph:  GetPercent_0 Node:  Return Node
[2026.08.22-21.19.34:671][333]PIE: Error: Blueprint Runtime Error: "Accessed None trying to read property Player Ref". Blueprint:  WBP_Flashlight Function:  Get Percent 0 Graph:  GetPercent_0 Node:  Return Node
[2026.08.22-21.19.34:688][334]PIE: Error: Blueprint Runtime Error: "Accessed None trying to read property Player Ref". Blueprint:  WBP_Flashlight Function:  Get Percent 0 Graph:  GetPercent_0 Node:  Return Node
[2026.08.22-21.19.34:704][335]PIE: Error: Blueprint Runtime Error: "Accessed None trying to read property Player Ref". Blueprint:  WBP_Flashlight Function:  Get Percent 0 Graph:  GetPercent_0 Node:  Return Node
[2026.08.22-21.19.34:721][336]PIE: Error: Blueprint Runtime Error: "Accessed None trying to read property Player Ref". Blueprint:  WBP_Flashlight Function:  Get Percent 0 Graph:  GetPercent_0 Node:  Return Node
[2026.08.22-21.19.34:738][337]PIE: Error: Blueprint Runtime Error: "Accessed None trying to read property Player Ref". Blueprint:  WBP_Flashlight Function:  Get Percent 0 Graph:  GetPercent_0 Node:  Return Node
[2026.08.22-21.19.34:754][338]PIE: Error: Blueprint Runtime Error: "Accessed None trying to read property Player Ref". Blueprint:  WBP_Flashlight Function:  Get Percent 0 Graph:  GetPercent_0 Node:  Return Node
[2026.08.22-21.19.34:772][339]PIE: Error: Blueprint Runtime Error: "Accessed None trying to read property Player Ref". Blueprint:  WBP_Flashlight Function:  Get Percent 0 Graph:  GetPercent_0 Node:  Return Node
[2026.08.22-21.19.34:793][340]PIE: Error: Blueprint Runtime Error: "Accessed None trying to read property Player Ref". Blueprint:  WBP_Flashlight Function:  Get Percent 0 Graph:  GetPercent_0 Node:  Return Node
[2026.08.22-21.19.34:807][341]PIE: Error: Blueprint Runtime Error: "Accessed None trying to read property Player Ref". Blueprint:  WBP_Flashlight Function:  Get Percent 0 Graph:  GetPercent_0 Node:  Return Node
[2026.08.22-21.19.34:824][342]PIE: Error: Blueprint Runtime Error: "Accessed None trying to read property Player Ref". Blueprint:  WBP_Flashlight Function:  Get Percent 0 Graph:  GetPercent_0 Node:  Return Node
[2026.08.22-21.19.34:841][343]PIE: Error: Blueprint Runtime Error: "Accessed None trying to read property Player Ref". Blueprint:  WBP_Flashlight Function:  Get Percent 0 Graph:  GetPercent_0 Node:  Return Node
[2026.08.22-21.19.34:856][344]PIE: Error: Blueprint Runtime Error: "Accessed None trying to read property Player Ref". Blueprint:  WBP_Flashlight Function:  Get Percent 0 Graph:  GetPercent_0 Node:  Return Node
[2026.08.22-21.19.34:872][345]PIE: Error: Blueprint Runtime Error: "Accessed None trying to read property Player Ref". Blueprint:  WBP_Flashlight Function:  Get Percent 0 Graph:  GetPercent_0 Node:  Return Node
[2026.08.22-21.19.34:891][346]PIE: Error: Blueprint Runtime Error: "Accessed None trying to read property Player Ref". Blueprint:  WBP_Flashlight Function:  Get Percent 0 Graph:  GetPercent_0 Node:  Return Node
[2026.08.22-21.19.34:908][347]PIE: Error: Blueprint Runtime Error: "Accessed None trying to read property Player Ref". Blueprint:  WBP_Flashlight Function:  Get Percent 0 Graph:  GetPercent_0 Node:  Return Node
[2026.08.22-21.19.34:923][348]PIE: Error: Blueprint Runtime Error: "Accessed None trying to read property Player Ref". Blueprint:  WBP_Flashlight Function:  Get Percent 0 Graph:  GetPercent_0 Node:  Return Node
[2026.08.22-21.19.34:939][349]PIE: Error: Blueprint Runtime Error: "Accessed None trying to read property Player Ref". Blueprint:  WBP_Flashlight Function:  Get Percent 0 Graph:  GetPercent_0 Node:  Return Node
[2026.08.22-21.19.34:955][350]PIE: Error: Blueprint Runtime Error: "Accessed None trying to read property Player Ref". Blueprint:  WBP_Flashlight Function:  Get Percent 0 Graph:  GetPercent_0 Node:  Return Node
[2026.08.22-21.19.34:973][351]PIE: Error: Blueprint Runtime Error: "Accessed None trying to read property Player Ref". Blueprint:  WBP_Flashlight Function:  Get Percent 0 Graph:  GetPercent_0 Node:  Return Node
[2026.08.22-21.19.34:988][352]PIE: Error: Blueprint Runtime Error: "Accessed None trying to read property Player Ref". Blueprint:  WBP_Flashlight Function:  Get Percent 0 Graph:  GetPercent_0 Node:  Return Node
[2026.08.22-21.19.35:005][353]PIE: Error: Blueprint Runtime Error: "Accessed None trying to read property Player Ref". Blueprint:  WBP_Flashlight Function:  Get Percent 0 Graph:  GetPercent_0 Node:  Return Node
[2026.08.22-21.19.35:021][354]PIE: Error: Blueprint Runtime Error: "Accessed None trying to read property Player Ref". Blueprint:  WBP_Flashlight Function:  Get Percent 0 Graph:  GetPercent_0 Node:  Return Node
[2026.08.22-21.19.35:040][355]PIE: Error: Blueprint Runtime Error: "Accessed None trying to read property Player Ref". Blueprint:  WBP_Flashlight Function:  Get Percent 0 Graph:  GetPercent_0 Node:  Return Node
[2026.08.22-21.19.35:056][356]PIE: Error: Blueprint Runtime Error: "Accessed None trying to read property Player Ref". Blueprint:  WBP_Flashlight Function:  Get Percent 0 Graph:  GetPercent_0 Node:  Return Node
[2026.08.22-21.19.35:072][357]PIE: Error: Blueprint Runtime Error: "Accessed None trying to read property Player Ref". Blueprint:  WBP_Flashlight Function:  Get Percent 0 Graph:  GetPercent_0 Node:  Return Node
[2026.08.22-21.19.35:088][358]PIE: Error: Blueprint Runtime Error: "Accessed None trying to read property Player Ref". Blueprint:  WBP_Flashlight Function:  Get Percent 0 Graph:  GetPercent_0 Node:  Return Node
[2026.08.22-21.19.35:105][359]PIE: Error: Blueprint Runtime Error: "Accessed None trying to read property Player Ref". Blueprint:  WBP_Flashlight Function:  Get Percent 0 Graph:  GetPercent_0 Node:  Return Node
[2026.08.22-21.19.35:122][360]PIE: Error: Blueprint Runtime Error: "Accessed None trying to read property Player Ref". Blueprint:  WBP_Flashlight Function:  Get Percent 0 Graph:  GetPercent_0 Node:  Return Node
[2026.08.22-21.19.35:140][361]PIE: Error: Blueprint Runtime Error: "Accessed None trying to read property Player Ref". Blueprint:  WBP_Flashlight Function:  Get Percent 0 Graph:  GetPercent_0 Node:  Return Node
[2026.08.22-21.19.35:155][362]PIE: Error: Blueprint Runtime Error: "Accessed None trying to read property Player Ref". Blueprint:  WBP_Flashlight Function:  Get Percent 0 Graph:  GetPercent_0 Node:  Return Node
[2026.08.22-21.19.35:173][363]PIE: Error: Blueprint Runtime Error: "Accessed None trying to read property Player Ref". Blueprint:  WBP_Flashlight Function:  Get Percent 0 Graph:  GetPercent_0 Node:  Return Node
[2026.08.22-21.19.35:191][364]PIE: Error: Blueprint Runtime Error: "Accessed None trying to read property Player Ref". Blueprint:  WBP_Flashlight Function:  Get Percent 0 Graph:  GetPercent_0 Node:  Return Node
[2026.08.22-21.19.35:205][365]PIE: Error: Blueprint Runtime Error: "Accessed None trying to read property Player Ref". Blueprint:  WBP_Flashlight Function:  Get Percent 0 Graph:  GetPercent_0 Node:  Return Node
[2026.08.22-21.19.35:222][366]PIE: Error: Blueprint Runtime Error: "Accessed None trying to read property Player Ref". Blueprint:  WBP_Flashlight Function:  Get Percent 0 Graph:  GetPercent_0 Node:  Return Node
[2026.08.22-21.19.35:240][367]PIE: Error: Blueprint Runtime Error: "Accessed None trying to read property Player Ref". Blueprint:  WBP_Flashlight Function:  Get Percent 0 Graph:  GetPercent_0 Node:  Return Node
[2026.08.22-21.19.35:256][368]PIE: Error: Blueprint Runtime Error: "Accessed None trying to read property Player Ref". Blueprint:  WBP_Flashlight Function:  Get Percent 0 Graph:  GetPercent_0 Node:  Return Node
[2026.08.22-21.19.35:273][369]PIE: Error: Blueprint Runtime Error: "Accessed None trying to read property Player Ref". Blueprint:  WBP_Flashlight Function:  Get Percent 0 Graph:  GetPercent_0 Node:  Return Node
[2026.08.22-21.19.35:291][370]PIE: Error: Blueprint Runtime Error: "Accessed None trying to read property Player Ref". Blueprint:  WBP_Flashlight Function:  Get Percent 0 Graph:  GetPercent_0 Node:  Return Node
[2026.08.22-21.19.35:307][371]PIE: Error: Blueprint Runtime Error: "Accessed None trying to read property Player Ref". Blueprint:  WBP_Flashlight Function:  Get Percent 0 Graph:  GetPercent_0 Node:  Return Node
[2026.08.22-21.19.35:323][372]PIE: Error: Blueprint Runtime Error: "Accessed None trying to read property Player Ref". Blueprint:  WBP_Flashlight Function:  Get Percent 0 Graph:  GetPercent_0 Node:  Return Node
[2026.08.22-21.19.35:342][373]PIE: Error: Blueprint Runtime Error: "Accessed None trying to read property Player Ref". Blueprint:  WBP_Flashlight Function:  Get Percent 0 Graph:  GetPercent_0 Node:  Return Node
[2026.08.22-21.19.35:360][374]PIE: Error: Blueprint Runtime Error: "Accessed None trying to read property Player Ref". Blueprint:  WBP_Flashlight Function:  Get Percent 0 Graph:  GetPercent_0 Node:  Return Node
[2026.08.22-21.19.35:376][375]PIE: Error: Blueprint Runtime Error: "Accessed None trying to read property Player Ref". Blueprint:  WBP_Flashlight Function:  Get Percent 0 Graph:  GetPercent_0 Node:  Return Node
[2026.08.22-21.19.35:391][376]PIE: Error: Blueprint Runtime Error: "Accessed None trying to read property Player Ref". Blueprint:  WBP_Flashlight Function:  Get Percent 0 Graph:  GetPercent_0 Node:  Return Node
[2026.08.22-21.19.35:408][377]PIE: Error: Blueprint Runtime Error: "Accessed None trying to read property Player Ref". Blueprint:  WBP_Flashlight Function:  Get Percent 0 Graph:  GetPercent_0 Node:  Return Node
[2026.08.22-21.19.35:424][378]PIE: Error: Blueprint Runtime Error: "Accessed None trying to read property Player Ref". Blueprint:  WBP_Flashlight Function:  Get Percent 0 Graph:  GetPercent_0 Node:  Return Node
[2026.08.22-21.19.35:440][379]PIE: Error: Blueprint Runtime Error: "Accessed None trying to read property Player Ref". Blueprint:  WBP_Flashlight Function:  Get Percent 0 Graph:  GetPercent_0 Node:  Return Node
[2026.08.22-21.19.35:457][380]PIE: Error: Blueprint Runtime Error: "Accessed None trying to read property Player Ref". Blueprint:  WBP_Flashlight Function:  Get Percent 0 Graph:  GetPercent_0 Node:  Return Node
[2026.08.22-21.19.35:474][381]PIE: Error: Blueprint Runtime Error: "Accessed None trying to read property Player Ref". Blueprint:  WBP_Flashlight Function:  Get Percent 0 Graph:  GetPercent_0 Node:  Return Node
[2026.08.22-21.19.35:491][382]PIE: Error: Blueprint Runtime Error: "Accessed None trying to read property Player Ref". Blueprint:  WBP_Flashlight Function:  Get Percent 0 Graph:  GetPercent_0 Node:  Return Node
[2026.08.22-21.19.35:506][383]PIE: Error: Blueprint Runtime Error: "Accessed None trying to read property Player Ref". Blueprint:  WBP_Flashlight Function:  Get Percent 0 Graph:  GetPercent_0 Node:  Return Node
[2026.08.22-21.19.35:523][384]PIE: Error: Blueprint Runtime Error: "Accessed None trying to read property Player Ref". Blueprint:  WBP_Flashlight Function:  Get Percent 0 Graph:  GetPercent_0 Node:  Return Node
[2026.08.22-21.19.35:540][385]PIE: Error: Blueprint Runtime Error: "Accessed None trying to read property Player Ref". Blueprint:  WBP_Flashlight Function:  Get Percent 0 Graph:  GetPercent_0 Node:  Return Node
[2026.08.22-21.19.35:557][386]PIE: Error: Blueprint Runtime Error: "Accessed None trying to read property Player Ref". Blueprint:  WBP_Flashlight Function:  Get Percent 0 Graph:  GetPercent_0 Node:  Return Node
[2026.08.22-21.19.35:574][387]PIE: Error: Blueprint Runtime Error: "Accessed None trying to read property Player Ref". Blueprint:  WBP_Flashlight Function:  Get Percent 0 Graph:  GetPercent_0 Node:  Return Node
[2026.08.22-21.19.35:589][388]PIE: Error: Blueprint Runtime Error: "Accessed None trying to read property Player Ref". Blueprint:  WBP_Flashlight Function:  Get Percent 0 Graph:  GetPercent_0 Node:  Return Node
[2026.08.22-21.19.35:607][389]PIE: Error: Blueprint Runtime Error: "Accessed None trying to read property Player Ref". Blueprint:  WBP_Flashlight Function:  Get Percent 0 Graph:  GetPercent_0 Node:  Return Node
[2026.08.22-21.19.35:623][390]PIE: Error: Blueprint Runtime Error: "Accessed None trying to read property Player Ref". Blueprint:  WBP_Flashlight Function:  Get Percent 0 Graph:  GetPercent_0 Node:  Return Node
[2026.08.22-21.19.35:640][391]PIE: Error: Blueprint Runtime Error: "Accessed None trying to read property Player Ref". Blueprint:  WBP_Flashlight Function:  Get Percent 0 Graph:  GetPercent_0 Node:  Return Node
[2026.08.22-21.19.35:657][392]PIE: Error: Blueprint Runtime Error: "Accessed None trying to read property Player Ref". Blueprint:  WBP_Flashlight Function:  Get Percent 0 Graph:  GetPercent_0 Node:  Return Node
[2026.08.22-21.19.35:673][393]PIE: Error: Blueprint Runtime Error: "Accessed None trying to read property Player Ref". Blueprint:  WBP_Flashlight Function:  Get Percent 0 Graph:  GetPercent_0 Node:  Return Node
[2026.08.22-21.19.35:690][394]PIE: Error: Blueprint Runtime Error: "Accessed None trying to read property Player Ref". Blueprint:  WBP_Flashlight Function:  Get Percent 0 Graph:  GetPercent_0 Node:  Return Node
[2026.08.22-21.19.35:708][395]PIE: Error: Blueprint Runtime Error: "Accessed None trying to read property Player Ref". Blueprint:  WBP_Flashlight Function:  Get Percent 0 Graph:  GetPercent_0 Node:  Return Node
[2026.08.22-21.19.35:723][396]PIE: Error: Blueprint Runtime Error: "Accessed None trying to read property Player Ref". Blueprint:  WBP_Flashlight Function:  Get Percent 0 Graph:  GetPercent_0 Node:  Return Node
[2026.08.22-21.19.35:740][397]PIE: Error: Blueprint Runtime Error: "Accessed None trying to read property Player Ref". Blueprint:  WBP_Flashlight Function:  Get Percent 0 Graph:  GetPercent_0 Node:  Return Node
[2026.08.22-21.19.35:756][398]PIE: Error: Blueprint Runtime Error: "Accessed None trying to read property Player Ref". Blueprint:  WBP_Flashlight Function:  Get Percent 0 Graph:  GetPercent_0 Node:  Return Node
[2026.08.22-21.19.35:773][399]PIE: Error: Blueprint Runtime Error: "Accessed None trying to read property Player Ref". Blueprint:  WBP_Flashlight Function:  Get Percent 0 Graph:  GetPercent_0 Node:  Return Node
[2026.08.22-21.19.35:793][400]PIE: Error: Blueprint Runtime Error: "Accessed None trying to read property Player Ref". Blueprint:  WBP_Flashlight Function:  Get Percent 0 Graph:  GetPercent_0 Node:  Return Node
[2026.08.22-21.19.35:809][401]PIE: Error: Blueprint Runtime Error: "Accessed None trying to read property Player Ref". Blueprint:  WBP_Flashlight Function:  Get Percent 0 Graph:  GetPercent_0 Node:  Return Node
[2026.08.22-21.19.35:826][402]PIE: Error: Blueprint Runtime Error: "Accessed None trying to read property Player Ref". Blueprint:  WBP_Flashlight Function:  Get Percent 0 Graph:  GetPercent_0 Node:  Return Node
[2026.08.22-21.19.35:840][403]PIE: Error: Blueprint Runtime Error: "Accessed None trying to read property Player Ref". Blueprint:  WBP_Flashlight Function:  Get Percent 0 Graph:  GetPercent_0 Node:  Return Node
[2026.08.22-21.19.35:858][404]PIE: Error: Blueprint Runtime Error: "Accessed None trying to read property Player Ref". Blueprint:  WBP_Flashlight Function:  Get Percent 0 Graph:  GetPercent_0 Node:  Return Node
[2026.08.22-21.19.35:875][405]PIE: Error: Blueprint Runtime Error: "Accessed None trying to read property Player Ref". Blueprint:  WBP_Flashlight Function:  Get Percent 0 Graph:  GetPercent_0 Node:  Return Node
[2026.08.22-21.19.35:891][406]PIE: Error: Blueprint Runtime Error: "Accessed None trying to read property Player Ref". Blueprint:  WBP_Flashlight Function:  Get Percent 0 Graph:  GetPercent_0 Node:  Return Node
[2026.08.22-21.19.35:909][407]PIE: Error: Blueprint Runtime Error: "Accessed None trying to read property Player Ref". Blueprint:  WBP_Flashlight Function:  Get Percent 0 Graph:  GetPercent_0 Node:  Return Node
[2026.08.22-21.19.35:924][408]PIE: Error: Blueprint Runtime Error: "Accessed None trying to read property Player Ref". Blueprint:  WBP_Flashlight Function:  Get Percent 0 Graph:  GetPercent_0 Node:  Return Node
[2026.08.22-21.19.35:941][409]PIE: Error: Blueprint Runtime Error: "Accessed None trying to read property Player Ref". Blueprint:  WBP_Flashlight Function:  Get Percent 0 Graph:  GetPercent_0 Node:  Return Node
[2026.08.22-21.19.35:957][410]PIE: Error: Blueprint Runtime Error: "Accessed None trying to read property Player Ref". Blueprint:  WBP_Flashlight Function:  Get Percent 0 Graph:  GetPercent_0 Node:  Return Node
[2026.08.22-21.19.35:973][411]PIE: Error: Blueprint Runtime Error: "Accessed None trying to read property Player Ref". Blueprint:  WBP_Flashlight Function:  Get Percent 0 Graph:  GetPercent_0 Node:  Return Node
[2026.08.22-21.19.36:010][412]PIE: Error: Blueprint Runtime Error: "Accessed None trying to read property Player Ref". Blueprint:  WBP_Flashlight Function:  Get Percent 0 Graph:  GetPercent_0 Node:  Return Node
[2026.08.22-21.19.36:034][413]PIE: Error: Blueprint Runtime Error: "Accessed None trying to read property Player Ref". Blueprint:  WBP_Flashlight Function:  Get Percent 0 Graph:  GetPercent_0 Node:  Return Node
[2026.08.22-21.19.36:053][414]PIE: Error: Blueprint Runtime Error: "Accessed None trying to read property Player Ref". Blueprint:  WBP_Flashlight Function:  Get Percent 0 Graph:  GetPercent_0 Node:  Return Node
[2026.08.22-21.19.36:071][415]PIE: Error: Blueprint Runtime Error: "Accessed None trying to read property Player Ref". Blueprint:  WBP_Flashlight Function:  Get Percent 0 Graph:  GetPercent_0 Node:  Return Node
[2026.08.22-21.19.36:084][416]PIE: Error: Blueprint Runtime Error: "Accessed None trying to read property Player Ref". Blueprint:  WBP_Flashlight Function:  Get Percent 0 Graph:  GetPercent_0 Node:  Return Node
[2026.08.22-21.19.36:104][417]PIE: Error: Blueprint Runtime Error: "Accessed None trying to read property Player Ref". Blueprint:  WBP_Flashlight Function:  Get Percent 0 Graph:  GetPercent_0 Node:  Return Node
[2026.08.22-21.19.36:120][418]PIE: Error: Blueprint Runtime Error: "Accessed None trying to read property Player Ref". Blueprint:  WBP_Flashlight Function:  Get Percent 0 Graph:  GetPercent_0 Node:  Return Node
[2026.08.22-21.19.36:136][419]PIE: Error: Blueprint Runtime Error: "Accessed None trying to read property Player Ref". Blueprint:  WBP_Flashlight Function:  Get Percent 0 Graph:  GetPercent_0 Node:  Return Node
[2026.08.22-21.19.36:153][420]PIE: Error: Blueprint Runtime Error: "Accessed None trying to read property Player Ref". Blueprint:  WBP_Flashlight Function:  Get Percent 0 Graph:  GetPercent_0 Node:  Return Node
[2026.08.22-21.19.36:169][421]PIE: Error: Blueprint Runtime Error: "Accessed None trying to read property Player Ref". Blueprint:  WBP_Flashlight Function:  Get Percent 0 Graph:  GetPercent_0 Node:  Return Node
[2026.08.22-21.19.36:186][422]PIE: Error: Blueprint Runtime Error: "Accessed None trying to read property Player Ref". Blueprint:  WBP_Flashlight Function:  Get Percent 0 Graph:  GetPercent_0 Node:  Return Node
[2026.08.22-21.19.36:202][423]PIE: Error: Blueprint Runtime Error: "Accessed None trying to read property Player Ref". Blueprint:  WBP_Flashlight Function:  Get Percent 0 Graph:  GetPercent_0 Node:  Return Node
[2026.08.22-21.19.36:220][424]PIE: Error: Blueprint Runtime Error: "Accessed None trying to read property Player Ref". Blueprint:  WBP_Flashlight Function:  Get Percent 0 Graph:  GetPercent_0 Node:  Return Node
[2026.08.22-21.19.36:236][425]PIE: Error: Blueprint Runtime Error: "Accessed None trying to read property Player Ref". Blueprint:  WBP_Flashlight Function:  Get Percent 0 Graph:  GetPercent_0 Node:  Return Node
[2026.08.22-21.19.36:253][426]PIE: Error: Blueprint Runtime Error: "Accessed None trying to read property Player Ref". Blueprint:  WBP_Flashlight Function:  Get Percent 0 Graph:  GetPercent_0 Node:  Return Node
[2026.08.22-21.19.36:270][427]PIE: Error: Blueprint Runtime Error: "Accessed None trying to read property Player Ref". Blueprint:  WBP_Flashlight Function:  Get Percent 0 Graph:  GetPercent_0 Node:  Return Node
[2026.08.22-21.19.36:289][428]PIE: Error: Blueprint Runtime Error: "Accessed None trying to read property Player Ref". Blueprint:  WBP_Flashlight Function:  Get Percent 0 Graph:  GetPercent_0 Node:  Return Node
[2026.08.22-21.19.36:304][429]PIE: Error: Blueprint Runtime Error: "Accessed None trying to read property Player Ref". Blueprint:  WBP_Flashlight Function:  Get Percent 0 Graph:  GetPercent_0 Node:  Return Node
[2026.08.22-21.19.36:321][430]PIE: Error: Blueprint Runtime Error: "Accessed None trying to read property Player Ref". Blueprint:  WBP_Flashlight Function:  Get Percent 0 Graph:  GetPercent_0 Node:  Return Node
[2026.08.22-21.19.36:337][431]PIE: Error: Blueprint Runtime Error: "Accessed None trying to read property Player Ref". Blueprint:  WBP_Flashlight Function:  Get Percent 0 Graph:  GetPercent_0 Node:  Return Node
[2026.08.22-21.19.36:353][432]PIE: Error: Blueprint Runtime Error: "Accessed None trying to read property Player Ref". Blueprint:  WBP_Flashlight Function:  Get Percent 0 Graph:  GetPercent_0 Node:  Return Node
[2026.08.22-21.19.36:371][433]PIE: Error: Blueprint Runtime Error: "Accessed None trying to read property Player Ref". Blueprint:  WBP_Flashlight Function:  Get Percent 0 Graph:  GetPercent_0 Node:  Return Node
[2026.08.22-21.19.36:387][434]PIE: Error: Blueprint Runtime Error: "Accessed None trying to read property Player Ref". Blueprint:  WBP_Flashlight Function:  Get Percent 0 Graph:  GetPercent_0 Node:  Return Node
[2026.08.22-21.19.36:404][435]PIE: Error: Blueprint Runtime Error: "Accessed None trying to read property Player Ref". Blueprint:  WBP_Flashlight Function:  Get Percent 0 Graph:  GetPercent_0 Node:  Return Node
[2026.08.22-21.19.36:424][436]PIE: Error: Blueprint Runtime Error: "Accessed None trying to read property Player Ref". Blueprint:  WBP_Flashlight Function:  Get Percent 0 Graph:  GetPercent_0 Node:  Return Node
[2026.08.22-21.19.36:442][437]PIE: Error: Blueprint Runtime Error: "Accessed None trying to read property Player Ref". Blueprint:  WBP_Flashlight Function:  Get Percent 0 Graph:  GetPercent_0 Node:  Return Node
[2026.08.22-21.19.36:458][438]PIE: Error: Blueprint Runtime Error: "Accessed None trying to read property Player Ref". Blueprint:  WBP_Flashlight Function:  Get Percent 0 Graph:  GetPercent_0 Node:  Return Node
[2026.08.22-21.19.36:475][439]PIE: Error: Blueprint Runtime Error: "Accessed None trying to read property Player Ref". Blueprint:  WBP_Flashlight Function:  Get Percent 0 Graph:  GetPercent_0 Node:  Return Node
[2026.08.22-21.19.36:490][440]PIE: Error: Blueprint Runtime Error: "Accessed None trying to read property Player Ref". Blueprint:  WBP_Flashlight Function:  Get Percent 0 Graph:  GetPercent_0 Node:  Return Node
[2026.08.22-21.19.36:509][441]PIE: Error: Blueprint Runtime Error: "Accessed None trying to read property Player Ref". Blueprint:  WBP_Flashlight Function:  Get Percent 0 Graph:  GetPercent_0 Node:  Return Node
[2026.08.22-21.19.36:525][442]PIE: Error: Blueprint Runtime Error: "Accessed None trying to read property Player Ref". Blueprint:  WBP_Flashlight Function:  Get Percent 0 Graph:  GetPercent_0 Node:  Return Node
[2026.08.22-21.19.36:546][443]PIE: Error: Blueprint Runtime Error: "Accessed None trying to read property Player Ref". Blueprint:  WBP_Flashlight Function:  Get Percent 0 Graph:  GetPercent_0 Node:  Return Node
[2026.08.22-21.19.36:558][444]PIE: Error: Blueprint Runtime Error: "Accessed None trying to read property Player Ref". Blueprint:  WBP_Flashlight Function:  Get Percent 0 Graph:  GetPercent_0 Node:  Return Node
[2026.08.22-21.19.36:579][445]PIE: Error: Blueprint Runtime Error: "Accessed None trying to read property Player Ref". Blueprint:  WBP_Flashlight Function:  Get Percent 0 Graph:  GetPercent_0 Node:  Return Node
[2026.08.22-21.19.36:593][446]PIE: Error: Blueprint Runtime Error: "Accessed None trying to read property Player Ref". Blueprint:  WBP_Flashlight Function:  Get Percent 0 Graph:  GetPercent_0 Node:  Return Node
[2026.08.22-21.19.36:612][447]PIE: Error: Blueprint Runtime Error: "Accessed None trying to read property Player Ref". Blueprint:  WBP_Flashlight Function:  Get Percent 0 Graph:  GetPercent_0 Node:  Return Node
[2026.08.22-21.19.36:627][448]PIE: Error: Blueprint Runtime Error: "Accessed None trying to read property Player Ref". Blueprint:  WBP_Flashlight Function:  Get Percent 0 Graph:  GetPercent_0 Node:  Return Node
[2026.08.22-21.19.36:645][449]PIE: Error: Blueprint Runtime Error: "Accessed None trying to read property Player Ref". Blueprint:  WBP_Flashlight Function:  Get Percent 0 Graph:  GetPercent_0 Node:  Return Node
[2026.08.22-21.19.36:660][450]PIE: Error: Blueprint Runtime Error: "Accessed None trying to read property Player Ref". Blueprint:  WBP_Flashlight Function:  Get Percent 0 Graph:  GetPercent_0 Node:  Return Node
[2026.08.22-21.19.36:681][451]PIE: Error: Blueprint Runtime Error: "Accessed None trying to read property Player Ref". Blueprint:  WBP_Flashlight Function:  Get Percent 0 Graph:  GetPercent_0 Node:  Return Node
[2026.08.22-21.19.36:697][452]PIE: Error: Blueprint Runtime Error: "Accessed None trying to read property Player Ref". Blueprint:  WBP_Flashlight Function:  Get Percent 0 Graph:  GetPercent_0 Node:  Return Node
[2026.08.22-21.19.36:713][453]PIE: Error: Blueprint Runtime Error: "Accessed None trying to read property Player Ref". Blueprint:  WBP_Flashlight Function:  Get Percent 0 Graph:  GetPercent_0 Node:  Return Node
[2026.08.22-21.19.36:731][454]PIE: Error: Blueprint Runtime Error: "Accessed None trying to read property Player Ref". Blueprint:  WBP_Flashlight Function:  Get Percent 0 Graph:  GetPercent_0 Node:  Return Node
[2026.08.22-21.19.36:747][455]PIE: Error: Blueprint Runtime Error: "Accessed None trying to read property Player Ref". Blueprint:  WBP_Flashlight Function:  Get Percent 0 Graph:  GetPercent_0 Node:  Return Node
[2026.08.22-21.19.36:764][456]PIE: Error: Blueprint Runtime Error: "Accessed None trying to read property Player Ref". Blueprint:  WBP_Flashlight Function:  Get Percent 0 Graph:  GetPercent_0 Node:  Return Node
[2026.08.22-21.19.36:776][457]PIE: Error: Blueprint Runtime Error: "Accessed None trying to read property Player Ref". Blueprint:  WBP_Flashlight Function:  Get Percent 0 Graph:  GetPercent_0 Node:  Return Node
[2026.08.22-21.19.36:799][458]PIE: Error: Blueprint Runtime Error: "Accessed None trying to read property Player Ref". Blueprint:  WBP_Flashlight Function:  Get Percent 0 Graph:  GetPercent_0 Node:  Return Node
[2026.08.22-21.19.36:816][459]PIE: Error: Blueprint Runtime Error: "Accessed None trying to read property Player Ref". Blueprint:  WBP_Flashlight Function:  Get Percent 0 Graph:  GetPercent_0 Node:  Return Node
[2026.08.22-21.19.36:835][460]PIE: Error: Blueprint Runtime Error: "Accessed None trying to read property Player Ref". Blueprint:  WBP_Flashlight Function:  Get Percent 0 Graph:  GetPercent_0 Node:  Return Node
[2026.08.22-21.19.36:852][461]PIE: Error: Blueprint Runtime Error: "Accessed None trying to read property Player Ref". Blueprint:  WBP_Flashlight Function:  Get Percent 0 Graph:  GetPercent_0 Node:  Return Node
[2026.08.22-21.19.36:864][462]PIE: Error: Blueprint Runtime Error: "Accessed None trying to read property Player Ref". Blueprint:  WBP_Flashlight Function:  Get Percent 0 Graph:  GetPercent_0 Node:  Return Node
[2026.08.22-21.19.36:884][463]PIE: Error: Blueprint Runtime Error: "Accessed None trying to read property Player Ref". Blueprint:  WBP_Flashlight Function:  Get Percent 0 Graph:  GetPercent_0 Node:  Return Node
[2026.08.22-21.19.36:900][464]PIE: Error: Blueprint Runtime Error: "Accessed None trying to read property Player Ref". Blueprint:  WBP_Flashlight Function:  Get Percent 0 Graph:  GetPercent_0 Node:  Return Node
[2026.08.22-21.19.36:917][465]PIE: Error: Blueprint Runtime Error: "Accessed None trying to read property Player Ref". Blueprint:  WBP_Flashlight Function:  Get Percent 0 Graph:  GetPercent_0 Node:  Return Node
[2026.08.22-21.19.36:934][466]PIE: Error: Blueprint Runtime Error: "Accessed None trying to read property Player Ref". Blueprint:  WBP_Flashlight Function:  Get Percent 0 Graph:  GetPercent_0 Node:  Return Node
[2026.08.22-21.19.36:951][467]PIE: Error: Blueprint Runtime Error: "Accessed None trying to read property Player Ref". Blueprint:  WBP_Flashlight Function:  Get Percent 0 Graph:  GetPercent_0 Node:  Return Node
[2026.08.22-21.19.36:969][468]PIE: Error: Blueprint Runtime Error: "Accessed None trying to read property Player Ref". Blueprint:  WBP_Flashlight Function:  Get Percent 0 Graph:  GetPercent_0 Node:  Return Node
[2026.08.22-21.19.36:982][469]PIE: Error: Blueprint Runtime Error: "Accessed None trying to read property Player Ref". Blueprint:  WBP_Flashlight Function:  Get Percent 0 Graph:  GetPercent_0 Node:  Return Node
[2026.08.22-21.19.37:002][470]PIE: Error: Blueprint Runtime Error: "Accessed None trying to read property Player Ref". Blueprint:  WBP_Flashlight Function:  Get Percent 0 Graph:  GetPercent_0 Node:  Return Node
[2026.08.22-21.19.37:015][471]PIE: Error: Blueprint Runtime Error: "Accessed None trying to read property Player Ref". Blueprint:  WBP_Flashlight Function:  Get Percent 0 Graph:  GetPercent_0 Node:  Return Node
[2026.08.22-21.19.37:031][472]PIE: Error: Blueprint Runtime Error: "Accessed None trying to read property Player Ref". Blueprint:  WBP_Flashlight Function:  Get Percent 0 Graph:  GetPercent_0 Node:  Return Node
[2026.08.22-21.19.37:046][473]PIE: Error: Blueprint Runtime Error: "Accessed None trying to read property Player Ref". Blueprint:  WBP_Flashlight Function:  Get Percent 0 Graph:  GetPercent_0 Node:  Return Node
[2026.08.22-21.19.37:062][474]PIE: Error: Blueprint Runtime Error: "Accessed None trying to read property Player Ref". Blueprint:  WBP_Flashlight Function:  Get Percent 0 Graph:  GetPercent_0 Node:  Return Node
[2026.08.22-21.19.37:079][475]PIE: Error: Blueprint Runtime Error: "Accessed None trying to read property Player Ref". Blueprint:  WBP_Flashlight Function:  Get Percent 0 Graph:  GetPercent_0 Node:  Return Node
[2026.08.22-21.19.37:095][476]PIE: Error: Blueprint Runtime Error: "Accessed None trying to read property Player Ref". Blueprint:  WBP_Flashlight Function:  Get Percent 0 Graph:  GetPercent_0 Node:  Return Node
[2026.08.22-21.19.37:113][477]PIE: Error: Blueprint Runtime Error: "Accessed None trying to read property Player Ref". Blueprint:  WBP_Flashlight Function:  Get Percent 0 Graph:  GetPercent_0 Node:  Return Node
[2026.08.22-21.19.37:130][478]PIE: Error: Blueprint Runtime Error: "Accessed None trying to read property Player Ref". Blueprint:  WBP_Flashlight Function:  Get Percent 0 Graph:  GetPercent_0 Node:  Return Node
[2026.08.22-21.19.37:145][479]PIE: Error: Blueprint Runtime Error: "Accessed None trying to read property Player Ref". Blueprint:  WBP_Flashlight Function:  Get Percent 0 Graph:  GetPercent_0 Node:  Return Node
[2026.08.22-21.19.37:162][480]PIE: Error: Blueprint Runtime Error: "Accessed None trying to read property Player Ref". Blueprint:  WBP_Flashlight Function:  Get Percent 0 Graph:  GetPercent_0 Node:  Return Node
[2026.08.22-21.19.37:179][481]PIE: Error: Blueprint Runtime Error: "Accessed None trying to read property Player Ref". Blueprint:  WBP_Flashlight Function:  Get Percent 0 Graph:  GetPercent_0 Node:  Return Node
[2026.08.22-21.19.37:197][482]PIE: Error: Blueprint Runtime Error: "Accessed None trying to read property Player Ref". Blueprint:  WBP_Flashlight Function:  Get Percent 0 Graph:  GetPercent_0 Node:  Return Node
[2026.08.22-21.19.37:213][483]PIE: Error: Blueprint Runtime Error: "Accessed None trying to read property Player Ref". Blueprint:  WBP_Flashlight Function:  Get Percent 0 Graph:  GetPercent_0 Node:  Return Node
[2026.08.22-21.19.37:228][484]PIE: Error: Blueprint Runtime Error: "Accessed None trying to read property Player Ref". Blueprint:  WBP_Flashlight Function:  Get Percent 0 Graph:  GetPercent_0 Node:  Return Node
[2026.08.22-21.19.37:245][485]PIE: Error: Blueprint Runtime Error: "Accessed None trying to read property Player Ref". Blueprint:  WBP_Flashlight Function:  Get Percent 0 Graph:  GetPercent_0 Node:  Return Node
[2026.08.22-21.19.37:262][486]PIE: Error: Blueprint Runtime Error: "Accessed None trying to read property Player Ref". Blueprint:  WBP_Flashlight Function:  Get Percent 0 Graph:  GetPercent_0 Node:  Return Node
[2026.08.22-21.19.37:279][487]PIE: Error: Blueprint Runtime Error: "Accessed None trying to read property Player Ref". Blueprint:  WBP_Flashlight Function:  Get Percent 0 Graph:  GetPercent_0 Node:  Return Node
[2026.08.22-21.19.37:295][488]PIE: Error: Blueprint Runtime Error: "Accessed None trying to read property Player Ref". Blueprint:  WBP_Flashlight Function:  Get Percent 0 Graph:  GetPercent_0 Node:  Return Node
[2026.08.22-21.19.37:313][489]PIE: Error: Blueprint Runtime Error: "Accessed None trying to read property Player Ref". Blueprint:  WBP_Flashlight Function:  Get Percent 0 Graph:  GetPercent_0 Node:  Return Node
[2026.08.22-21.19.37:329][490]PIE: Error: Blueprint Runtime Error: "Accessed None trying to read property Player Ref". Blueprint:  WBP_Flashlight Function:  Get Percent 0 Graph:  GetPercent_0 Node:  Return Node
[2026.08.22-21.19.37:346][491]PIE: Error: Blueprint Runtime Error: "Accessed None trying to read property Player Ref". Blueprint:  WBP_Flashlight Function:  Get Percent 0 Graph:  GetPercent_0 Node:  Return Node
[2026.08.22-21.19.37:362][492]PIE: Error: Blueprint Runtime Error: "Accessed None trying to read property Player Ref". Blueprint:  WBP_Flashlight Function:  Get Percent 0 Graph:  GetPercent_0 Node:  Return Node
[2026.08.22-21.19.37:379][493]PIE: Error: Blueprint Runtime Error: "Accessed None trying to read property Player Ref". Blueprint:  WBP_Flashlight Function:  Get Percent 0 Graph:  GetPercent_0 Node:  Return Node
[2026.08.22-21.19.37:396][494]PIE: Error: Blueprint Runtime Error: "Accessed None trying to read property Player Ref". Blueprint:  WBP_Flashlight Function:  Get Percent 0 Graph:  GetPercent_0 Node:  Return Node
[2026.08.22-21.19.37:413][495]PIE: Error: Blueprint Runtime Error: "Accessed None trying to read property Player Ref". Blueprint:  WBP_Flashlight Function:  Get Percent 0 Graph:  GetPercent_0 Node:  Return Node
[2026.08.22-21.19.37:429][496]PIE: Error: Blueprint Runtime Error: "Accessed None trying to read property Player Ref". Blueprint:  WBP_Flashlight Function:  Get Percent 0 Graph:  GetPercent_0 Node:  Return Node
[2026.08.22-21.19.37:446][497]PIE: Error: Blueprint Runtime Error: "Accessed None trying to read property Player Ref". Blueprint:  WBP_Flashlight Function:  Get Percent 0 Graph:  GetPercent_0 Node:  Return Node
[2026.08.22-21.19.37:461][498]PIE: Error: Blueprint Runtime Error: "Accessed None trying to read property Player Ref". Blueprint:  WBP_Flashlight Function:  Get Percent 0 Graph:  GetPercent_0 Node:  Return Node
[2026.08.22-21.19.37:479][499]PIE: Error: Blueprint Runtime Error: "Accessed None trying to read property Player Ref". Blueprint:  WBP_Flashlight Function:  Get Percent 0 Graph:  GetPercent_0 Node:  Return Node
[2026.08.22-21.19.37:494][500]PIE: Error: Blueprint Runtime Error: "Accessed None trying to read property Player Ref". Blueprint:  WBP_Flashlight Function:  Get Percent 0 Graph:  GetPercent_0 Node:  Return Node
[2026.08.22-21.19.37:512][501]PIE: Error: Blueprint Runtime Error: "Accessed None trying to read property Player Ref". Blueprint:  WBP_Flashlight Function:  Get Percent 0 Graph:  GetPercent_0 Node:  Return Node
[2026.08.22-21.19.37:528][502]PIE: Error: Blueprint Runtime Error: "Accessed None trying to read property Player Ref". Blueprint:  WBP_Flashlight Function:  Get Percent 0 Graph:  GetPercent_0 Node:  Return Node
[2026.08.22-21.19.37:545][503]PIE: Error: Blueprint Runtime Error: "Accessed None trying to read property Player Ref". Blueprint:  WBP_Flashlight Function:  Get Percent 0 Graph:  GetPercent_0 Node:  Return Node
[2026.08.22-21.19.37:562][504]PIE: Error: Blueprint Runtime Error: "Accessed None trying to read property Player Ref". Blueprint:  WBP_Flashlight Function:  Get Percent 0 Graph:  GetPercent_0 Node:  Return Node
[2026.08.22-21.19.37:578][505]PIE: Error: Blueprint Runtime Error: "Accessed None trying to read property Player Ref". Blueprint:  WBP_Flashlight Function:  Get Percent 0 Graph:  GetPercent_0 Node:  Return Node
[2026.08.22-21.19.37:595][506]PIE: Error: Blueprint Runtime Error: "Accessed None trying to read property Player Ref". Blueprint:  WBP_Flashlight Function:  Get Percent 0 Graph:  GetPercent_0 Node:  Return Node
[2026.08.22-21.19.37:614][507]PIE: Error: Blueprint Runtime Error: "Accessed None trying to read property Player Ref". Blueprint:  WBP_Flashlight Function:  Get Percent 0 Graph:  GetPercent_0 Node:  Return Node
[2026.08.22-21.19.37:631][508]PIE: Error: Blueprint Runtime Error: "Accessed None trying to read property Player Ref". Blueprint:  WBP_Flashlight Function:  Get Percent 0 Graph:  GetPercent_0 Node:  Return Node
[2026.08.22-21.19.37:646][509]PIE: Error: Blueprint Runtime Error: "Accessed None trying to read property Player Ref". Blueprint:  WBP_Flashlight Function:  Get Percent 0 Graph:  GetPercent_0 Node:  Return Node
[2026.08.22-21.19.37:662][510]PIE: Error: Blueprint Runtime Error: "Accessed None trying to read property Player Ref". Blueprint:  WBP_Flashlight Function:  Get Percent 0 Graph:  GetPercent_0 Node:  Return Node
[2026.08.22-21.19.37:679][511]PIE: Error: Blueprint Runtime Error: "Accessed None trying to read property Player Ref". Blueprint:  WBP_Flashlight Function:  Get Percent 0 Graph:  GetPercent_0 Node:  Return Node
[2026.08.22-21.19.37:695][512]PIE: Error: Blueprint Runtime Error: "Accessed None trying to read property Player Ref". Blueprint:  WBP_Flashlight Function:  Get Percent 0 Graph:  GetPercent_0 Node:  Return Node
[2026.08.22-21.19.37:711][513]PIE: Error: Blueprint Runtime Error: "Accessed None trying to read property Player Ref". Blueprint:  WBP_Flashlight Function:  Get Percent 0 Graph:  GetPercent_0 Node:  Return Node
[2026.08.22-21.19.37:728][514]PIE: Error: Blueprint Runtime Error: "Accessed None trying to read property Player Ref". Blueprint:  WBP_Flashlight Function:  Get Percent 0 Graph:  GetPercent_0 Node:  Return Node
[2026.08.22-21.19.37:745][515]PIE: Error: Blueprint Runtime Error: "Accessed None trying to read property Player Ref". Blueprint:  WBP_Flashlight Function:  Get Percent 0 Graph:  GetPercent_0 Node:  Return Node
[2026.08.22-21.19.37:763][516]PIE: Error: Blueprint Runtime Error: "Accessed None trying to read property Player Ref". Blueprint:  WBP_Flashlight Function:  Get Percent 0 Graph:  GetPercent_0 Node:  Return Node
[2026.08.22-21.19.37:779][517]PIE: Error: Blueprint Runtime Error: "Accessed None trying to read property Player Ref". Blueprint:  WBP_Flashlight Function:  Get Percent 0 Graph:  GetPercent_0 Node:  Return Node
[2026.08.22-21.19.37:796][518]PIE: Error: Blueprint Runtime Error: "Accessed None trying to read property Player Ref". Blueprint:  WBP_Flashlight Function:  Get Percent 0 Graph:  GetPercent_0 Node:  Return Node
[2026.08.22-21.19.37:813][519]PIE: Error: Blueprint Runtime Error: "Accessed None trying to read property Player Ref". Blueprint:  WBP_Flashlight Function:  Get Percent 0 Graph:  GetPercent_0 Node:  Return Node
[2026.08.22-21.19.37:830][520]PIE: Error: Blueprint Runtime Error: "Accessed None trying to read property Player Ref". Blueprint:  WBP_Flashlight Function:  Get Percent 0 Graph:  GetPercent_0 Node:  Return Node
[2026.08.22-21.19.37:846][521]PIE: Error: Blueprint Runtime Error: "Accessed None trying to read property Player Ref". Blueprint:  WBP_Flashlight Function:  Get Percent 0 Graph:  GetPercent_0 Node:  Return Node
[2026.08.22-21.19.37:862][522]PIE: Error: Blueprint Runtime Error: "Accessed None trying to read property Player Ref". Blueprint:  WBP_Flashlight Function:  Get Percent 0 Graph:  GetPercent_0 Node:  Return Node
[2026.08.22-21.19.37:880][523]PIE: Error: Blueprint Runtime Error: "Accessed None trying to read property Player Ref". Blueprint:  WBP_Flashlight Function:  Get Percent 0 Graph:  GetPercent_0 Node:  Return Node
[2026.08.22-21.19.37:895][524]PIE: Error: Blueprint Runtime Error: "Accessed None trying to read property Player Ref". Blueprint:  WBP_Flashlight Function:  Get Percent 0 Graph:  GetPercent_0 Node:  Return Node
[2026.08.22-21.19.37:912][525]PIE: Error: Blueprint Runtime Error: "Accessed None trying to read property Player Ref". Blueprint:  WBP_Flashlight Function:  Get Percent 0 Graph:  GetPercent_0 Node:  Return Node
[2026.08.22-21.19.37:929][526]PIE: Error: Blueprint Runtime Error: "Accessed None trying to read property Player Ref". Blueprint:  WBP_Flashlight Function:  Get Percent 0 Graph:  GetPercent_0 Node:  Return Node
[2026.08.22-21.19.37:945][527]PIE: Error: Blueprint Runtime Error: "Accessed None trying to read property Player Ref". Blueprint:  WBP_Flashlight Function:  Get Percent 0 Graph:  GetPercent_0 Node:  Return Node
[2026.08.22-21.19.37:962][528]PIE: Error: Blueprint Runtime Error: "Accessed None trying to read property Player Ref". Blueprint:  WBP_Flashlight Function:  Get Percent 0 Graph:  GetPercent_0 Node:  Return Node
[2026.08.22-21.19.37:980][529]PIE: Error: Blueprint Runtime Error: "Accessed None trying to read property Player Ref". Blueprint:  WBP_Flashlight Function:  Get Percent 0 Graph:  GetPercent_0 Node:  Return Node
[2026.08.22-21.19.37:995][530]PIE: Error: Blueprint Runtime Error: "Accessed None trying to read property Player Ref". Blueprint:  WBP_Flashlight Function:  Get Percent 0 Graph:  GetPercent_0 Node:  Return Node
[2026.08.22-21.19.38:012][531]PIE: Error: Blueprint Runtime Error: "Accessed None trying to read property Player Ref". Blueprint:  WBP_Flashlight Function:  Get Percent 0 Graph:  GetPercent_0 Node:  Return Node
[2026.08.22-21.19.38:029][532]PIE: Error: Blueprint Runtime Error: "Accessed None trying to read property Player Ref". Blueprint:  WBP_Flashlight Function:  Get Percent 0 Graph:  GetPercent_0 Node:  Return Node
[2026.08.22-21.19.38:045][533]PIE: Error: Blueprint Runtime Error: "Accessed None trying to read property Player Ref". Blueprint:  WBP_Flashlight Function:  Get Percent 0 Graph:  GetPercent_0 Node:  Return Node
[2026.08.22-21.19.38:063][534]PIE: Error: Blueprint Runtime Error: "Accessed None trying to read property Player Ref". Blueprint:  WBP_Flashlight Function:  Get Percent 0 Graph:  GetPercent_0 Node:  Return Node
[2026.08.22-21.19.38:079][535]PIE: Error: Blueprint Runtime Error: "Accessed None trying to read property Player Ref". Blueprint:  WBP_Flashlight Function:  Get Percent 0 Graph:  GetPercent_0 Node:  Return Node
[2026.08.22-21.19.38:097][536]PIE: Error: Blueprint Runtime Error: "Accessed None trying to read property Player Ref". Blueprint:  WBP_Flashlight Function:  Get Percent 0 Graph:  GetPercent_0 Node:  Return Node
[2026.08.22-21.19.38:112][537]PIE: Error: Blueprint Runtime Error: "Accessed None trying to read property Player Ref". Blueprint:  WBP_Flashlight Function:  Get Percent 0 Graph:  GetPercent_0 Node:  Return Node
[2026.08.22-21.19.38:130][538]PIE: Error: Blueprint Runtime Error: "Accessed None trying to read property Player Ref". Blueprint:  WBP_Flashlight Function:  Get Percent 0 Graph:  GetPercent_0 Node:  Return Node
[2026.08.22-21.19.38:146][539]PIE: Error: Blueprint Runtime Error: "Accessed None trying to read property Player Ref". Blueprint:  WBP_Flashlight Function:  Get Percent 0 Graph:  GetPercent_0 Node:  Return Node
[2026.08.22-21.19.38:164][540]PIE: Error: Blueprint Runtime Error: "Accessed None trying to read property Player Ref". Blueprint:  WBP_Flashlight Function:  Get Percent 0 Graph:  GetPercent_0 Node:  Return Node
[2026.08.22-21.19.38:179][541]PIE: Error: Blueprint Runtime Error: "Accessed None trying to read property Player Ref". Blueprint:  WBP_Flashlight Function:  Get Percent 0 Graph:  GetPercent_0 Node:  Return Node
[2026.08.22-21.19.38:196][542]PIE: Error: Blueprint Runtime Error: "Accessed None trying to read property Player Ref". Blueprint:  WBP_Flashlight Function:  Get Percent 0 Graph:  GetPercent_0 Node:  Return Node
[2026.08.22-21.19.38:212][543]PIE: Error: Blueprint Runtime Error: "Accessed None trying to read property Player Ref". Blueprint:  WBP_Flashlight Function:  Get Percent 0 Graph:  GetPercent_0 Node:  Return Node
[2026.08.22-21.19.38:229][544]PIE: Error: Blueprint Runtime Error: "Accessed None trying to read property Player Ref". Blueprint:  WBP_Flashlight Function:  Get Percent 0 Graph:  GetPercent_0 Node:  Return Node
[2026.08.22-21.19.38:245][545]PIE: Error: Blueprint Runtime Error: "Accessed None trying to read property Player Ref". Blueprint:  WBP_Flashlight Function:  Get Percent 0 Graph:  GetPercent_0 Node:  Return Node
[2026.08.22-21.19.38:262][546]PIE: Error: Blueprint Runtime Error: "Accessed None trying to read property Player Ref". Blueprint:  WBP_Flashlight Function:  Get Percent 0 Graph:  GetPercent_0 Node:  Return Node
[2026.08.22-21.19.38:279][547]PIE: Error: Blueprint Runtime Error: "Accessed None trying to read property Player Ref". Blueprint:  WBP_Flashlight Function:  Get Percent 0 Graph:  GetPercent_0 Node:  Return Node
[2026.08.22-21.19.38:296][548]PIE: Error: Blueprint Runtime Error: "Accessed None trying to read property Player Ref". Blueprint:  WBP_Flashlight Function:  Get Percent 0 Graph:  GetPercent_0 Node:  Return Node
[2026.08.22-21.19.38:313][549]PIE: Error: Blueprint Runtime Error: "Accessed None trying to read property Player Ref". Blueprint:  WBP_Flashlight Function:  Get Percent 0 Graph:  GetPercent_0 Node:  Return Node
[2026.08.22-21.19.38:330][550]PIE: Error: Blueprint Runtime Error: "Accessed None trying to read property Player Ref". Blueprint:  WBP_Flashlight Function:  Get Percent 0 Graph:  GetPercent_0 Node:  Return Node
[2026.08.22-21.19.38:348][551]PIE: Error: Blueprint Runtime Error: "Accessed None trying to read property Player Ref". Blueprint:  WBP_Flashlight Function:  Get Percent 0 Graph:  GetPercent_0 Node:  Return Node
[2026.08.22-21.19.38:364][552]PIE: Error: Blueprint Runtime Error: "Accessed None trying to read property Player Ref". Blueprint:  WBP_Flashlight Function:  Get Percent 0 Graph:  GetPercent_0 Node:  Return Node
[2026.08.22-21.19.38:380][553]PIE: Error: Blueprint Runtime Error: "Accessed None trying to read property Player Ref". Blueprint:  WBP_Flashlight Function:  Get Percent 0 Graph:  GetPercent_0 Node:  Return Node
[2026.08.22-21.19.38:395][554]PIE: Error: Blueprint Runtime Error: "Accessed None trying to read property Player Ref". Blueprint:  WBP_Flashlight Function:  Get Percent 0 Graph:  GetPercent_0 Node:  Return Node
[2026.08.22-21.19.38:412][555]PIE: Error: Blueprint Runtime Error: "Accessed None trying to read property Player Ref". Blueprint:  WBP_Flashlight Function:  Get Percent 0 Graph:  GetPercent_0 Node:  Return Node
[2026.08.22-21.19.38:429][556]PIE: Error: Blueprint Runtime Error: "Accessed None trying to read property Player Ref". Blueprint:  WBP_Flashlight Function:  Get Percent 0 Graph:  GetPercent_0 Node:  Return Node
[2026.08.22-21.19.38:447][557]PIE: Error: Blueprint Runtime Error: "Accessed None trying to read property Player Ref". Blueprint:  WBP_Flashlight Function:  Get Percent 0 Graph:  GetPercent_0 Node:  Return Node
[2026.08.22-21.19.38:462][558]PIE: Error: Blueprint Runtime Error: "Accessed None trying to read property Player Ref". Blueprint:  WBP_Flashlight Function:  Get Percent 0 Graph:  GetPercent_0 Node:  Return Node
[2026.08.22-21.19.38:480][559]PIE: Error: Blueprint Runtime Error: "Accessed None trying to read property Player Ref". Blueprint:  WBP_Flashlight Function:  Get Percent 0 Graph:  GetPercent_0 Node:  Return Node
[2026.08.22-21.19.38:495][560]PIE: Error: Blueprint Runtime Error: "Accessed None trying to read property Player Ref". Blueprint:  WBP_Flashlight Function:  Get Percent 0 Graph:  GetPercent_0 Node:  Return Node
[2026.08.22-21.19.38:512][561]PIE: Error: Blueprint Runtime Error: "Accessed None trying to read property Player Ref". Blueprint:  WBP_Flashlight Function:  Get Percent 0 Graph:  GetPercent_0 Node:  Return Node
[2026.08.22-21.19.38:529][562]PIE: Error: Blueprint Runtime Error: "Accessed None trying to read property Player Ref". Blueprint:  WBP_Flashlight Function:  Get Percent 0 Graph:  GetPercent_0 Node:  Return Node
[2026.08.22-21.19.38:545][563]PIE: Error: Blueprint Runtime Error: "Accessed None trying to read property Player Ref". Blueprint:  WBP_Flashlight Function:  Get Percent 0 Graph:  GetPercent_0 Node:  Return Node
[2026.08.22-21.19.38:562][564]PIE: Error: Blueprint Runtime Error: "Accessed None trying to read property Player Ref". Blueprint:  WBP_Flashlight Function:  Get Percent 0 Graph:  GetPercent_0 Node:  Return Node
[2026.08.22-21.19.38:579][565]PIE: Error: Blueprint Runtime Error: "Accessed None trying to read property Player Ref". Blueprint:  WBP_Flashlight Function:  Get Percent 0 Graph:  GetPercent_0 Node:  Return Node
[2026.08.22-21.19.38:595][566]PIE: Error: Blueprint Runtime Error: "Accessed None trying to read property Player Ref". Blueprint:  WBP_Flashlight Function:  Get Percent 0 Graph:  GetPercent_0 Node:  Return Node
[2026.08.22-21.19.38:612][567]PIE: Error: Blueprint Runtime Error: "Accessed None trying to read property Player Ref". Blueprint:  WBP_Flashlight Function:  Get Percent 0 Graph:  GetPercent_0 Node:  Return Node
[2026.08.22-21.19.38:629][568]PIE: Error: Blueprint Runtime Error: "Accessed None trying to read property Player Ref". Blueprint:  WBP_Flashlight Function:  Get Percent 0 Graph:  GetPercent_0 Node:  Return Node
[2026.08.22-21.19.38:645][569]PIE: Error: Blueprint Runtime Error: "Accessed None trying to read property Player Ref". Blueprint:  WBP_Flashlight Function:  Get Percent 0 Graph:  GetPercent_0 Node:  Return Node
[2026.08.22-21.19.38:662][570]PIE: Error: Blueprint Runtime Error: "Accessed None trying to read property Player Ref". Blueprint:  WBP_Flashlight Function:  Get Percent 0 Graph:  GetPercent_0 Node:  Return Node
[2026.08.22-21.19.38:679][571]PIE: Error: Blueprint Runtime Error: "Accessed None trying to read property Player Ref". Blueprint:  WBP_Flashlight Function:  Get Percent 0 Graph:  GetPercent_0 Node:  Return Node
[2026.08.22-21.19.38:695][572]PIE: Error: Blueprint Runtime Error: "Accessed None trying to read property Player Ref". Blueprint:  WBP_Flashlight Function:  Get Percent 0 Graph:  GetPercent_0 Node:  Return Node
[2026.08.22-21.19.38:713][573]PIE: Error: Blueprint Runtime Error: "Accessed None trying to read property Player Ref". Blueprint:  WBP_Flashlight Function:  Get Percent 0 Graph:  GetPercent_0 Node:  Return Node
[2026.08.22-21.19.38:730][574]PIE: Error: Blueprint Runtime Error: "Accessed None trying to read property Player Ref". Blueprint:  WBP_Flashlight Function:  Get Percent 0 Graph:  GetPercent_0 Node:  Return Node
[2026.08.22-21.19.38:748][575]PIE: Error: Blueprint Runtime Error: "Accessed None trying to read property Player Ref". Blueprint:  WBP_Flashlight Function:  Get Percent 0 Graph:  GetPercent_0 Node:  Return Node
[2026.08.22-21.19.38:763][576]PIE: Error: Blueprint Runtime Error: "Accessed None trying to read property Player Ref". Blueprint:  WBP_Flashlight Function:  Get Percent 0 Graph:  GetPercent_0 Node:  Return Node
[2026.08.22-21.19.38:780][577]PIE: Error: Blueprint Runtime Error: "Accessed None trying to read property Player Ref". Blueprint:  WBP_Flashlight Function:  Get Percent 0 Graph:  GetPercent_0 Node:  Return Node
[2026.08.22-21.19.38:795][578]PIE: Error: Blueprint Runtime Error: "Accessed None trying to read property Player Ref". Blueprint:  WBP_Flashlight Function:  Get Percent 0 Graph:  GetPercent_0 Node:  Return Node
[2026.08.22-21.19.38:813][579]PIE: Error: Blueprint Runtime Error: "Accessed None trying to read property Player Ref". Blueprint:  WBP_Flashlight Function:  Get Percent 0 Graph:  GetPercent_0 Node:  Return Node
[2026.08.22-21.19.38:829][580]PIE: Error: Blueprint Runtime Error: "Accessed None trying to read property Player Ref". Blueprint:  WBP_Flashlight Function:  Get Percent 0 Graph:  GetPercent_0 Node:  Return Node
[2026.08.22-21.19.38:845][581]PIE: Error: Blueprint Runtime Error: "Accessed None trying to read property Player Ref". Blueprint:  WBP_Flashlight Function:  Get Percent 0 Graph:  GetPercent_0 Node:  Return Node
[2026.08.22-21.19.38:863][582]PIE: Error: Blueprint Runtime Error: "Accessed None trying to read property Player Ref". Blueprint:  WBP_Flashlight Function:  Get Percent 0 Graph:  GetPercent_0 Node:  Return Node
[2026.08.22-21.19.38:879][583]PIE: Error: Blueprint Runtime Error: "Accessed None trying to read property Player Ref". Blueprint:  WBP_Flashlight Function:  Get Percent 0 Graph:  GetPercent_0 Node:  Return Node
[2026.08.22-21.19.38:896][584]PIE: Error: Blueprint Runtime Error: "Accessed None trying to read property Player Ref". Blueprint:  WBP_Flashlight Function:  Get Percent 0 Graph:  GetPercent_0 Node:  Return Node
[2026.08.22-21.19.38:912][585]PIE: Error: Blueprint Runtime Error: "Accessed None trying to read property Player Ref". Blueprint:  WBP_Flashlight Function:  Get Percent 0 Graph:  GetPercent_0 Node:  Return Node
[2026.08.22-21.19.38:930][586]PIE: Error: Blueprint Runtime Error: "Accessed None trying to read property Player Ref". Blueprint:  WBP_Flashlight Function:  Get Percent 0 Graph:  GetPercent_0 Node:  Return Node
[2026.08.22-21.19.38:949][587]PIE: Error: Blueprint Runtime Error: "Accessed None trying to read property Player Ref". Blueprint:  WBP_Flashlight Function:  Get Percent 0 Graph:  GetPercent_0 Node:  Return Node
[2026.08.22-21.19.38:964][588]PIE: Error: Blueprint Runtime Error: "Accessed None trying to read property Player Ref". Blueprint:  WBP_Flashlight Function:  Get Percent 0 Graph:  GetPercent_0 Node:  Return Node
[2026.08.22-21.19.38:981][589]PIE: Error: Blueprint Runtime Error: "Accessed None trying to read property Player Ref". Blueprint:  WBP_Flashlight Function:  Get Percent 0 Graph:  GetPercent_0 Node:  Return Node
[2026.08.22-21.19.38:999][590]PIE: Error: Blueprint Runtime Error: "Accessed None trying to read property Player Ref". Blueprint:  WBP_Flashlight Function:  Get Percent 0 Graph:  GetPercent_0 Node:  Return Node
[2026.08.22-21.19.39:015][591]PIE: Error: Blueprint Runtime Error: "Accessed None trying to read property Player Ref". Blueprint:  WBP_Flashlight Function:  Get Percent 0 Graph:  GetPercent_0 Node:  Return Node
[2026.08.22-21.19.39:032][592]PIE: Error: Blueprint Runtime Error: "Accessed None trying to read property Player Ref". Blueprint:  WBP_Flashlight Function:  Get Percent 0 Graph:  GetPercent_0 Node:  Return Node
[2026.08.22-21.19.39:049][593]PIE: Error: Blueprint Runtime Error: "Accessed None trying to read property Player Ref". Blueprint:  WBP_Flashlight Function:  Get Percent 0 Graph:  GetPercent_0 Node:  Return Node
[2026.08.22-21.19.39:066][594]PIE: Error: Blueprint Runtime Error: "Accessed None trying to read property Player Ref". Blueprint:  WBP_Flashlight Function:  Get Percent 0 Graph:  GetPercent_0 Node:  Return Node
[2026.08.22-21.19.39:082][595]PIE: Error: Blueprint Runtime Error: "Accessed None trying to read property Player Ref". Blueprint:  WBP_Flashlight Function:  Get Percent 0 Graph:  GetPercent_0 Node:  Return Node
[2026.08.22-21.19.39:097][596]PIE: Error: Blueprint Runtime Error: "Accessed None trying to read property Player Ref". Blueprint:  WBP_Flashlight Function:  Get Percent 0 Graph:  GetPercent_0 Node:  Return Node
[2026.08.22-21.19.39:114][597]PIE: Error: Blueprint Runtime Error: "Accessed None trying to read property Player Ref". Blueprint:  WBP_Flashlight Function:  Get Percent 0 Graph:  GetPercent_0 Node:  Return Node
[2026.08.22-21.19.39:130][598]PIE: Error: Blueprint Runtime Error: "Accessed None trying to read property Player Ref". Blueprint:  WBP_Flashlight Function:  Get Percent 0 Graph:  GetPercent_0 Node:  Return Node
[2026.08.22-21.19.39:149][599]PIE: Error: Blueprint Runtime Error: "Accessed None trying to read property Player Ref". Blueprint:  WBP_Flashlight Function:  Get Percent 0 Graph:  GetPercent_0 Node:  Return Node
[2026.08.22-21.19.39:164][600]PIE: Error: Blueprint Runtime Error: "Accessed None trying to read property Player Ref". Blueprint:  WBP_Flashlight Function:  Get Percent 0 Graph:  GetPercent_0 Node:  Return Node
[2026.08.22-21.19.39:180][601]PIE: Error: Blueprint Runtime Error: "Accessed None trying to read property Player Ref". Blueprint:  WBP_Flashlight Function:  Get Percent 0 Graph:  GetPercent_0 Node:  Return Node
[2026.08.22-21.19.39:197][602]PIE: Error: Blueprint Runtime Error: "Accessed None trying to read property Player Ref". Blueprint:  WBP_Flashlight Function:  Get Percent 0 Graph:  GetPercent_0 Node:  Return Node
[2026.08.22-21.19.39:215][603]PIE: Error: Blueprint Runtime Error: "Accessed None trying to read property Player Ref". Blueprint:  WBP_Flashlight Function:  Get Percent 0 Graph:  GetPercent_0 Node:  Return Node
[2026.08.22-21.19.39:231][604]PIE: Error: Blueprint Runtime Error: "Accessed None trying to read property Player Ref". Blueprint:  WBP_Flashlight Function:  Get Percent 0 Graph:  GetPercent_0 Node:  Return Node
[2026.08.22-21.19.39:249][605]PIE: Error: Blueprint Runtime Error: "Accessed None trying to read property Player Ref". Blueprint:  WBP_Flashlight Function:  Get Percent 0 Graph:  GetPercent_0 Node:  Return Node
[2026.08.22-21.19.39:264][606]PIE: Error: Blueprint Runtime Error: "Accessed None trying to read property Player Ref". Blueprint:  WBP_Flashlight Function:  Get Percent 0 Graph:  GetPercent_0 Node:  Return Node
[2026.08.22-21.19.39:282][607]PIE: Error: Blueprint Runtime Error: "Accessed None trying to read property Player Ref". Blueprint:  WBP_Flashlight Function:  Get Percent 0 Graph:  GetPercent_0 Node:  Return Node
[2026.08.22-21.19.39:297][608]PIE: Error: Blueprint Runtime Error: "Accessed None trying to read property Player Ref". Blueprint:  WBP_Flashlight Function:  Get Percent 0 Graph:  GetPercent_0 Node:  Return Node
[2026.08.22-21.19.39:315][609]PIE: Error: Blueprint Runtime Error: "Accessed None trying to read property Player Ref". Blueprint:  WBP_Flashlight Function:  Get Percent 0 Graph:  GetPercent_0 Node:  Return Node
[2026.08.22-21.19.39:331][610]PIE: Error: Blueprint Runtime Error: "Accessed None trying to read property Player Ref". Blueprint:  WBP_Flashlight Function:  Get Percent 0 Graph:  GetPercent_0 Node:  Return Node
[2026.08.22-21.19.39:348][611]PIE: Error: Blueprint Runtime Error: "Accessed None trying to read property Player Ref". Blueprint:  WBP_Flashlight Function:  Get Percent 0 Graph:  GetPercent_0 Node:  Return Node
[2026.08.22-21.19.39:362][612]PIE: Error: Blueprint Runtime Error: "Accessed None trying to read property Player Ref". Blueprint:  WBP_Flashlight Function:  Get Percent 0 Graph:  GetPercent_0 Node:  Return Node
[2026.08.22-21.19.39:382][613]PIE: Error: Blueprint Runtime Error: "Accessed None trying to read property Player Ref". Blueprint:  WBP_Flashlight Function:  Get Percent 0 Graph:  GetPercent_0 Node:  Return Node
[2026.08.22-21.19.39:399][614]PIE: Error: Blueprint Runtime Error: "Accessed None trying to read property Player Ref". Blueprint:  WBP_Flashlight Function:  Get Percent 0 Graph:  GetPercent_0 Node:  Return Node
[2026.08.22-21.19.39:417][615]PIE: Error: Blueprint Runtime Error: "Accessed None trying to read property Player Ref". Blueprint:  WBP_Flashlight Function:  Get Percent 0 Graph:  GetPercent_0 Node:  Return Node
[2026.08.22-21.19.39:433][616]PIE: Error: Blueprint Runtime Error: "Accessed None trying to read property Player Ref". Blueprint:  WBP_Flashlight Function:  Get Percent 0 Graph:  GetPercent_0 Node:  Return Node
[2026.08.22-21.19.39:450][617]PIE: Error: Blueprint Runtime Error: "Accessed None trying to read property Player Ref". Blueprint:  WBP_Flashlight Function:  Get Percent 0 Graph:  GetPercent_0 Node:  Return Node
[2026.08.22-21.19.39:465][618]PIE: Error: Blueprint Runtime Error: "Accessed None trying to read property Player Ref". Blueprint:  WBP_Flashlight Function:  Get Percent 0 Graph:  GetPercent_0 Node:  Return Node
[2026.08.22-21.19.39:482][619]PIE: Error: Blueprint Runtime Error: "Accessed None trying to read property Player Ref". Blueprint:  WBP_Flashlight Function:  Get Percent 0 Graph:  GetPercent_0 Node:  Return Node
[2026.08.22-21.19.39:501][620]PIE: Error: Blueprint Runtime Error: "Accessed None trying to read property Player Ref". Blueprint:  WBP_Flashlight Function:  Get Percent 0 Graph:  GetPercent_0 Node:  Return Node
[2026.08.22-21.19.39:518][621]PIE: Error: Blueprint Runtime Error: "Accessed None trying to read property Player Ref". Blueprint:  WBP_Flashlight Function:  Get Percent 0 Graph:  GetPercent_0 Node:  Return Node
[2026.08.22-21.19.39:535][622]PIE: Error: Blueprint Runtime Error: "Accessed None trying to read property Player Ref". Blueprint:  WBP_Flashlight Function:  Get Percent 0 Graph:  GetPercent_0 Node:  Return Node
[2026.08.22-21.19.39:550][623]PIE: Error: Blueprint Runtime Error: "Accessed None trying to read property Player Ref". Blueprint:  WBP_Flashlight Function:  Get Percent 0 Graph:  GetPercent_0 Node:  Return Node
[2026.08.22-21.19.39:565][624]PIE: Error: Blueprint Runtime Error: "Accessed None trying to read property Player Ref". Blueprint:  WBP_Flashlight Function:  Get Percent 0 Graph:  GetPercent_0 Node:  Return Node
[2026.08.22-21.19.39:581][625]PIE: Error: Blueprint Runtime Error: "Accessed None trying to read property Player Ref". Blueprint:  WBP_Flashlight Function:  Get Percent 0 Graph:  GetPercent_0 Node:  Return Node
[2026.08.22-21.19.39:597][626]PIE: Error: Blueprint Runtime Error: "Accessed None trying to read property Player Ref". Blueprint:  WBP_Flashlight Function:  Get Percent 0 Graph:  GetPercent_0 Node:  Return Node
[2026.08.22-21.19.39:614][627]PIE: Error: Blueprint Runtime Error: "Accessed None trying to read property Player Ref". Blueprint:  WBP_Flashlight Function:  Get Percent 0 Graph:  GetPercent_0 Node:  Return Node
[2026.08.22-21.19.39:632][628]PIE: Error: Blueprint Runtime Error: "Accessed None trying to read property Player Ref". Blueprint:  WBP_Flashlight Function:  Get Percent 0 Graph:  GetPercent_0 Node:  Return Node
[2026.08.22-21.19.39:648][629]PIE: Error: Blueprint Runtime Error: "Accessed None trying to read property Player Ref". Blueprint:  WBP_Flashlight Function:  Get Percent 0 Graph:  GetPercent_0 Node:  Return Node
[2026.08.22-21.19.39:665][630]PIE: Error: Blueprint Runtime Error: "Accessed None trying to read property Player Ref". Blueprint:  WBP_Flashlight Function:  Get Percent 0 Graph:  GetPercent_0 Node:  Return Node
[2026.08.22-21.19.39:682][631]PIE: Error: Blueprint Runtime Error: "Accessed None trying to read property Player Ref". Blueprint:  WBP_Flashlight Function:  Get Percent 0 Graph:  GetPercent_0 Node:  Return Node
[2026.08.22-21.19.39:699][632]PIE: Error: Blueprint Runtime Error: "Accessed None trying to read property Player Ref". Blueprint:  WBP_Flashlight Function:  Get Percent 0 Graph:  GetPercent_0 Node:  Return Node
[2026.08.22-21.19.39:714][633]PIE: Error: Blueprint Runtime Error: "Accessed None trying to read property Player Ref". Blueprint:  WBP_Flashlight Function:  Get Percent 0 Graph:  GetPercent_0 Node:  Return Node
[2026.08.22-21.19.39:731][634]PIE: Error: Blueprint Runtime Error: "Accessed None trying to read property Player Ref". Blueprint:  WBP_Flashlight Function:  Get Percent 0 Graph:  GetPercent_0 Node:  Return Node
[2026.08.22-21.19.39:747][635]PIE: Error: Blueprint Runtime Error: "Accessed None trying to read property Player Ref". Blueprint:  WBP_Flashlight Function:  Get Percent 0 Graph:  GetPercent_0 Node:  Return Node
[2026.08.22-21.19.39:764][636]PIE: Error: Blueprint Runtime Error: "Accessed None trying to read property Player Ref". Blueprint:  WBP_Flashlight Function:  Get Percent 0 Graph:  GetPercent_0 Node:  Return Node
[2026.08.22-21.19.39:781][637]PIE: Error: Blueprint Runtime Error: "Accessed None trying to read property Player Ref". Blueprint:  WBP_Flashlight Function:  Get Percent 0 Graph:  GetPercent_0 Node:  Return Node
[2026.08.22-21.19.39:798][638]PIE: Error: Blueprint Runtime Error: "Accessed None trying to read property Player Ref". Blueprint:  WBP_Flashlight Function:  Get Percent 0 Graph:  GetPercent_0 Node:  Return Node
[2026.08.22-21.19.39:814][639]PIE: Error: Blueprint Runtime Error: "Accessed None trying to read property Player Ref". Blueprint:  WBP_Flashlight Function:  Get Percent 0 Graph:  GetPercent_0 Node:  Return Node
[2026.08.22-21.19.39:830][640]PIE: Error: Blueprint Runtime Error: "Accessed None trying to read property Player Ref". Blueprint:  WBP_Flashlight Function:  Get Percent 0 Graph:  GetPercent_0 Node:  Return Node
[2026.08.22-21.19.39:847][641]PIE: Error: Blueprint Runtime Error: "Accessed None trying to read property Player Ref". Blueprint:  WBP_Flashlight Function:  Get Percent 0 Graph:  GetPercent_0 Node:  Return Node
[2026.08.22-21.19.39:864][642]PIE: Error: Blueprint Runtime Error: "Accessed None trying to read property Player Ref". Blueprint:  WBP_Flashlight Function:  Get Percent 0 Graph:  GetPercent_0 Node:  Return Node
[2026.08.22-21.19.39:881][643]PIE: Error: Blueprint Runtime Error: "Accessed None trying to read property Player Ref". Blueprint:  WBP_Flashlight Function:  Get Percent 0 Graph:  GetPercent_0 Node:  Return Node
[2026.08.22-21.19.39:897][644]PIE: Error: Blueprint Runtime Error: "Accessed None trying to read property Player Ref". Blueprint:  WBP_Flashlight Function:  Get Percent 0 Graph:  GetPercent_0 Node:  Return Node
[2026.08.22-21.19.39:914][645]PIE: Error: Blueprint Runtime Error: "Accessed None trying to read property Player Ref". Blueprint:  WBP_Flashlight Function:  Get Percent 0 Graph:  GetPercent_0 Node:  Return Node
[2026.08.22-21.19.39:930][646]PIE: Error: Blueprint Runtime Error: "Accessed None trying to read property Player Ref". Blueprint:  WBP_Flashlight Function:  Get Percent 0 Graph:  GetPercent_0 Node:  Return Node
[2026.08.22-21.19.39:948][647]PIE: Error: Blueprint Runtime Error: "Accessed None trying to read property Player Ref". Blueprint:  WBP_Flashlight Function:  Get Percent 0 Graph:  GetPercent_0 Node:  Return Node
[2026.08.22-21.19.39:964][648]PIE: Error: Blueprint Runtime Error: "Accessed None trying to read property Player Ref". Blueprint:  WBP_Flashlight Function:  Get Percent 0 Graph:  GetPercent_0 Node:  Return Node
[2026.08.22-21.19.39:982][649]PIE: Error: Blueprint Runtime Error: "Accessed None trying to read property Player Ref". Blueprint:  WBP_Flashlight Function:  Get Percent 0 Graph:  GetPercent_0 Node:  Return Node
[2026.08.22-21.19.39:998][650]PIE: Error: Blueprint Runtime Error: "Accessed None trying to read property Player Ref". Blueprint:  WBP_Flashlight Function:  Get Percent 0 Graph:  GetPercent_0 Node:  Return Node
[2026.08.22-21.19.40:014][651]PIE: Error: Blueprint Runtime Error: "Accessed None trying to read property Player Ref". Blueprint:  WBP_Flashlight Function:  Get Percent 0 Graph:  GetPercent_0 Node:  Return Node
[2026.08.22-21.19.40:031][652]PIE: Error: Blueprint Runtime Error: "Accessed None trying to read property Player Ref". Blueprint:  WBP_Flashlight Function:  Get Percent 0 Graph:  GetPercent_0 Node:  Return Node
[2026.08.22-21.19.40:048][653]PIE: Error: Blueprint Runtime Error: "Accessed None trying to read property Player Ref". Blueprint:  WBP_Flashlight Function:  Get Percent 0 Graph:  GetPercent_0 Node:  Return Node
[2026.08.22-21.19.40:064][654]PIE: Error: Blueprint Runtime Error: "Accessed None trying to read property Player Ref". Blueprint:  WBP_Flashlight Function:  Get Percent 0 Graph:  GetPercent_0 Node:  Return Node
[2026.08.22-21.19.40:080][655]PIE: Error: Blueprint Runtime Error: "Accessed None trying to read property Player Ref". Blueprint:  WBP_Flashlight Function:  Get Percent 0 Graph:  GetPercent_0 Node:  Return Node
[2026.08.22-21.19.40:097][656]PIE: Error: Blueprint Runtime Error: "Accessed None trying to read property Player Ref". Blueprint:  WBP_Flashlight Function:  Get Percent 0 Graph:  GetPercent_0 Node:  Return Node
[2026.08.22-21.19.40:114][657]PIE: Error: Blueprint Runtime Error: "Accessed None trying to read property Player Ref". Blueprint:  WBP_Flashlight Function:  Get Percent 0 Graph:  GetPercent_0 Node:  Return Node
[2026.08.22-21.19.40:132][658]PIE: Error: Blueprint Runtime Error: "Accessed None trying to read property Player Ref". Blueprint:  WBP_Flashlight Function:  Get Percent 0 Graph:  GetPercent_0 Node:  Return Node
[2026.08.22-21.19.40:149][659]PIE: Error: Blueprint Runtime Error: "Accessed None trying to read property Player Ref". Blueprint:  WBP_Flashlight Function:  Get Percent 0 Graph:  GetPercent_0 Node:  Return Node
[2026.08.22-21.19.40:165][660]PIE: Error: Blueprint Runtime Error: "Accessed None trying to read property Player Ref". Blueprint:  WBP_Flashlight Function:  Get Percent 0 Graph:  GetPercent_0 Node:  Return Node
[2026.08.22-21.19.40:181][661]PIE: Error: Blueprint Runtime Error: "Accessed None trying to read property Player Ref". Blueprint:  WBP_Flashlight Function:  Get Percent 0 Graph:  GetPercent_0 Node:  Return Node
[2026.08.22-21.19.40:197][662]PIE: Error: Blueprint Runtime Error: "Accessed None trying to read property Player Ref". Blueprint:  WBP_Flashlight Function:  Get Percent 0 Graph:  GetPercent_0 Node:  Return Node
[2026.08.22-21.19.40:214][663]PIE: Error: Blueprint Runtime Error: "Accessed None trying to read property Player Ref". Blueprint:  WBP_Flashlight Function:  Get Percent 0 Graph:  GetPercent_0 Node:  Return Node
[2026.08.22-21.19.40:231][664]PIE: Error: Blueprint Runtime Error: "Accessed None trying to read property Player Ref". Blueprint:  WBP_Flashlight Function:  Get Percent 0 Graph:  GetPercent_0 Node:  Return Node
[2026.08.22-21.19.40:247][665]PIE: Error: Blueprint Runtime Error: "Accessed None trying to read property Player Ref". Blueprint:  WBP_Flashlight Function:  Get Percent 0 Graph:  GetPercent_0 Node:  Return Node
[2026.08.22-21.19.40:263][666]PIE: Error: Blueprint Runtime Error: "Accessed None trying to read property Player Ref". Blueprint:  WBP_Flashlight Function:  Get Percent 0 Graph:  GetPercent_0 Node:  Return Node
[2026.08.22-21.19.40:281][667]PIE: Error: Blueprint Runtime Error: "Accessed None trying to read property Player Ref". Blueprint:  WBP_Flashlight Function:  Get Percent 0 Graph:  GetPercent_0 Node:  Return Node
[2026.08.22-21.19.40:297][668]PIE: Error: Blueprint Runtime Error: "Accessed None trying to read property Player Ref". Blueprint:  WBP_Flashlight Function:  Get Percent 0 Graph:  GetPercent_0 Node:  Return Node
[2026.08.22-21.19.40:313][669]PIE: Error: Blueprint Runtime Error: "Accessed None trying to read property Player Ref". Blueprint:  WBP_Flashlight Function:  Get Percent 0 Graph:  GetPercent_0 Node:  Return Node
[2026.08.22-21.19.40:331][670]PIE: Error: Blueprint Runtime Error: "Accessed None trying to read property Player Ref". Blueprint:  WBP_Flashlight Function:  Get Percent 0 Graph:  GetPercent_0 Node:  Return Node
[2026.08.22-21.19.40:349][671]PIE: Error: Blueprint Runtime Error: "Accessed None trying to read property Player Ref". Blueprint:  WBP_Flashlight Function:  Get Percent 0 Graph:  GetPercent_0 Node:  Return Node
[2026.08.22-21.19.40:364][672]PIE: Error: Blueprint Runtime Error: "Accessed None trying to read property Player Ref". Blueprint:  WBP_Flashlight Function:  Get Percent 0 Graph:  GetPercent_0 Node:  Return Node
[2026.08.22-21.19.40:382][673]PIE: Error: Blueprint Runtime Error: "Accessed None trying to read property Player Ref". Blueprint:  WBP_Flashlight Function:  Get Percent 0 Graph:  GetPercent_0 Node:  Return Node
[2026.08.22-21.19.40:399][674]PIE: Error: Blueprint Runtime Error: "Accessed None trying to read property Player Ref". Blueprint:  WBP_Flashlight Function:  Get Percent 0 Graph:  GetPercent_0 Node:  Return Node
[2026.08.22-21.19.40:415][675]PIE: Error: Blueprint Runtime Error: "Accessed None trying to read property Player Ref". Blueprint:  WBP_Flashlight Function:  Get Percent 0 Graph:  GetPercent_0 Node:  Return Node
[2026.08.22-21.19.40:432][676]PIE: Error: Blueprint Runtime Error: "Accessed None trying to read property Player Ref". Blueprint:  WBP_Flashlight Function:  Get Percent 0 Graph:  GetPercent_0 Node:  Return Node
[2026.08.22-21.19.40:449][677]PIE: Error: Blueprint Runtime Error: "Accessed None trying to read property Player Ref". Blueprint:  WBP_Flashlight Function:  Get Percent 0 Graph:  GetPercent_0 Node:  Return Node
[2026.08.22-21.19.40:465][678]PIE: Error: Blueprint Runtime Error: "Accessed None trying to read property Player Ref". Blueprint:  WBP_Flashlight Function:  Get Percent 0 Graph:  GetPercent_0 Node:  Return Node
[2026.08.22-21.19.40:482][679]PIE: Error: Blueprint Runtime Error: "Accessed None trying to read property Player Ref". Blueprint:  WBP_Flashlight Function:  Get Percent 0 Graph:  GetPercent_0 Node:  Return Node
[2026.08.22-21.19.40:498][680]PIE: Error: Blueprint Runtime Error: "Accessed None trying to read property Player Ref". Blueprint:  WBP_Flashlight Function:  Get Percent 0 Graph:  GetPercent_0 Node:  Return Node
[2026.08.22-21.19.40:514][681]PIE: Error: Blueprint Runtime Error: "Accessed None trying to read property Player Ref". Blueprint:  WBP_Flashlight Function:  Get Percent 0 Graph:  GetPercent_0 Node:  Return Node
[2026.08.22-21.19.40:531][682]PIE: Error: Blueprint Runtime Error: "Accessed None trying to read property Player Ref". Blueprint:  WBP_Flashlight Function:  Get Percent 0 Graph:  GetPercent_0 Node:  Return Node
[2026.08.22-21.19.40:547][683]PIE: Error: Blueprint Runtime Error: "Accessed None trying to read property Player Ref". Blueprint:  WBP_Flashlight Function:  Get Percent 0 Graph:  GetPercent_0 Node:  Return Node
[2026.08.22-21.19.40:563][684]PIE: Error: Blueprint Runtime Error: "Accessed None trying to read property Player Ref". Blueprint:  WBP_Flashlight Function:  Get Percent 0 Graph:  GetPercent_0 Node:  Return Node
[2026.08.22-21.19.40:580][685]PIE: Error: Blueprint Runtime Error: "Accessed None trying to read property Player Ref". Blueprint:  WBP_Flashlight Function:  Get Percent 0 Graph:  GetPercent_0 Node:  Return Node
[2026.08.22-21.19.40:599][686]PIE: Error: Blueprint Runtime Error: "Accessed None trying to read property Player Ref". Blueprint:  WBP_Flashlight Function:  Get Percent 0 Graph:  GetPercent_0 Node:  Return Node
[2026.08.22-21.19.40:614][687]PIE: Error: Blueprint Runtime Error: "Accessed None trying to read property Player Ref". Blueprint:  WBP_Flashlight Function:  Get Percent 0 Graph:  GetPercent_0 Node:  Return Node
[2026.08.22-21.19.40:631][688]PIE: Error: Blueprint Runtime Error: "Accessed None trying to read property Player Ref". Blueprint:  WBP_Flashlight Function:  Get Percent 0 Graph:  GetPercent_0 Node:  Return Node
[2026.08.22-21.19.40:649][689]PIE: Error: Blueprint Runtime Error: "Accessed None trying to read property Player Ref". Blueprint:  WBP_Flashlight Function:  Get Percent 0 Graph:  GetPercent_0 Node:  Return Node
[2026.08.22-21.19.40:666][690]PIE: Error: Blueprint Runtime Error: "Accessed None trying to read property Player Ref". Blueprint:  WBP_Flashlight Function:  Get Percent 0 Graph:  GetPercent_0 Node:  Return Node
[2026.08.22-21.19.40:682][691]PIE: Error: Blueprint Runtime Error: "Accessed None trying to read property Player Ref". Blueprint:  WBP_Flashlight Function:  Get Percent 0 Graph:  GetPercent_0 Node:  Return Node
[2026.08.22-21.19.40:698][692]PIE: Error: Blueprint Runtime Error: "Accessed None trying to read property Player Ref". Blueprint:  WBP_Flashlight Function:  Get Percent 0 Graph:  GetPercent_0 Node:  Return Node
[2026.08.22-21.19.40:714][693]PIE: Error: Blueprint Runtime Error: "Accessed None trying to read property Player Ref". Blueprint:  WBP_Flashlight Function:  Get Percent 0 Graph:  GetPercent_0 Node:  Return Node
[2026.08.22-21.19.40:731][694]PIE: Error: Blueprint Runtime Error: "Accessed None trying to read property Player Ref". Blueprint:  WBP_Flashlight Function:  Get Percent 0 Graph:  GetPercent_0 Node:  Return Node
[2026.08.22-21.19.40:747][695]PIE: Error: Blueprint Runtime Error: "Accessed None trying to read property Player Ref". Blueprint:  WBP_Flashlight Function:  Get Percent 0 Graph:  GetPercent_0 Node:  Return Node
[2026.08.22-21.19.40:764][696]PIE: Error: Blueprint Runtime Error: "Accessed None trying to read property Player Ref". Blueprint:  WBP_Flashlight Function:  Get Percent 0 Graph:  GetPercent_0 Node:  Return Node
[2026.08.22-21.19.40:781][697]PIE: Error: Blueprint Runtime Error: "Accessed None trying to read property Player Ref". Blueprint:  WBP_Flashlight Function:  Get Percent 0 Graph:  GetPercent_0 Node:  Return Node
[2026.08.22-21.19.40:797][698]PIE: Error: Blueprint Runtime Error: "Accessed None trying to read property Player Ref". Blueprint:  WBP_Flashlight Function:  Get Percent 0 Graph:  GetPercent_0 Node:  Return Node
[2026.08.22-21.19.40:814][699]PIE: Error: Blueprint Runtime Error: "Accessed None trying to read property Player Ref". Blueprint:  WBP_Flashlight Function:  Get Percent 0 Graph:  GetPercent_0 Node:  Return Node
[2026.08.22-21.19.40:831][700]PIE: Error: Blueprint Runtime Error: "Accessed None trying to read property Player Ref". Blueprint:  WBP_Flashlight Function:  Get Percent 0 Graph:  GetPercent_0 Node:  Return Node
[2026.08.22-21.19.40:847][701]PIE: Error: Blueprint Runtime Error: "Accessed None trying to read property Player Ref". Blueprint:  WBP_Flashlight Function:  Get Percent 0 Graph:  GetPercent_0 Node:  Return Node
[2026.08.22-21.19.40:865][702]PIE: Error: Blueprint Runtime Error: "Accessed None trying to read property Player Ref". Blueprint:  WBP_Flashlight Function:  Get Percent 0 Graph:  GetPercent_0 Node:  Return Node
[2026.08.22-21.19.40:881][703]PIE: Error: Blueprint Runtime Error: "Accessed None trying to read property Player Ref". Blueprint:  WBP_Flashlight Function:  Get Percent 0 Graph:  GetPercent_0 Node:  Return Node
[2026.08.22-21.19.40:897][704]PIE: Error: Blueprint Runtime Error: "Accessed None trying to read property Player Ref". Blueprint:  WBP_Flashlight Function:  Get Percent 0 Graph:  GetPercent_0 Node:  Return Node
[2026.08.22-21.19.40:915][705]PIE: Error: Blueprint Runtime Error: "Accessed None trying to read property Player Ref". Blueprint:  WBP_Flashlight Function:  Get Percent 0 Graph:  GetPercent_0 Node:  Return Node
[2026.08.22-21.19.40:931][706]PIE: Error: Blueprint Runtime Error: "Accessed None trying to read property Player Ref". Blueprint:  WBP_Flashlight Function:  Get Percent 0 Graph:  GetPercent_0 Node:  Return Node
[2026.08.22-21.19.40:949][707]PIE: Error: Blueprint Runtime Error: "Accessed None trying to read property Player Ref". Blueprint:  WBP_Flashlight Function:  Get Percent 0 Graph:  GetPercent_0 Node:  Return Node
[2026.08.22-21.19.40:965][708]PIE: Error: Blueprint Runtime Error: "Accessed None trying to read property Player Ref". Blueprint:  WBP_Flashlight Function:  Get Percent 0 Graph:  GetPercent_0 Node:  Return Node
[2026.08.22-21.19.40:982][709]PIE: Error: Blueprint Runtime Error: "Accessed None trying to read property Player Ref". Blueprint:  WBP_Flashlight Function:  Get Percent 0 Graph:  GetPercent_0 Node:  Return Node
[2026.08.22-21.19.40:999][710]PIE: Error: Blueprint Runtime Error: "Accessed None trying to read property Player Ref". Blueprint:  WBP_Flashlight Function:  Get Percent 0 Graph:  GetPercent_0 Node:  Return Node
[2026.08.22-21.19.41:015][711]PIE: Error: Blueprint Runtime Error: "Accessed None trying to read property Player Ref". Blueprint:  WBP_Flashlight Function:  Get Percent 0 Graph:  GetPercent_0 Node:  Return Node
[2026.08.22-21.19.41:031][712]PIE: Error: Blueprint Runtime Error: "Accessed None trying to read property Player Ref". Blueprint:  WBP_Flashlight Function:  Get Percent 0 Graph:  GetPercent_0 Node:  Return Node
[2026.08.22-21.19.41:049][713]PIE: Error: Blueprint Runtime Error: "Accessed None trying to read property Player Ref". Blueprint:  WBP_Flashlight Function:  Get Percent 0 Graph:  GetPercent_0 Node:  Return Node
[2026.08.22-21.19.41:065][714]PIE: Error: Blueprint Runtime Error: "Accessed None trying to read property Player Ref". Blueprint:  WBP_Flashlight Function:  Get Percent 0 Graph:  GetPercent_0 Node:  Return Node
[2026.08.22-21.19.41:083][715]PIE: Error: Blueprint Runtime Error: "Accessed None trying to read property Player Ref". Blueprint:  WBP_Flashlight Function:  Get Percent 0 Graph:  GetPercent_0 Node:  Return Node
[2026.08.22-21.19.41:099][716]PIE: Error: Blueprint Runtime Error: "Accessed None trying to read property Player Ref". Blueprint:  WBP_Flashlight Function:  Get Percent 0 Graph:  GetPercent_0 Node:  Return Node
[2026.08.22-21.19.41:115][717]PIE: Error: Blueprint Runtime Error: "Accessed None trying to read property Player Ref". Blueprint:  WBP_Flashlight Function:  Get Percent 0 Graph:  GetPercent_0 Node:  Return Node
[2026.08.22-21.19.41:132][718]PIE: Error: Blueprint Runtime Error: "Accessed None trying to read property Player Ref". Blueprint:  WBP_Flashlight Function:  Get Percent 0 Graph:  GetPercent_0 Node:  Return Node
[2026.08.22-21.19.41:148][719]PIE: Error: Blueprint Runtime Error: "Accessed None trying to read property Player Ref". Blueprint:  WBP_Flashlight Function:  Get Percent 0 Graph:  GetPercent_0 Node:  Return Node
[2026.08.22-21.19.41:165][720]PIE: Error: Blueprint Runtime Error: "Accessed None trying to read property Player Ref". Blueprint:  WBP_Flashlight Function:  Get Percent 0 Graph:  GetPercent_0 Node:  Return Node
[2026.08.22-21.19.41:181][721]PIE: Error: Blueprint Runtime Error: "Accessed None trying to read property Player Ref". Blueprint:  WBP_Flashlight Function:  Get Percent 0 Graph:  GetPercent_0 Node:  Return Node
[2026.08.22-21.19.41:197][722]PIE: Error: Blueprint Runtime Error: "Accessed None trying to read property Player Ref". Blueprint:  WBP_Flashlight Function:  Get Percent 0 Graph:  GetPercent_0 Node:  Return Node
[2026.08.22-21.19.41:214][723]PIE: Error: Blueprint Runtime Error: "Accessed None trying to read property Player Ref". Blueprint:  WBP_Flashlight Function:  Get Percent 0 Graph:  GetPercent_0 Node:  Return Node
[2026.08.22-21.19.41:231][724]PIE: Error: Blueprint Runtime Error: "Accessed None trying to read property Player Ref". Blueprint:  WBP_Flashlight Function:  Get Percent 0 Graph:  GetPercent_0 Node:  Return Node
[2026.08.22-21.19.41:247][725]PIE: Error: Blueprint Runtime Error: "Accessed None trying to read property Player Ref". Blueprint:  WBP_Flashlight Function:  Get Percent 0 Graph:  GetPercent_0 Node:  Return Node
[2026.08.22-21.19.41:264][726]PIE: Error: Blueprint Runtime Error: "Accessed None trying to read property Player Ref". Blueprint:  WBP_Flashlight Function:  Get Percent 0 Graph:  GetPercent_0 Node:  Return Node
[2026.08.22-21.19.41:281][727]PIE: Error: Blueprint Runtime Error: "Accessed None trying to read property Player Ref". Blueprint:  WBP_Flashlight Function:  Get Percent 0 Graph:  GetPercent_0 Node:  Return Node
[2026.08.22-21.19.41:299][728]PIE: Error: Blueprint Runtime Error: "Accessed None trying to read property Player Ref". Blueprint:  WBP_Flashlight Function:  Get Percent 0 Graph:  GetPercent_0 Node:  Return Node
[2026.08.22-21.19.41:314][729]PIE: Error: Blueprint Runtime Error: "Accessed None trying to read property Player Ref". Blueprint:  WBP_Flashlight Function:  Get Percent 0 Graph:  GetPercent_0 Node:  Return Node
[2026.08.22-21.19.41:332][730]PIE: Error: Blueprint Runtime Error: "Accessed None trying to read property Player Ref". Blueprint:  WBP_Flashlight Function:  Get Percent 0 Graph:  GetPercent_0 Node:  Return Node
[2026.08.22-21.19.41:349][731]PIE: Error: Blueprint Runtime Error: "Accessed None trying to read property Player Ref". Blueprint:  WBP_Flashlight Function:  Get Percent 0 Graph:  GetPercent_0 Node:  Return Node
[2026.08.22-21.19.41:366][732]PIE: Error: Blueprint Runtime Error: "Accessed None trying to read property Player Ref". Blueprint:  WBP_Flashlight Function:  Get Percent 0 Graph:  GetPercent_0 Node:  Return Node
[2026.08.22-21.19.41:382][733]PIE: Error: Blueprint Runtime Error: "Accessed None trying to read property Player Ref". Blueprint:  WBP_Flashlight Function:  Get Percent 0 Graph:  GetPercent_0 Node:  Return Node
[2026.08.22-21.19.41:399][734]PIE: Error: Blueprint Runtime Error: "Accessed None trying to read property Player Ref". Blueprint:  WBP_Flashlight Function:  Get Percent 0 Graph:  GetPercent_0 Node:  Return Node
[2026.08.22-21.19.41:414][735]PIE: Error: Blueprint Runtime Error: "Accessed None trying to read property Player Ref". Blueprint:  WBP_Flashlight Function:  Get Percent 0 Graph:  GetPercent_0 Node:  Return Node
[2026.08.22-21.19.41:433][736]PIE: Error: Blueprint Runtime Error: "Accessed None trying to read property Player Ref". Blueprint:  WBP_Flashlight Function:  Get Percent 0 Graph:  GetPercent_0 Node:  Return Node
[2026.08.22-21.19.41:450][737]PIE: Error: Blueprint Runtime Error: "Accessed None trying to read property Player Ref". Blueprint:  WBP_Flashlight Function:  Get Percent 0 Graph:  GetPercent_0 Node:  Return Node
[2026.08.22-21.19.41:467][738]PIE: Error: Blueprint Runtime Error: "Accessed None trying to read property Player Ref". Blueprint:  WBP_Flashlight Function:  Get Percent 0 Graph:  GetPercent_0 Node:  Return Node
[2026.08.22-21.19.41:482][739]PIE: Error: Blueprint Runtime Error: "Accessed None trying to read property Player Ref". Blueprint:  WBP_Flashlight Function:  Get Percent 0 Graph:  GetPercent_0 Node:  Return Node
[2026.08.22-21.19.41:499][740]PIE: Error: Blueprint Runtime Error: "Accessed None trying to read property Player Ref". Blueprint:  WBP_Flashlight Function:  Get Percent 0 Graph:  GetPercent_0 Node:  Return Node
[2026.08.22-21.19.41:514][741]PIE: Error: Blueprint Runtime Error: "Accessed None trying to read property Player Ref". Blueprint:  WBP_Flashlight Function:  Get Percent 0 Graph:  GetPercent_0 Node:  Return Node
[2026.08.22-21.19.41:531][742]PIE: Error: Blueprint Runtime Error: "Accessed None trying to read property Player Ref". Blueprint:  WBP_Flashlight Function:  Get Percent 0 Graph:  GetPercent_0 Node:  Return Node
[2026.08.22-21.19.41:548][743]PIE: Error: Blueprint Runtime Error: "Accessed None trying to read property Player Ref". Blueprint:  WBP_Flashlight Function:  Get Percent 0 Graph:  GetPercent_0 Node:  Return Node
[2026.08.22-21.19.41:565][744]PIE: Error: Blueprint Runtime Error: "Accessed None trying to read property Player Ref". Blueprint:  WBP_Flashlight Function:  Get Percent 0 Graph:  GetPercent_0 Node:  Return Node
[2026.08.22-21.19.41:582][745]PIE: Error: Blueprint Runtime Error: "Accessed None trying to read property Player Ref". Blueprint:  WBP_Flashlight Function:  Get Percent 0 Graph:  GetPercent_0 Node:  Return Node
[2026.08.22-21.19.41:598][746]PIE: Error: Blueprint Runtime Error: "Accessed None trying to read property Player Ref". Blueprint:  WBP_Flashlight Function:  Get Percent 0 Graph:  GetPercent_0 Node:  Return Node
[2026.08.22-21.19.41:614][747]PIE: Error: Blueprint Runtime Error: "Accessed None trying to read property Player Ref". Blueprint:  WBP_Flashlight Function:  Get Percent 0 Graph:  GetPercent_0 Node:  Return Node
[2026.08.22-21.19.41:632][748]PIE: Error: Blueprint Runtime Error: "Accessed None trying to read property Player Ref". Blueprint:  WBP_Flashlight Function:  Get Percent 0 Graph:  GetPercent_0 Node:  Return Node
[2026.08.22-21.19.41:677][749]LogSlate: Updating window title bar state: overlay mode, drag disabled, window buttons hidden, title bar hidden
[2026.08.22-21.19.41:677][749]LogWorld: BeginTearingDown for /Game/Maps/UEDPIE_0_Sattelite_01
[2026.08.22-21.19.41:678][749]LogWorld: UWorld::CleanupWorld for Sattelite_01, bSessionEnded=true, bCleanupResources=true
[2026.08.22-21.19.41:678][749]LogSlate: InvalidateAllWidgets triggered.  All widgets were invalidated
[2026.08.22-21.19.41:690][749]LogPlayLevel: Display: Shutting down PIE online subsystems
[2026.08.22-21.19.41:772][749]LogSlate: InvalidateAllWidgets triggered.  All widgets were invalidated
[2026.08.22-21.19.41:826][749]LogSlate: Updating window title bar state: overlay mode, drag disabled, window buttons hidden, title bar hidden
[2026.08.22-21.19.41:827][749]LogAudioMixer: FMixerPlatformXAudio2::StopAudioStream() called
[2026.08.22-21.19.41:829][749]LogAudioMixer: FMixerPlatformXAudio2::StopAudioStream() called
[2026.08.22-21.19.41:840][749]LogUObjectHash: Compacting FUObjectHashTables data took   4.09ms
[2026.08.22-21.19.41:951][750]LogPlayLevel: Display: Destroying online subsystem :Context_15
[2026.08.22-21.20.17:000][144]LogTemp: Repeating last play command: Selected Viewport
[2026.08.22-21.20.17:020][144]LogPlayLevel: PlayLevel: No blueprints needed recompiling
[2026.08.22-21.20.17:021][144]PIE: New page: PIE session: Sattelite_01 (Aug 23, 2026, 8:20:17 AM)
[2026.08.22-21.20.17:021][144]LogPlayLevel: Creating play world package: /Game/Maps/UEDPIE_0_Sattelite_01
[2026.08.22-21.20.17:033][144]LogPlayLevel: PIE: StaticDuplicateObject took: (0.011756s)
[2026.08.22-21.20.17:037][144]LogAIModule: Creating AISystem for world Sattelite_01
[2026.08.22-21.20.17:038][144]LogPlayLevel: PIE: World Init took: (0.004229s)
[2026.08.22-21.20.17:038][144]LogPlayLevel: PIE: Created PIE world by copying editor world from /Game/Maps/Sattelite_01.Sattelite_01 to /Game/Maps/UEDPIE_0_Sattelite_01.Sattelite_01 (0.016367s)
[2026.08.22-21.20.17:086][144]LogUObjectHash: Compacting FUObjectHashTables data took   3.39ms
[2026.08.22-21.20.17:089][144]LogAudio: Display: Creating Audio Device:                 Id: 8, Scope: Unique, Realtime: True
[2026.08.22-21.20.17:089][144]LogAudioMixer: Display: Audio Mixer Platform Settings:
[2026.08.22-21.20.17:089][144]LogAudioMixer: Display: 	Sample Rate:						  48000
[2026.08.22-21.20.17:089][144]LogAudioMixer: Display: 	Callback Buffer Frame Size Requested: 1024
[2026.08.22-21.20.17:089][144]LogAudioMixer: Display: 	Callback Buffer Frame Size To Use:	  1024
[2026.08.22-21.20.17:089][144]LogAudioMixer: Display: 	Number of buffers to queue:			  2
[2026.08.22-21.20.17:089][144]LogAudioMixer: Display: 	Max Channels (voices):				  32
[2026.08.22-21.20.17:089][144]LogAudioMixer: Display: 	Number of Async Source Workers:		  0
[2026.08.22-21.20.17:089][144]LogAudio: Display: AudioDevice MaxSources: 32
[2026.08.22-21.20.17:090][144]LogAudio: Display: Audio Spatialization Plugin: None (built-in).
[2026.08.22-21.20.17:090][144]LogAudio: Display: Audio Reverb Plugin: None (built-in).
[2026.08.22-21.20.17:090][144]LogAudio: Display: Audio Occlusion Plugin: None (built-in).
[2026.08.22-21.20.17:090][144]LogAudioMixer: Display: Initializing audio mixer.
[2026.08.22-21.20.17:094][144]LogAudioMixer: Display: 0: FrontLeft
[2026.08.22-21.20.17:094][144]LogAudioMixer: Display: 1: FrontRight
[2026.08.22-21.20.17:118][144]LogAudioMixer: Display: Using Audio Device Speakers / Headphones (Realtek Audio)
[2026.08.22-21.20.17:119][144]LogAudioMixer: Display: Initializing Sound Submixes...
[2026.08.22-21.20.17:119][144]LogAudioMixer: Display: Creating Master Submix 'MasterSubmixDefault'
[2026.08.22-21.20.17:119][144]LogAudioMixer: Display: Creating Master Submix 'MasterReverbSubmixDefault'
[2026.08.22-21.20.17:120][144]LogAudioMixer: Display: Creating Master Submix 'MasterEQSubmixDefault'
[2026.08.22-21.20.17:120][144]LogAudioMixer: FMixerPlatformXAudio2::StartAudioStream() called
[2026.08.22-21.20.17:120][144]LogAudioMixer: Display: Output buffers initialized: Frames=1024, Channels=2, Samples=2048
[2026.08.22-21.20.17:122][144]LogAudioMixer: Display: Starting AudioMixerPlatformInterface::RunInternal()
[2026.08.22-21.20.17:122][144]LogAudioMixer: Display: FMixerPlatformXAudio2::SubmitBuffer() called for the first time
[2026.08.22-21.20.17:122][144]LogInit: FAudioDevice initialized.
[2026.08.22-21.20.17:123][144]LogAudio: Display: Audio Device (ID: 8) registered with world 'Sattelite_01'.
[2026.08.22-21.20.17:133][144]LogLoad: Game class is 'GameModeBase'
[2026.08.22-21.20.17:136][144]LogWorld: Bringing World /Game/Maps/UEDPIE_0_Sattelite_01.Sattelite_01 up for play (max tick rate 60) at 2026.08.23-02.50.17
[2026.08.22-21.20.17:137][144]LogWorld: Bringing up level for play took: 0.002521
[2026.08.22-21.20.17:137][144]LogOnline: OSS: Creating online subsystem instance for: :Context_16
[2026.08.22-21.20.17:141][144]PIE: Server logged in
[2026.08.22-21.20.17:142][144]PIE: Play in editor total start time 0.129 seconds.
[2026.08.22-21.20.17:259][144]PIE: Error: Blueprint Runtime Error: "Accessed None trying to read property Player Ref". Blueprint:  WBP_Flashlight Function:  Get Percent 0 Graph:  GetPercent_0 Node:  Return Node
[2026.08.22-21.20.17:272][145]PIE: Error: Blueprint Runtime Error: "Accessed None trying to read property Player Ref". Blueprint:  WBP_Flashlight Function:  Get Percent 0 Graph:  GetPercent_0 Node:  Return Node
[2026.08.22-21.20.17:287][146]PIE: Error: Blueprint Runtime Error: "Accessed None trying to read property Player Ref". Blueprint:  WBP_Flashlight Function:  Get Percent 0 Graph:  GetPercent_0 Node:  Return Node
[2026.08.22-21.20.17:303][147]PIE: Error: Blueprint Runtime Error: "Accessed None trying to read property Player Ref". Blueprint:  WBP_Flashlight Function:  Get Percent 0 Graph:  GetPercent_0 Node:  Return Node
[2026.08.22-21.20.17:318][148]PIE: Error: Blueprint Runtime Error: "Accessed None trying to read property Player Ref". Blueprint:  WBP_Flashlight Function:  Get Percent 0 Graph:  GetPercent_0 Node:  Return Node
[2026.08.22-21.20.17:335][149]PIE: Error: Blueprint Runtime Error: "Accessed None trying to read property Player Ref". Blueprint:  WBP_Flashlight Function:  Get Percent 0 Graph:  GetPercent_0 Node:  Return Node
[2026.08.22-21.20.17:352][150]PIE: Error: Blueprint Runtime Error: "Accessed None trying to read property Player Ref". Blueprint:  WBP_Flashlight Function:  Get Percent 0 Graph:  GetPercent_0 Node:  Return Node
[2026.08.22-21.20.17:368][151]PIE: Error: Blueprint Runtime Error: "Accessed None trying to read property Player Ref". Blueprint:  WBP_Flashlight Function:  Get Percent 0 Graph:  GetPercent_0 Node:  Return Node
[2026.08.22-21.20.17:385][152]PIE: Error: Blueprint Runtime Error: "Accessed None trying to read property Player Ref". Blueprint:  WBP_Flashlight Function:  Get Percent 0 Graph:  GetPercent_0 Node:  Return Node
[2026.08.22-21.20.17:403][153]PIE: Error: Blueprint Runtime Error: "Accessed None trying to read property Player Ref". Blueprint:  WBP_Flashlight Function:  Get Percent 0 Graph:  GetPercent_0 Node:  Return Node
[2026.08.22-21.20.17:419][154]PIE: Error: Blueprint Runtime Error: "Accessed None trying to read property Player Ref". Blueprint:  WBP_Flashlight Function:  Get Percent 0 Graph:  GetPercent_0 Node:  Return Node
[2026.08.22-21.20.17:435][155]PIE: Error: Blueprint Runtime Error: "Accessed None trying to read property Player Ref". Blueprint:  WBP_Flashlight Function:  Get Percent 0 Graph:  GetPercent_0 Node:  Return Node
[2026.08.22-21.20.17:454][156]PIE: Error: Blueprint Runtime Error: "Accessed None trying to read property Player Ref". Blueprint:  WBP_Flashlight Function:  Get Percent 0 Graph:  GetPercent_0 Node:  Return Node
[2026.08.22-21.20.17:468][157]PIE: Error: Blueprint Runtime Error: "Accessed None trying to read property Player Ref". Blueprint:  WBP_Flashlight Function:  Get Percent 0 Graph:  GetPercent_0 Node:  Return Node
[2026.08.22-21.20.17:488][158]PIE: Error: Blueprint Runtime Error: "Accessed None trying to read property Player Ref". Blueprint:  WBP_Flashlight Function:  Get Percent 0 Graph:  GetPercent_0 Node:  Return Node
[2026.08.22-21.20.17:502][159]PIE: Error: Blueprint Runtime Error: "Accessed None trying to read property Player Ref". Blueprint:  WBP_Flashlight Function:  Get Percent 0 Graph:  GetPercent_0 Node:  Return Node
[2026.08.22-21.20.17:521][160]PIE: Error: Blueprint Runtime Error: "Accessed None trying to read property Player Ref". Blueprint:  WBP_Flashlight Function:  Get Percent 0 Graph:  GetPercent_0 Node:  Return Node
[2026.08.22-21.20.17:537][161]PIE: Error: Blueprint Runtime Error: "Accessed None trying to read property Player Ref". Blueprint:  WBP_Flashlight Function:  Get Percent 0 Graph:  GetPercent_0 Node:  Return Node
[2026.08.22-21.20.17:554][162]PIE: Error: Blueprint Runtime Error: "Accessed None trying to read property Player Ref". Blueprint:  WBP_Flashlight Function:  Get Percent 0 Graph:  GetPercent_0 Node:  Return Node
[2026.08.22-21.20.17:574][163]PIE: Error: Blueprint Runtime Error: "Accessed None trying to read property Player Ref". Blueprint:  WBP_Flashlight Function:  Get Percent 0 Graph:  GetPercent_0 Node:  Return Node
[2026.08.22-21.20.17:587][164]PIE: Error: Blueprint Runtime Error: "Accessed None trying to read property Player Ref". Blueprint:  WBP_Flashlight Function:  Get Percent 0 Graph:  GetPercent_0 Node:  Return Node
[2026.08.22-21.20.17:604][165]PIE: Error: Blueprint Runtime Error: "Accessed None trying to read property Player Ref". Blueprint:  WBP_Flashlight Function:  Get Percent 0 Graph:  GetPercent_0 Node:  Return Node
[2026.08.22-21.20.17:619][166]PIE: Error: Blueprint Runtime Error: "Accessed None trying to read property Player Ref". Blueprint:  WBP_Flashlight Function:  Get Percent 0 Graph:  GetPercent_0 Node:  Return Node
[2026.08.22-21.20.17:635][167]PIE: Error: Blueprint Runtime Error: "Accessed None trying to read property Player Ref". Blueprint:  WBP_Flashlight Function:  Get Percent 0 Graph:  GetPercent_0 Node:  Return Node
[2026.08.22-21.20.17:652][168]PIE: Error: Blueprint Runtime Error: "Accessed None trying to read property Player Ref". Blueprint:  WBP_Flashlight Function:  Get Percent 0 Graph:  GetPercent_0 Node:  Return Node
[2026.08.22-21.20.17:668][169]PIE: Error: Blueprint Runtime Error: "Accessed None trying to read property Player Ref". Blueprint:  WBP_Flashlight Function:  Get Percent 0 Graph:  GetPercent_0 Node:  Return Node
[2026.08.22-21.20.17:685][170]PIE: Error: Blueprint Runtime Error: "Accessed None trying to read property Player Ref". Blueprint:  WBP_Flashlight Function:  Get Percent 0 Graph:  GetPercent_0 Node:  Return Node
[2026.08.22-21.20.17:702][171]PIE: Error: Blueprint Runtime Error: "Accessed None trying to read property Player Ref". Blueprint:  WBP_Flashlight Function:  Get Percent 0 Graph:  GetPercent_0 Node:  Return Node
[2026.08.22-21.20.17:719][172]PIE: Error: Blueprint Runtime Error: "Accessed None trying to read property Player Ref". Blueprint:  WBP_Flashlight Function:  Get Percent 0 Graph:  GetPercent_0 Node:  Return Node
[2026.08.22-21.20.17:735][173]PIE: Error: Blueprint Runtime Error: "Accessed None trying to read property Player Ref". Blueprint:  WBP_Flashlight Function:  Get Percent 0 Graph:  GetPercent_0 Node:  Return Node
[2026.08.22-21.20.17:752][174]PIE: Error: Blueprint Runtime Error: "Accessed None trying to read property Player Ref". Blueprint:  WBP_Flashlight Function:  Get Percent 0 Graph:  GetPercent_0 Node:  Return Node
[2026.08.22-21.20.17:769][175]PIE: Error: Blueprint Runtime Error: "Accessed None trying to read property Player Ref". Blueprint:  WBP_Flashlight Function:  Get Percent 0 Graph:  GetPercent_0 Node:  Return Node
[2026.08.22-21.20.17:785][176]PIE: Error: Blueprint Runtime Error: "Accessed None trying to read property Player Ref". Blueprint:  WBP_Flashlight Function:  Get Percent 0 Graph:  GetPercent_0 Node:  Return Node
[2026.08.22-21.20.17:806][177]PIE: Error: Blueprint Runtime Error: "Accessed None trying to read property Player Ref". Blueprint:  WBP_Flashlight Function:  Get Percent 0 Graph:  GetPercent_0 Node:  Return Node
[2026.08.22-21.20.17:824][178]PIE: Error: Blueprint Runtime Error: "Accessed None trying to read property Player Ref". Blueprint:  WBP_Flashlight Function:  Get Percent 0 Graph:  GetPercent_0 Node:  Return Node
[2026.08.22-21.20.17:839][179]PIE: Error: Blueprint Runtime Error: "Accessed None trying to read property Player Ref". Blueprint:  WBP_Flashlight Function:  Get Percent 0 Graph:  GetPercent_0 Node:  Return Node
[2026.08.22-21.20.17:856][180]PIE: Error: Blueprint Runtime Error: "Accessed None trying to read property Player Ref". Blueprint:  WBP_Flashlight Function:  Get Percent 0 Graph:  GetPercent_0 Node:  Return Node
[2026.08.22-21.20.17:871][181]PIE: Error: Blueprint Runtime Error: "Accessed None trying to read property Player Ref". Blueprint:  WBP_Flashlight Function:  Get Percent 0 Graph:  GetPercent_0 Node:  Return Node
[2026.08.22-21.20.17:887][182]PIE: Error: Blueprint Runtime Error: "Accessed None trying to read property Player Ref". Blueprint:  WBP_Flashlight Function:  Get Percent 0 Graph:  GetPercent_0 Node:  Return Node
[2026.08.22-21.20.17:904][183]PIE: Error: Blueprint Runtime Error: "Accessed None trying to read property Player Ref". Blueprint:  WBP_Flashlight Function:  Get Percent 0 Graph:  GetPercent_0 Node:  Return Node
[2026.08.22-21.20.17:920][184]PIE: Error: Blueprint Runtime Error: "Accessed None trying to read property Player Ref". Blueprint:  WBP_Flashlight Function:  Get Percent 0 Graph:  GetPercent_0 Node:  Return Node
[2026.08.22-21.20.17:936][185]PIE: Error: Blueprint Runtime Error: "Accessed None trying to read property Player Ref". Blueprint:  WBP_Flashlight Function:  Get Percent 0 Graph:  GetPercent_0 Node:  Return Node
[2026.08.22-21.20.17:952][186]PIE: Error: Blueprint Runtime Error: "Accessed None trying to read property Player Ref". Blueprint:  WBP_Flashlight Function:  Get Percent 0 Graph:  GetPercent_0 Node:  Return Node
[2026.08.22-21.20.17:968][187]PIE: Error: Blueprint Runtime Error: "Accessed None trying to read property Player Ref". Blueprint:  WBP_Flashlight Function:  Get Percent 0 Graph:  GetPercent_0 Node:  Return Node
[2026.08.22-21.20.17:985][188]PIE: Error: Blueprint Runtime Error: "Accessed None trying to read property Player Ref". Blueprint:  WBP_Flashlight Function:  Get Percent 0 Graph:  GetPercent_0 Node:  Return Node
[2026.08.22-21.20.18:002][189]PIE: Error: Blueprint Runtime Error: "Accessed None trying to read property Player Ref". Blueprint:  WBP_Flashlight Function:  Get Percent 0 Graph:  GetPercent_0 Node:  Return Node
[2026.08.22-21.20.18:019][190]PIE: Error: Blueprint Runtime Error: "Accessed None trying to read property Player Ref". Blueprint:  WBP_Flashlight Function:  Get Percent 0 Graph:  GetPercent_0 Node:  Return Node
[2026.08.22-21.20.18:035][191]PIE: Error: Blueprint Runtime Error: "Accessed None trying to read property Player Ref". Blueprint:  WBP_Flashlight Function:  Get Percent 0 Graph:  GetPercent_0 Node:  Return Node
[2026.08.22-21.20.18:052][192]PIE: Error: Blueprint Runtime Error: "Accessed None trying to read property Player Ref". Blueprint:  WBP_Flashlight Function:  Get Percent 0 Graph:  GetPercent_0 Node:  Return Node
[2026.08.22-21.20.18:069][193]PIE: Error: Blueprint Runtime Error: "Accessed None trying to read property Player Ref". Blueprint:  WBP_Flashlight Function:  Get Percent 0 Graph:  GetPercent_0 Node:  Return Node
[2026.08.22-21.20.18:086][194]PIE: Error: Blueprint Runtime Error: "Accessed None trying to read property Player Ref". Blueprint:  WBP_Flashlight Function:  Get Percent 0 Graph:  GetPercent_0 Node:  Return Node
[2026.08.22-21.20.18:103][195]PIE: Error: Blueprint Runtime Error: "Accessed None trying to read property Player Ref". Blueprint:  WBP_Flashlight Function:  Get Percent 0 Graph:  GetPercent_0 Node:  Return Node
[2026.08.22-21.20.18:120][196]PIE: Error: Blueprint Runtime Error: "Accessed None trying to read property Player Ref". Blueprint:  WBP_Flashlight Function:  Get Percent 0 Graph:  GetPercent_0 Node:  Return Node
[2026.08.22-21.20.18:137][197]PIE: Error: Blueprint Runtime Error: "Accessed None trying to read property Player Ref". Blueprint:  WBP_Flashlight Function:  Get Percent 0 Graph:  GetPercent_0 Node:  Return Node
[2026.08.22-21.20.18:156][198]PIE: Error: Blueprint Runtime Error: "Accessed None trying to read property Player Ref". Blueprint:  WBP_Flashlight Function:  Get Percent 0 Graph:  GetPercent_0 Node:  Return Node
[2026.08.22-21.20.18:173][199]PIE: Error: Blueprint Runtime Error: "Accessed None trying to read property Player Ref". Blueprint:  WBP_Flashlight Function:  Get Percent 0 Graph:  GetPercent_0 Node:  Return Node
[2026.08.22-21.20.18:187][200]PIE: Error: Blueprint Runtime Error: "Accessed None trying to read property Player Ref". Blueprint:  WBP_Flashlight Function:  Get Percent 0 Graph:  GetPercent_0 Node:  Return Node
[2026.08.22-21.20.18:203][201]PIE: Error: Blueprint Runtime Error: "Accessed None trying to read property Player Ref". Blueprint:  WBP_Flashlight Function:  Get Percent 0 Graph:  GetPercent_0 Node:  Return Node
[2026.08.22-21.20.18:220][202]PIE: Error: Blueprint Runtime Error: "Accessed None trying to read property Player Ref". Blueprint:  WBP_Flashlight Function:  Get Percent 0 Graph:  GetPercent_0 Node:  Return Node
[2026.08.22-21.20.18:235][203]PIE: Error: Blueprint Runtime Error: "Accessed None trying to read property Player Ref". Blueprint:  WBP_Flashlight Function:  Get Percent 0 Graph:  GetPercent_0 Node:  Return Node
[2026.08.22-21.20.18:253][204]PIE: Error: Blueprint Runtime Error: "Accessed None trying to read property Player Ref". Blueprint:  WBP_Flashlight Function:  Get Percent 0 Graph:  GetPercent_0 Node:  Return Node
[2026.08.22-21.20.18:270][205]PIE: Error: Blueprint Runtime Error: "Accessed None trying to read property Player Ref". Blueprint:  WBP_Flashlight Function:  Get Percent 0 Graph:  GetPercent_0 Node:  Return Node
[2026.08.22-21.20.18:285][206]PIE: Error: Blueprint Runtime Error: "Accessed None trying to read property Player Ref". Blueprint:  WBP_Flashlight Function:  Get Percent 0 Graph:  GetPercent_0 Node:  Return Node
[2026.08.22-21.20.18:302][207]PIE: Error: Blueprint Runtime Error: "Accessed None trying to read property Player Ref". Blueprint:  WBP_Flashlight Function:  Get Percent 0 Graph:  GetPercent_0 Node:  Return Node
[2026.08.22-21.20.18:319][208]PIE: Error: Blueprint Runtime Error: "Accessed None trying to read property Player Ref". Blueprint:  WBP_Flashlight Function:  Get Percent 0 Graph:  GetPercent_0 Node:  Return Node
[2026.08.22-21.20.18:336][209]PIE: Error: Blueprint Runtime Error: "Accessed None trying to read property Player Ref". Blueprint:  WBP_Flashlight Function:  Get Percent 0 Graph:  GetPercent_0 Node:  Return Node
[2026.08.22-21.20.18:353][210]PIE: Error: Blueprint Runtime Error: "Accessed None trying to read property Player Ref". Blueprint:  WBP_Flashlight Function:  Get Percent 0 Graph:  GetPercent_0 Node:  Return Node
[2026.08.22-21.20.18:370][211]PIE: Error: Blueprint Runtime Error: "Accessed None trying to read property Player Ref". Blueprint:  WBP_Flashlight Function:  Get Percent 0 Graph:  GetPercent_0 Node:  Return Node
[2026.08.22-21.20.18:386][212]PIE: Error: Blueprint Runtime Error: "Accessed None trying to read property Player Ref". Blueprint:  WBP_Flashlight Function:  Get Percent 0 Graph:  GetPercent_0 Node:  Return Node
[2026.08.22-21.20.18:403][213]PIE: Error: Blueprint Runtime Error: "Accessed None trying to read property Player Ref". Blueprint:  WBP_Flashlight Function:  Get Percent 0 Graph:  GetPercent_0 Node:  Return Node
[2026.08.22-21.20.18:421][214]PIE: Error: Blueprint Runtime Error: "Accessed None trying to read property Player Ref". Blueprint:  WBP_Flashlight Function:  Get Percent 0 Graph:  GetPercent_0 Node:  Return Node
[2026.08.22-21.20.18:436][215]PIE: Error: Blueprint Runtime Error: "Accessed None trying to read property Player Ref". Blueprint:  WBP_Flashlight Function:  Get Percent 0 Graph:  GetPercent_0 Node:  Return Node
[2026.08.22-21.20.18:453][216]PIE: Error: Blueprint Runtime Error: "Accessed None trying to read property Player Ref". Blueprint:  WBP_Flashlight Function:  Get Percent 0 Graph:  GetPercent_0 Node:  Return Node
[2026.08.22-21.20.18:469][217]PIE: Error: Blueprint Runtime Error: "Accessed None trying to read property Player Ref". Blueprint:  WBP_Flashlight Function:  Get Percent 0 Graph:  GetPercent_0 Node:  Return Node
[2026.08.22-21.20.18:485][218]PIE: Error: Blueprint Runtime Error: "Accessed None trying to read property Player Ref". Blueprint:  WBP_Flashlight Function:  Get Percent 0 Graph:  GetPercent_0 Node:  Return Node
[2026.08.22-21.20.18:503][219]PIE: Error: Blueprint Runtime Error: "Accessed None trying to read property Player Ref". Blueprint:  WBP_Flashlight Function:  Get Percent 0 Graph:  GetPercent_0 Node:  Return Node
[2026.08.22-21.20.18:519][220]PIE: Error: Blueprint Runtime Error: "Accessed None trying to read property Player Ref". Blueprint:  WBP_Flashlight Function:  Get Percent 0 Graph:  GetPercent_0 Node:  Return Node
[2026.08.22-21.20.18:536][221]PIE: Error: Blueprint Runtime Error: "Accessed None trying to read property Player Ref". Blueprint:  WBP_Flashlight Function:  Get Percent 0 Graph:  GetPercent_0 Node:  Return Node
[2026.08.22-21.20.18:553][222]PIE: Error: Blueprint Runtime Error: "Accessed None trying to read property Player Ref". Blueprint:  WBP_Flashlight Function:  Get Percent 0 Graph:  GetPercent_0 Node:  Return Node
[2026.08.22-21.20.18:570][223]PIE: Error: Blueprint Runtime Error: "Accessed None trying to read property Player Ref". Blueprint:  WBP_Flashlight Function:  Get Percent 0 Graph:  GetPercent_0 Node:  Return Node
[2026.08.22-21.20.18:586][224]PIE: Error: Blueprint Runtime Error: "Accessed None trying to read property Player Ref". Blueprint:  WBP_Flashlight Function:  Get Percent 0 Graph:  GetPercent_0 Node:  Return Node
[2026.08.22-21.20.18:604][225]PIE: Error: Blueprint Runtime Error: "Accessed None trying to read property Player Ref". Blueprint:  WBP_Flashlight Function:  Get Percent 0 Graph:  GetPercent_0 Node:  Return Node
[2026.08.22-21.20.18:621][226]PIE: Error: Blueprint Runtime Error: "Accessed None trying to read property Player Ref". Blueprint:  WBP_Flashlight Function:  Get Percent 0 Graph:  GetPercent_0 Node:  Return Node
[2026.08.22-21.20.18:638][227]PIE: Error: Blueprint Runtime Error: "Accessed None trying to read property Player Ref". Blueprint:  WBP_Flashlight Function:  Get Percent 0 Graph:  GetPercent_0 Node:  Return Node
[2026.08.22-21.20.18:653][228]PIE: Error: Blueprint Runtime Error: "Accessed None trying to read property Player Ref". Blueprint:  WBP_Flashlight Function:  Get Percent 0 Graph:  GetPercent_0 Node:  Return Node
[2026.08.22-21.20.18:671][229]PIE: Error: Blueprint Runtime Error: "Accessed None trying to read property Player Ref". Blueprint:  WBP_Flashlight Function:  Get Percent 0 Graph:  GetPercent_0 Node:  Return Node
[2026.08.22-21.20.18:687][230]PIE: Error: Blueprint Runtime Error: "Accessed None trying to read property Player Ref". Blueprint:  WBP_Flashlight Function:  Get Percent 0 Graph:  GetPercent_0 Node:  Return Node
[2026.08.22-21.20.18:703][231]PIE: Error: Blueprint Runtime Error: "Accessed None trying to read property Player Ref". Blueprint:  WBP_Flashlight Function:  Get Percent 0 Graph:  GetPercent_0 Node:  Return Node
[2026.08.22-21.20.18:720][232]PIE: Error: Blueprint Runtime Error: "Accessed None trying to read property Player Ref". Blueprint:  WBP_Flashlight Function:  Get Percent 0 Graph:  GetPercent_0 Node:  Return Node
[2026.08.22-21.20.18:737][233]PIE: Error: Blueprint Runtime Error: "Accessed None trying to read property Player Ref". Blueprint:  WBP_Flashlight Function:  Get Percent 0 Graph:  GetPercent_0 Node:  Return Node
[2026.08.22-21.20.18:753][234]PIE: Error: Blueprint Runtime Error: "Accessed None trying to read property Player Ref". Blueprint:  WBP_Flashlight Function:  Get Percent 0 Graph:  GetPercent_0 Node:  Return Node
[2026.08.22-21.20.18:770][235]PIE: Error: Blueprint Runtime Error: "Accessed None trying to read property Player Ref". Blueprint:  WBP_Flashlight Function:  Get Percent 0 Graph:  GetPercent_0 Node:  Return Node
[2026.08.22-21.20.18:787][236]PIE: Error: Blueprint Runtime Error: "Accessed None trying to read property Player Ref". Blueprint:  WBP_Flashlight Function:  Get Percent 0 Graph:  GetPercent_0 Node:  Return Node
[2026.08.22-21.20.18:803][237]PIE: Error: Blueprint Runtime Error: "Accessed None trying to read property Player Ref". Blueprint:  WBP_Flashlight Function:  Get Percent 0 Graph:  GetPercent_0 Node:  Return Node
[2026.08.22-21.20.18:825][238]PIE: Error: Blueprint Runtime Error: "Accessed None trying to read property Player Ref". Blueprint:  WBP_Flashlight Function:  Get Percent 0 Graph:  GetPercent_0 Node:  Return Node
[2026.08.22-21.20.18:838][239]PIE: Error: Blueprint Runtime Error: "Accessed None trying to read property Player Ref". Blueprint:  WBP_Flashlight Function:  Get Percent 0 Graph:  GetPercent_0 Node:  Return Node
[2026.08.22-21.20.18:854][240]PIE: Error: Blueprint Runtime Error: "Accessed None trying to read property Player Ref". Blueprint:  WBP_Flashlight Function:  Get Percent 0 Graph:  GetPercent_0 Node:  Return Node
[2026.08.22-21.20.18:871][241]PIE: Error: Blueprint Runtime Error: "Accessed None trying to read property Player Ref". Blueprint:  WBP_Flashlight Function:  Get Percent 0 Graph:  GetPercent_0 Node:  Return Node
[2026.08.22-21.20.18:886][242]PIE: Error: Blueprint Runtime Error: "Accessed None trying to read property Player Ref". Blueprint:  WBP_Flashlight Function:  Get Percent 0 Graph:  GetPercent_0 Node:  Return Node
[2026.08.22-21.20.18:904][243]PIE: Error: Blueprint Runtime Error: "Accessed None trying to read property Player Ref". Blueprint:  WBP_Flashlight Function:  Get Percent 0 Graph:  GetPercent_0 Node:  Return Node
[2026.08.22-21.20.18:920][244]PIE: Error: Blueprint Runtime Error: "Accessed None trying to read property Player Ref". Blueprint:  WBP_Flashlight Function:  Get Percent 0 Graph:  GetPercent_0 Node:  Return Node
[2026.08.22-21.20.18:936][245]PIE: Error: Blueprint Runtime Error: "Accessed None trying to read property Player Ref". Blueprint:  WBP_Flashlight Function:  Get Percent 0 Graph:  GetPercent_0 Node:  Return Node
[2026.08.22-21.20.18:954][246]PIE: Error: Blueprint Runtime Error: "Accessed None trying to read property Player Ref". Blueprint:  WBP_Flashlight Function:  Get Percent 0 Graph:  GetPercent_0 Node:  Return Node
[2026.08.22-21.20.18:969][247]PIE: Error: Blueprint Runtime Error: "Accessed None trying to read property Player Ref". Blueprint:  WBP_Flashlight Function:  Get Percent 0 Graph:  GetPercent_0 Node:  Return Node
[2026.08.22-21.20.18:987][248]PIE: Error: Blueprint Runtime Error: "Accessed None trying to read property Player Ref". Blueprint:  WBP_Flashlight Function:  Get Percent 0 Graph:  GetPercent_0 Node:  Return Node
[2026.08.22-21.20.19:003][249]PIE: Error: Blueprint Runtime Error: "Accessed None trying to read property Player Ref". Blueprint:  WBP_Flashlight Function:  Get Percent 0 Graph:  GetPercent_0 Node:  Return Node
[2026.08.22-21.20.19:019][250]PIE: Error: Blueprint Runtime Error: "Accessed None trying to read property Player Ref". Blueprint:  WBP_Flashlight Function:  Get Percent 0 Graph:  GetPercent_0 Node:  Return Node
[2026.08.22-21.20.19:036][251]PIE: Error: Blueprint Runtime Error: "Accessed None trying to read property Player Ref". Blueprint:  WBP_Flashlight Function:  Get Percent 0 Graph:  GetPercent_0 Node:  Return Node
[2026.08.22-21.20.19:056][252]PIE: Error: Blueprint Runtime Error: "Accessed None trying to read property Player Ref". Blueprint:  WBP_Flashlight Function:  Get Percent 0 Graph:  GetPercent_0 Node:  Return Node
[2026.08.22-21.20.19:072][253]PIE: Error: Blueprint Runtime Error: "Accessed None trying to read property Player Ref". Blueprint:  WBP_Flashlight Function:  Get Percent 0 Graph:  GetPercent_0 Node:  Return Node
[2026.08.22-21.20.19:087][254]PIE: Error: Blueprint Runtime Error: "Accessed None trying to read property Player Ref". Blueprint:  WBP_Flashlight Function:  Get Percent 0 Graph:  GetPercent_0 Node:  Return Node
[2026.08.22-21.20.19:104][255]PIE: Error: Blueprint Runtime Error: "Accessed None trying to read property Player Ref". Blueprint:  WBP_Flashlight Function:  Get Percent 0 Graph:  GetPercent_0 Node:  Return Node
[2026.08.22-21.20.19:121][256]PIE: Error: Blueprint Runtime Error: "Accessed None trying to read property Player Ref". Blueprint:  WBP_Flashlight Function:  Get Percent 0 Graph:  GetPercent_0 Node:  Return Node
[2026.08.22-21.20.19:137][257]PIE: Error: Blueprint Runtime Error: "Accessed None trying to read property Player Ref". Blueprint:  WBP_Flashlight Function:  Get Percent 0 Graph:  GetPercent_0 Node:  Return Node
[2026.08.22-21.20.19:157][258]PIE: Error: Blueprint Runtime Error: "Accessed None trying to read property Player Ref". Blueprint:  WBP_Flashlight Function:  Get Percent 0 Graph:  GetPercent_0 Node:  Return Node
[2026.08.22-21.20.19:174][259]PIE: Error: Blueprint Runtime Error: "Accessed None trying to read property Player Ref". Blueprint:  WBP_Flashlight Function:  Get Percent 0 Graph:  GetPercent_0 Node:  Return Node
[2026.08.22-21.20.19:190][260]PIE: Error: Blueprint Runtime Error: "Accessed None trying to read property Player Ref". Blueprint:  WBP_Flashlight Function:  Get Percent 0 Graph:  GetPercent_0 Node:  Return Node
[2026.08.22-21.20.19:206][261]PIE: Error: Blueprint Runtime Error: "Accessed None trying to read property Player Ref". Blueprint:  WBP_Flashlight Function:  Get Percent 0 Graph:  GetPercent_0 Node:  Return Node
[2026.08.22-21.20.19:221][262]PIE: Error: Blueprint Runtime Error: "Accessed None trying to read property Player Ref". Blueprint:  WBP_Flashlight Function:  Get Percent 0 Graph:  GetPercent_0 Node:  Return Node
[2026.08.22-21.20.19:237][263]PIE: Error: Blueprint Runtime Error: "Accessed None trying to read property Player Ref". Blueprint:  WBP_Flashlight Function:  Get Percent 0 Graph:  GetPercent_0 Node:  Return Node
[2026.08.22-21.20.19:253][264]PIE: Error: Blueprint Runtime Error: "Accessed None trying to read property Player Ref". Blueprint:  WBP_Flashlight Function:  Get Percent 0 Graph:  GetPercent_0 Node:  Return Node
[2026.08.22-21.20.19:271][265]PIE: Error: Blueprint Runtime Error: "Accessed None trying to read property Player Ref". Blueprint:  WBP_Flashlight Function:  Get Percent 0 Graph:  GetPercent_0 Node:  Return Node
[2026.08.22-21.20.19:286][266]PIE: Error: Blueprint Runtime Error: "Accessed None trying to read property Player Ref". Blueprint:  WBP_Flashlight Function:  Get Percent 0 Graph:  GetPercent_0 Node:  Return Node
[2026.08.22-21.20.19:304][267]PIE: Error: Blueprint Runtime Error: "Accessed None trying to read property Player Ref". Blueprint:  WBP_Flashlight Function:  Get Percent 0 Graph:  GetPercent_0 Node:  Return Node
[2026.08.22-21.20.19:321][268]PIE: Error: Blueprint Runtime Error: "Accessed None trying to read property Player Ref". Blueprint:  WBP_Flashlight Function:  Get Percent 0 Graph:  GetPercent_0 Node:  Return Node
[2026.08.22-21.20.19:338][269]PIE: Error: Blueprint Runtime Error: "Accessed None trying to read property Player Ref". Blueprint:  WBP_Flashlight Function:  Get Percent 0 Graph:  GetPercent_0 Node:  Return Node
[2026.08.22-21.20.19:354][270]PIE: Error: Blueprint Runtime Error: "Accessed None trying to read property Player Ref". Blueprint:  WBP_Flashlight Function:  Get Percent 0 Graph:  GetPercent_0 Node:  Return Node
[2026.08.22-21.20.19:371][271]PIE: Error: Blueprint Runtime Error: "Accessed None trying to read property Player Ref". Blueprint:  WBP_Flashlight Function:  Get Percent 0 Graph:  GetPercent_0 Node:  Return Node
[2026.08.22-21.20.19:386][272]PIE: Error: Blueprint Runtime Error: "Accessed None trying to read property Player Ref". Blueprint:  WBP_Flashlight Function:  Get Percent 0 Graph:  GetPercent_0 Node:  Return Node
[2026.08.22-21.20.19:405][273]PIE: Error: Blueprint Runtime Error: "Accessed None trying to read property Player Ref". Blueprint:  WBP_Flashlight Function:  Get Percent 0 Graph:  GetPercent_0 Node:  Return Node
[2026.08.22-21.20.19:421][274]PIE: Error: Blueprint Runtime Error: "Accessed None trying to read property Player Ref". Blueprint:  WBP_Flashlight Function:  Get Percent 0 Graph:  GetPercent_0 Node:  Return Node
[2026.08.22-21.20.19:471][275]LogSlate: Updating window title bar state: overlay mode, drag disabled, window buttons hidden, title bar hidden
[2026.08.22-21.20.19:471][275]LogWorld: BeginTearingDown for /Game/Maps/UEDPIE_0_Sattelite_01
[2026.08.22-21.20.19:472][275]LogWorld: UWorld::CleanupWorld for Sattelite_01, bSessionEnded=true, bCleanupResources=true
[2026.08.22-21.20.19:472][275]LogSlate: InvalidateAllWidgets triggered.  All widgets were invalidated
[2026.08.22-21.20.19:485][275]LogPlayLevel: Display: Shutting down PIE online subsystems
[2026.08.22-21.20.19:548][275]LogSlate: InvalidateAllWidgets triggered.  All widgets were invalidated
[2026.08.22-21.20.19:586][275]LogAudio: Display: Audio Device unregistered from world 'None'.
[2026.08.22-21.20.19:587][275]LogAudioMixer: FMixerPlatformXAudio2::StopAudioStream() called
[2026.08.22-21.20.19:588][275]LogAudioMixer: FMixerPlatformXAudio2::StopAudioStream() called
[2026.08.22-21.20.19:593][275]LogSlate: Updating window title bar state: overlay mode, drag disabled, window buttons hidden, title bar hidden
[2026.08.22-21.20.19:599][275]LogUObjectHash: Compacting FUObjectHashTables data took   3.40ms
[2026.08.22-21.20.19:708][276]LogPlayLevel: Display: Destroying online subsystem :Context_16
[2026.08.22-21.20.49:792][555]BlueprintLog: New page: Compile BP_Control_Console_Game_Map
[2026.08.22-21.20.49:906][555]LogUObjectHash: Compacting FUObjectHashTables data took   4.10ms
[2026.08.22-21.20.50:723][580]LogSavePackage: Moving 'D:/Event_Horizon_SOL_V2/Saved/BP_Control_Console_Game_MapD0D8140840687261788284BF7B76B550.tmp' to 'D:/Event_Horizon_SOL_V2/Content/BPs/Interactable/Control_Room/BP_Control_Console_Game_Map.uasset'
[2026.08.22-21.20.50:753][580]AssetCheck: New page: Asset Save: BP_Control_Console_Game_Map
[2026.08.22-21.20.50:753][580]LogContentValidation: Display: Validating Blueprint /Game/BPs/Interactable/Control_Room/BP_Control_Console_Game_Map.BP_Control_Console_Game_Map
[2026.08.22-21.20.56:670][767]Cmd: DELETE
[2026.08.22-21.20.56:670][767]Cmd: ACTOR DELETE
[2026.08.22-21.20.56:766][767]LogEditorActor: Deleted Actor: FirstPersonCharacter_C
[2026.08.22-21.20.56:842][767]LogUObjectHash: Compacting FUObjectHashTables data took   5.25ms
[2026.08.22-21.20.56:844][767]LogEditorActor: Deleted 1 Actors (0.174 secs)
[2026.08.22-21.21.06:825][209]LogHttp: Warning: 000001945B924F00: invalid HTTP response code received. URL: https://hackatime.hackclub.com/api/hackatime/v1/users/current/heartbeats, HTTP code: 0, content length: 0, actual payload size: 0
[2026.08.22-21.21.06:825][209]LogHttp: Warning: 000001945B924F00: request failed, libcurl error: 56 (Failure when receiving data from the peer)
[2026.08.22-21.21.06:825][209]LogHttp: Warning: 000001945B924F00: libcurl info message cache 0 (Found bundle for host hackatime.hackclub.com: 0x193bd6d4670 [can pipeline])
[2026.08.22-21.21.06:825][209]LogHttp: Warning: 000001945B924F00: libcurl info message cache 1 (Re-using existing connection! (#3) with host hackatime.hackclub.com)
[2026.08.22-21.21.06:825][209]LogHttp: Warning: 000001945B924F00: libcurl info message cache 2 (Connected to hackatime.hackclub.com (2606:4700:9a60:6c91:b2a8:0:c6ea:8ffd) port 443 (#3))
[2026.08.22-21.21.06:825][209]LogHttp: Warning: 000001945B924F00: libcurl info message cache 3 (TLSv1.3 (OUT), TLS Unknown, Unknown (23):)
[2026.08.22-21.21.06:825][209]LogHttp: Warning: 000001945B924F00: libcurl info message cache 4 (TLSv1.3 (OUT), TLS Unknown, Unknown (23):)
[2026.08.22-21.21.06:825][209]LogHttp: Warning: 000001945B924F00: libcurl info message cache 5 (We are completely uploaded and fine)
[2026.08.22-21.21.06:825][209]LogHttp: Warning: 000001945B924F00: libcurl info message cache 6 (OpenSSL SSL_read: SSL_ERROR_SYSCALL, errno 10054)
[2026.08.22-21.21.06:825][209]LogHttp: Warning: 000001945B924F00: libcurl info message cache 7 (Connection died, retrying a fresh connect)
[2026.08.22-21.21.06:825][209]LogHttp: Warning: 000001945B924F00: libcurl info message cache 8 (necessary data rewind wasn't possible)
[2026.08.22-21.21.06:825][209]LogHttp: Warning: 000001945B924F00: libcurl info message cache 9 (Closing connection 3)
[2026.08.22-21.21.06:825][209]LogHttp: Warning: 000001945B924F00: libcurl info message cache 10 (TLSv1.3 (OUT), TLS Unknown, Unknown (21):)
[2026.08.22-21.21.06:825][209]LogTemp: Error: Wakatime Integration: Failed to establish connection to Wakatime endpoint.
[2026.08.22-21.21.09:687][322]LogTemp: Repeating last play command: Selected Viewport
[2026.08.22-21.21.09:711][322]LogPlayLevel: PlayLevel: No blueprints needed recompiling
[2026.08.22-21.21.09:711][322]PIE: New page: PIE session: Sattelite_01 (Aug 23, 2026, 8:21:09 AM)
[2026.08.22-21.21.09:711][322]LogPlayLevel: Creating play world package: /Game/Maps/UEDPIE_0_Sattelite_01
[2026.08.22-21.21.09:717][322]LogPlayLevel: PIE: StaticDuplicateObject took: (0.005013s)
[2026.08.22-21.21.09:718][322]LogAIModule: Creating AISystem for world Sattelite_01
[2026.08.22-21.21.09:718][322]LogPlayLevel: PIE: World Init took: (0.001699s)
[2026.08.22-21.21.09:718][322]LogPlayLevel: PIE: Created PIE world by copying editor world from /Game/Maps/Sattelite_01.Sattelite_01 to /Game/Maps/UEDPIE_0_Sattelite_01.Sattelite_01 (0.006994s)
[2026.08.22-21.21.09:765][322]LogUObjectHash: Compacting FUObjectHashTables data took   3.58ms
[2026.08.22-21.21.09:767][322]LogAudio: Display: Creating Audio Device:                 Id: 9, Scope: Unique, Realtime: True
[2026.08.22-21.21.09:767][322]LogAudioMixer: Display: Audio Mixer Platform Settings:
[2026.08.22-21.21.09:767][322]LogAudioMixer: Display: 	Sample Rate:						  48000
[2026.08.22-21.21.09:767][322]LogAudioMixer: Display: 	Callback Buffer Frame Size Requested: 1024
[2026.08.22-21.21.09:767][322]LogAudioMixer: Display: 	Callback Buffer Frame Size To Use:	  1024
[2026.08.22-21.21.09:767][322]LogAudioMixer: Display: 	Number of buffers to queue:			  2
[2026.08.22-21.21.09:767][322]LogAudioMixer: Display: 	Max Channels (voices):				  32
[2026.08.22-21.21.09:767][322]LogAudioMixer: Display: 	Number of Async Source Workers:		  0
[2026.08.22-21.21.09:767][322]LogAudio: Display: AudioDevice MaxSources: 32
[2026.08.22-21.21.09:767][322]LogAudio: Display: Audio Spatialization Plugin: None (built-in).
[2026.08.22-21.21.09:767][322]LogAudio: Display: Audio Reverb Plugin: None (built-in).
[2026.08.22-21.21.09:767][322]LogAudio: Display: Audio Occlusion Plugin: None (built-in).
[2026.08.22-21.21.09:768][322]LogAudioMixer: Display: Initializing audio mixer.
[2026.08.22-21.21.09:772][322]LogAudioMixer: Display: 0: FrontLeft
[2026.08.22-21.21.09:772][322]LogAudioMixer: Display: 1: FrontRight
[2026.08.22-21.21.09:799][322]LogAudioMixer: Display: Using Audio Device Speakers / Headphones (Realtek Audio)
[2026.08.22-21.21.09:799][322]LogAudioMixer: Display: Initializing Sound Submixes...
[2026.08.22-21.21.09:799][322]LogAudioMixer: Display: Creating Master Submix 'MasterSubmixDefault'
[2026.08.22-21.21.09:799][322]LogAudioMixer: Display: Creating Master Submix 'MasterReverbSubmixDefault'
[2026.08.22-21.21.09:799][322]LogAudioMixer: Display: Creating Master Submix 'MasterEQSubmixDefault'
[2026.08.22-21.21.09:800][322]LogAudioMixer: FMixerPlatformXAudio2::StartAudioStream() called
[2026.08.22-21.21.09:800][322]LogAudioMixer: Display: Output buffers initialized: Frames=1024, Channels=2, Samples=2048
[2026.08.22-21.21.09:802][322]LogAudioMixer: Display: Starting AudioMixerPlatformInterface::RunInternal()
[2026.08.22-21.21.09:802][322]LogAudioMixer: Display: FMixerPlatformXAudio2::SubmitBuffer() called for the first time
[2026.08.22-21.21.09:802][322]LogInit: FAudioDevice initialized.
[2026.08.22-21.21.09:802][322]LogAudio: Display: Audio Device (ID: 9) registered with world 'Sattelite_01'.
[2026.08.22-21.21.09:818][322]LogLoad: Game class is 'GameModeBase'
[2026.08.22-21.21.09:819][322]LogWorld: Bringing World /Game/Maps/UEDPIE_0_Sattelite_01.Sattelite_01 up for play (max tick rate 60) at 2026.08.23-02.51.09
[2026.08.22-21.21.09:819][322]LogWorld: Bringing up level for play took: 0.000885
[2026.08.22-21.21.09:819][322]LogOnline: OSS: Creating online subsystem instance for: :Context_17
[2026.08.22-21.21.09:825][322]PIE: Server logged in
[2026.08.22-21.21.09:826][322]PIE: Play in editor total start time 0.126 seconds.
[2026.08.22-21.21.11:895][436]LogSlate: Updating window title bar state: overlay mode, drag disabled, window buttons hidden, title bar hidden
[2026.08.22-21.21.11:895][436]LogWorld: BeginTearingDown for /Game/Maps/UEDPIE_0_Sattelite_01
[2026.08.22-21.21.11:895][436]LogWorld: UWorld::CleanupWorld for Sattelite_01, bSessionEnded=true, bCleanupResources=true
[2026.08.22-21.21.11:895][436]LogSlate: InvalidateAllWidgets triggered.  All widgets were invalidated
[2026.08.22-21.21.11:905][436]LogPlayLevel: Display: Shutting down PIE online subsystems
[2026.08.22-21.21.11:928][436]LogSlate: InvalidateAllWidgets triggered.  All widgets were invalidated
[2026.08.22-21.21.11:974][436]LogAudio: Display: Audio Device unregistered from world 'None'.
[2026.08.22-21.21.11:974][436]LogAudioMixer: FMixerPlatformXAudio2::StopAudioStream() called
[2026.08.22-21.21.11:975][436]LogAudioMixer: FMixerPlatformXAudio2::StopAudioStream() called
[2026.08.22-21.21.11:980][436]LogSlate: Updating window title bar state: overlay mode, drag disabled, window buttons hidden, title bar hidden
[2026.08.22-21.21.11:986][436]LogUObjectHash: Compacting FUObjectHashTables data took   4.79ms
[2026.08.22-21.21.12:033][437]LogPlayLevel: Display: Destroying online subsystem :Context_17
[2026.08.22-21.21.16:602][607]LogUObjectHash: Compacting FUObjectHashTables data took   4.08ms
[2026.08.22-21.21.16:630][607]Cmd: OBJ SAVEPACKAGE PACKAGE="/Game/Maps/Sattelite_01" FILE="D:/Event_Horizon_SOL_V2/Content/Maps/Sattelite_01.umap" SILENT=true AUTOSAVING=false KEEPDIRTY=false
[2026.08.22-21.21.16:674][607]LogUObjectHash: Compacting FUObjectHashTables data took   0.78ms
[2026.08.22-21.21.16:687][607]LogSavePackage: Moving 'D:/Event_Horizon_SOL_V2/Saved/Sattelite_01BFB511E04C2DA21E62ADBB86349A2271.tmp' to 'D:/Event_Horizon_SOL_V2/Content/Maps/Sattelite_01.umap'
[2026.08.22-21.21.16:712][607]LogFileHelpers: Saving map 'Sattelite_01' took 0.082
[2026.08.22-21.21.16:736][607]AssetCheck: New page: Asset Save: Sattelite_01
[2026.08.22-21.21.16:736][607]LogContentValidation: Display: Validating World /Game/Maps/Sattelite_01.Sattelite_01
[2026.08.22-21.21.20:701][766]LogUObjectHash: Compacting FUObjectHashTables data took   2.68ms
[2026.08.22-21.21.20:731][766]LogAssetEditorSubsystem: Opening Asset editor for World /Game/Maps/Map_Master.Map_Master
[2026.08.22-21.21.20:731][766]Cmd: MAP LOAD FILE="D:/Event_Horizon_SOL_V2/Content/Maps/Map_Master.umap" TEMPLATE=0 SHOWPROGRESS=1 FEATURELEVEL=3
[2026.08.22-21.21.20:731][766]LightingResults: New page: Lighting Build
[2026.08.22-21.21.20:731][766]LoadErrors: New page: Loading map: Map_Master.umap
[2026.08.22-21.21.20:734][766]LogWorld: UWorld::CleanupWorld for Sattelite_01, bSessionEnded=true, bCleanupResources=true
[2026.08.22-21.21.20:734][766]LogSlate: InvalidateAllWidgets triggered.  All widgets were invalidated
[2026.08.22-21.21.20:734][766]MapCheck: New page: Map Check
[2026.08.22-21.21.20:734][766]LightingResults: New page: Lighting Build
[2026.08.22-21.21.20:777][766]LogAudio: Display: Audio Device unregistered from world 'None'.
[2026.08.22-21.21.20:782][766]LogUObjectHash: Compacting FUObjectHashTables data took   3.79ms
[2026.08.22-21.21.20:783][766]LogAudio: Display: Audio Device (ID: 1) registered with world 'Map_Master'.
[2026.08.22-21.21.20:784][766]LogPhysics: Warning: Scale for /Game/Maps/Map_Master.Map_Master:PersistentLevel.BP_Hall_Light_5.Light has a component set to zero, which will result in a bad body instance. Scale:X=1.000 Y=1.000 Z=0.000
[2026.08.22-21.21.20:785][766]LogPhysics: Warning: PopulatePhysXGeometryAndTransform(Convex): ConvexElem has invalid transform
[2026.08.22-21.21.20:785][766]LogPhysics: Warning: ForeachShape(Convex): ScaledElem[0] invalid
[2026.08.22-21.21.20:785][766]LogPhysics: Warning: Scale for /Game/Maps/Map_Master.Map_Master:PersistentLevel.BP_GlowLight2.Light has a component set to zero, which will result in a bad body instance. Scale:X=1.000 Y=1.000 Z=0.000
[2026.08.22-21.21.20:785][766]LogPhysics: Warning: PopulatePhysXGeometryAndTransform(Convex): ConvexElem has invalid transform
[2026.08.22-21.21.20:785][766]LogPhysics: Warning: ForeachShape(Convex): ScaledElem[0] invalid
[2026.08.22-21.21.20:785][766]LogPhysics: Warning: Scale for /Game/Maps/Map_Master.Map_Master:PersistentLevel.BP_GlowLight3.Light has a component set to zero, which will result in a bad body instance. Scale:X=1.000 Y=1.000 Z=0.000
[2026.08.22-21.21.20:785][766]LogPhysics: Warning: PopulatePhysXGeometryAndTransform(Convex): ConvexElem has invalid transform
[2026.08.22-21.21.20:785][766]LogPhysics: Warning: ForeachShape(Convex): ScaledElem[0] invalid
[2026.08.22-21.21.20:785][766]LogPhysics: Warning: Scale for /Game/Maps/Map_Master.Map_Master:PersistentLevel.BP_GlowLight4.Light has a component set to zero, which will result in a bad body instance. Scale:X=1.000 Y=1.000 Z=0.000
[2026.08.22-21.21.20:786][766]LogPhysics: Warning: PopulatePhysXGeometryAndTransform(Convex): ConvexElem has invalid transform
[2026.08.22-21.21.20:786][766]LogPhysics: Warning: ForeachShape(Convex): ScaledElem[0] invalid
[2026.08.22-21.21.20:786][766]LogPhysics: Warning: Scale for /Game/Maps/Map_Master.Map_Master:PersistentLevel.BP_GlowLight5.Light has a component set to zero, which will result in a bad body instance. Scale:X=1.000 Y=1.000 Z=0.000
[2026.08.22-21.21.20:786][766]LogPhysics: Warning: PopulatePhysXGeometryAndTransform(Convex): ConvexElem has invalid transform
[2026.08.22-21.21.20:786][766]LogPhysics: Warning: ForeachShape(Convex): ScaledElem[0] invalid
[2026.08.22-21.21.20:797][766]LogPhysics: Warning: Scale for /Game/Maps/Map_Master.Map_Master:PersistentLevel.BP_Hall_Light_5.Light has a component set to zero, which will result in a bad body instance. Scale:X=1.000 Y=1.000 Z=0.000
[2026.08.22-21.21.20:797][766]LogPhysics: Warning: PopulatePhysXGeometryAndTransform(Convex): ConvexElem has invalid transform
[2026.08.22-21.21.20:798][766]LogPhysics: Warning: ForeachShape(Convex): ScaledElem[0] invalid
[2026.08.22-21.21.20:798][766]LogPhysics: Warning: Scale for /Game/Maps/Map_Master.Map_Master:PersistentLevel.BP_Hall_Light_5.Light has a component set to zero, which will result in a bad body instance. Scale:X=1.000 Y=1.000 Z=0.000
[2026.08.22-21.21.20:798][766]LogPhysics: Warning: PopulatePhysXGeometryAndTransform(Convex): ConvexElem has invalid transform
[2026.08.22-21.21.20:798][766]LogPhysics: Warning: ForeachShape(Convex): ScaledElem[0] invalid
[2026.08.22-21.21.20:798][766]LogPhysics: Warning: Scale for /Game/Maps/Map_Master.Map_Master:PersistentLevel.BP_Hall_Light_5.Light has a component set to zero, which will result in a bad body instance. Scale:X=1.000 Y=1.000 Z=0.000
[2026.08.22-21.21.20:798][766]LogPhysics: Warning: PopulatePhysXGeometryAndTransform(Convex): ConvexElem has invalid transform
[2026.08.22-21.21.20:798][766]LogPhysics: Warning: ForeachShape(Convex): ScaledElem[0] invalid
[2026.08.22-21.21.20:799][766]LogPhysics: Warning: Scale for /Game/Maps/Map_Master.Map_Master:PersistentLevel.BP_GlowLight2.Light has a component set to zero, which will result in a bad body instance. Scale:X=1.000 Y=1.000 Z=0.000
[2026.08.22-21.21.20:799][766]LogPhysics: Warning: PopulatePhysXGeometryAndTransform(Convex): ConvexElem has invalid transform
[2026.08.22-21.21.20:799][766]LogPhysics: Warning: ForeachShape(Convex): ScaledElem[0] invalid
[2026.08.22-21.21.20:799][766]LogPhysics: Warning: Scale for /Game/Maps/Map_Master.Map_Master:PersistentLevel.BP_GlowLight2.Light has a component set to zero, which will result in a bad body instance. Scale:X=1.000 Y=1.000 Z=0.000
[2026.08.22-21.21.20:799][766]LogPhysics: Warning: PopulatePhysXGeometryAndTransform(Convex): ConvexElem has invalid transform
[2026.08.22-21.21.20:799][766]LogPhysics: Warning: ForeachShape(Convex): ScaledElem[0] invalid
[2026.08.22-21.21.20:799][766]LogPhysics: Warning: Scale for /Game/Maps/Map_Master.Map_Master:PersistentLevel.BP_GlowLight2.Light has a component set to zero, which will result in a bad body instance. Scale:X=1.000 Y=1.000 Z=0.000
[2026.08.22-21.21.20:799][766]LogPhysics: Warning: PopulatePhysXGeometryAndTransform(Convex): ConvexElem has invalid transform
[2026.08.22-21.21.20:799][766]LogPhysics: Warning: ForeachShape(Convex): ScaledElem[0] invalid
[2026.08.22-21.21.20:800][766]LogPhysics: Warning: Scale for /Game/Maps/Map_Master.Map_Master:PersistentLevel.BP_GlowLight3.Light has a component set to zero, which will result in a bad body instance. Scale:X=1.000 Y=1.000 Z=0.000
[2026.08.22-21.21.20:800][766]LogPhysics: Warning: PopulatePhysXGeometryAndTransform(Convex): ConvexElem has invalid transform
[2026.08.22-21.21.20:800][766]LogPhysics: Warning: ForeachShape(Convex): ScaledElem[0] invalid
[2026.08.22-21.21.20:801][766]LogPhysics: Warning: Scale for /Game/Maps/Map_Master.Map_Master:PersistentLevel.BP_GlowLight3.Light has a component set to zero, which will result in a bad body instance. Scale:X=1.000 Y=1.000 Z=0.000
[2026.08.22-21.21.20:801][766]LogPhysics: Warning: PopulatePhysXGeometryAndTransform(Convex): ConvexElem has invalid transform
[2026.08.22-21.21.20:801][766]LogPhysics: Warning: ForeachShape(Convex): ScaledElem[0] invalid
[2026.08.22-21.21.20:801][766]LogPhysics: Warning: Scale for /Game/Maps/Map_Master.Map_Master:PersistentLevel.BP_GlowLight3.Light has a component set to zero, which will result in a bad body instance. Scale:X=1.000 Y=1.000 Z=0.000
[2026.08.22-21.21.20:801][766]LogPhysics: Warning: PopulatePhysXGeometryAndTransform(Convex): ConvexElem has invalid transform
[2026.08.22-21.21.20:801][766]LogPhysics: Warning: ForeachShape(Convex): ScaledElem[0] invalid
[2026.08.22-21.21.20:802][766]LogPhysics: Warning: Scale for /Game/Maps/Map_Master.Map_Master:PersistentLevel.BP_GlowLight4.Light has a component set to zero, which will result in a bad body instance. Scale:X=1.000 Y=1.000 Z=0.000
[2026.08.22-21.21.20:802][766]LogPhysics: Warning: PopulatePhysXGeometryAndTransform(Convex): ConvexElem has invalid transform
[2026.08.22-21.21.20:802][766]LogPhysics: Warning: ForeachShape(Convex): ScaledElem[0] invalid
[2026.08.22-21.21.20:803][766]LogPhysics: Warning: Scale for /Game/Maps/Map_Master.Map_Master:PersistentLevel.BP_GlowLight4.Light has a component set to zero, which will result in a bad body instance. Scale:X=1.000 Y=1.000 Z=0.000
[2026.08.22-21.21.20:804][766]LogPhysics: Warning: PopulatePhysXGeometryAndTransform(Convex): ConvexElem has invalid transform
[2026.08.22-21.21.20:804][766]LogPhysics: Warning: ForeachShape(Convex): ScaledElem[0] invalid
[2026.08.22-21.21.20:804][766]LogPhysics: Warning: Scale for /Game/Maps/Map_Master.Map_Master:PersistentLevel.BP_GlowLight4.Light has a component set to zero, which will result in a bad body instance. Scale:X=1.000 Y=1.000 Z=0.000
[2026.08.22-21.21.20:804][766]LogPhysics: Warning: PopulatePhysXGeometryAndTransform(Convex): ConvexElem has invalid transform
[2026.08.22-21.21.20:804][766]LogPhysics: Warning: ForeachShape(Convex): ScaledElem[0] invalid
[2026.08.22-21.21.20:805][766]LogPhysics: Warning: Scale for /Game/Maps/Map_Master.Map_Master:PersistentLevel.BP_GlowLight5.Light has a component set to zero, which will result in a bad body instance. Scale:X=1.000 Y=1.000 Z=0.000
[2026.08.22-21.21.20:805][766]LogPhysics: Warning: PopulatePhysXGeometryAndTransform(Convex): ConvexElem has invalid transform
[2026.08.22-21.21.20:805][766]LogPhysics: Warning: ForeachShape(Convex): ScaledElem[0] invalid
[2026.08.22-21.21.20:806][766]LogPhysics: Warning: Scale for /Game/Maps/Map_Master.Map_Master:PersistentLevel.BP_GlowLight5.Light has a component set to zero, which will result in a bad body instance. Scale:X=1.000 Y=1.000 Z=0.000
[2026.08.22-21.21.20:806][766]LogPhysics: Warning: PopulatePhysXGeometryAndTransform(Convex): ConvexElem has invalid transform
[2026.08.22-21.21.20:806][766]LogPhysics: Warning: ForeachShape(Convex): ScaledElem[0] invalid
[2026.08.22-21.21.20:806][766]LogPhysics: Warning: Scale for /Game/Maps/Map_Master.Map_Master:PersistentLevel.BP_GlowLight5.Light has a component set to zero, which will result in a bad body instance. Scale:X=1.000 Y=1.000 Z=0.000
[2026.08.22-21.21.20:806][766]LogPhysics: Warning: PopulatePhysXGeometryAndTransform(Convex): ConvexElem has invalid transform
[2026.08.22-21.21.20:806][766]LogPhysics: Warning: ForeachShape(Convex): ScaledElem[0] invalid
[2026.08.22-21.21.20:845][766]LogStreaming: Display: ULevelStreaming::RequestLevel(/Game/Maps/Sattelite_01) is flushing async loading
[2026.08.22-21.21.20:845][766]LogStreaming: Display: FlushAsyncLoading: 1 QueuedPackages, 0 AsyncPackages
[2026.08.22-21.21.20:872][766]LogStreaming: Display: ULevelStreaming::RequestLevel(/Game/Maps/Game_Map) is flushing async loading
[2026.08.22-21.21.21:056][766]LogEditorServer: Finished looking for orphan Actors (0.000 secs)
[2026.08.22-21.21.21:056][766]LogAIModule: Creating AISystem for world Map_Master
[2026.08.22-21.21.21:122][766]LogUObjectHash: Compacting FUObjectHashTables data took   3.89ms
[2026.08.22-21.21.21:142][766]Cmd: MAP CHECKDEP NOCLEARLOG
[2026.08.22-21.21.21:143][766]MapCheck: Map check complete: 0 Error(s), 0 Warning(s), took 0.274ms to complete.
[2026.08.22-21.21.21:143][766]LogFileHelpers: Loading map 'Map_Master' took 0.412
[2026.08.22-21.21.21:891][785]LogTemp: Repeating last play command: Selected Viewport
[2026.08.22-21.21.21:909][785]LogPlayLevel: PlayLevel: No blueprints needed recompiling
[2026.08.22-21.21.21:909][785]PIE: New page: PIE session: Map_Master (Aug 23, 2026, 8:21:21 AM)
[2026.08.22-21.21.21:911][785]LogPlayLevel: Creating play world package: /Game/Maps/UEDPIE_0_Map_Master
[2026.08.22-21.21.21:927][785]LogPlayLevel: PIE: StaticDuplicateObject took: (0.016497s)
[2026.08.22-21.21.21:929][785]LogAIModule: Creating AISystem for world Map_Master
[2026.08.22-21.21.21:929][785]LogPlayLevel: PIE: World Init took: (0.001461s)
[2026.08.22-21.21.21:929][785]LogPlayLevel: PIE: Created PIE world by copying editor world from /Game/Maps/Map_Master.Map_Master to /Game/Maps/UEDPIE_0_Map_Master.Map_Master (0.018428s)
[2026.08.22-21.21.21:973][785]LogUObjectHash: Compacting FUObjectHashTables data took   3.56ms
[2026.08.22-21.21.21:974][785]LogAudio: Display: Creating Audio Device:                 Id: 10, Scope: Unique, Realtime: True
[2026.08.22-21.21.21:974][785]LogAudioMixer: Display: Audio Mixer Platform Settings:
[2026.08.22-21.21.21:974][785]LogAudioMixer: Display: 	Sample Rate:						  48000
[2026.08.22-21.21.21:974][785]LogAudioMixer: Display: 	Callback Buffer Frame Size Requested: 1024
[2026.08.22-21.21.21:974][785]LogAudioMixer: Display: 	Callback Buffer Frame Size To Use:	  1024
[2026.08.22-21.21.21:974][785]LogAudioMixer: Display: 	Number of buffers to queue:			  2
[2026.08.22-21.21.21:974][785]LogAudioMixer: Display: 	Max Channels (voices):				  32
[2026.08.22-21.21.21:974][785]LogAudioMixer: Display: 	Number of Async Source Workers:		  0
[2026.08.22-21.21.21:974][785]LogAudio: Display: AudioDevice MaxSources: 32
[2026.08.22-21.21.21:975][785]LogAudio: Display: Audio Spatialization Plugin: None (built-in).
[2026.08.22-21.21.21:975][785]LogAudio: Display: Audio Reverb Plugin: None (built-in).
[2026.08.22-21.21.21:975][785]LogAudio: Display: Audio Occlusion Plugin: None (built-in).
[2026.08.22-21.21.21:975][785]LogAudioMixer: Display: Initializing audio mixer.
[2026.08.22-21.21.21:980][785]LogAudioMixer: Display: 0: FrontLeft
[2026.08.22-21.21.21:980][785]LogAudioMixer: Display: 1: FrontRight
[2026.08.22-21.21.22:006][785]LogAudioMixer: Display: Using Audio Device Speakers / Headphones (Realtek Audio)
[2026.08.22-21.21.22:007][785]LogAudioMixer: Display: Initializing Sound Submixes...
[2026.08.22-21.21.22:007][785]LogAudioMixer: Display: Creating Master Submix 'MasterSubmixDefault'
[2026.08.22-21.21.22:007][785]LogAudioMixer: Display: Creating Master Submix 'MasterReverbSubmixDefault'
[2026.08.22-21.21.22:007][785]LogAudioMixer: Display: Creating Master Submix 'MasterEQSubmixDefault'
[2026.08.22-21.21.22:008][785]LogAudioMixer: FMixerPlatformXAudio2::StartAudioStream() called
[2026.08.22-21.21.22:008][785]LogAudioMixer: Display: Output buffers initialized: Frames=1024, Channels=2, Samples=2048
[2026.08.22-21.21.22:009][785]LogAudioMixer: Display: Starting AudioMixerPlatformInterface::RunInternal()
[2026.08.22-21.21.22:009][785]LogAudioMixer: Display: FMixerPlatformXAudio2::SubmitBuffer() called for the first time
[2026.08.22-21.21.22:009][785]LogInit: FAudioDevice initialized.
[2026.08.22-21.21.22:009][785]LogAudio: Display: Audio Device (ID: 10) registered with world 'Map_Master'.
[2026.08.22-21.21.22:024][785]LogLoad: Game class is 'FirstPersonGameMode_C'
[2026.08.22-21.21.22:034][785]LogPhysics: Warning: Scale for /Game/Maps/UEDPIE_0_Map_Master.Map_Master:PersistentLevel.BP_Hall_Light_5.Light has a component set to zero, which will result in a bad body instance. Scale:X=1.000 Y=1.000 Z=0.000
[2026.08.22-21.21.22:034][785]LogPhysics: Warning: PopulatePhysXGeometryAndTransform(Convex): ConvexElem has invalid transform
[2026.08.22-21.21.22:034][785]LogPhysics: Warning: ForeachShape(Convex): ScaledElem[0] invalid
[2026.08.22-21.21.22:034][785]LogPhysics: Warning: Scale for /Game/Maps/UEDPIE_0_Map_Master.Map_Master:PersistentLevel.BP_GlowLight2.Light has a component set to zero, which will result in a bad body instance. Scale:X=1.000 Y=1.000 Z=0.000
[2026.08.22-21.21.22:034][785]LogPhysics: Warning: PopulatePhysXGeometryAndTransform(Convex): ConvexElem has invalid transform
[2026.08.22-21.21.22:034][785]LogPhysics: Warning: ForeachShape(Convex): ScaledElem[0] invalid
[2026.08.22-21.21.22:034][785]LogPhysics: Warning: Scale for /Game/Maps/UEDPIE_0_Map_Master.Map_Master:PersistentLevel.BP_GlowLight3.Light has a component set to zero, which will result in a bad body instance. Scale:X=1.000 Y=1.000 Z=0.000
[2026.08.22-21.21.22:034][785]LogPhysics: Warning: PopulatePhysXGeometryAndTransform(Convex): ConvexElem has invalid transform
[2026.08.22-21.21.22:034][785]LogPhysics: Warning: ForeachShape(Convex): ScaledElem[0] invalid
[2026.08.22-21.21.22:035][785]LogPhysics: Warning: Scale for /Game/Maps/UEDPIE_0_Map_Master.Map_Master:PersistentLevel.BP_GlowLight4.Light has a component set to zero, which will result in a bad body instance. Scale:X=1.000 Y=1.000 Z=0.000
[2026.08.22-21.21.22:035][785]LogPhysics: Warning: PopulatePhysXGeometryAndTransform(Convex): ConvexElem has invalid transform
[2026.08.22-21.21.22:035][785]LogPhysics: Warning: ForeachShape(Convex): ScaledElem[0] invalid
[2026.08.22-21.21.22:035][785]LogPhysics: Warning: Scale for /Game/Maps/UEDPIE_0_Map_Master.Map_Master:PersistentLevel.BP_GlowLight5.Light has a component set to zero, which will result in a bad body instance. Scale:X=1.000 Y=1.000 Z=0.000
[2026.08.22-21.21.22:035][785]LogPhysics: Warning: PopulatePhysXGeometryAndTransform(Convex): ConvexElem has invalid transform
[2026.08.22-21.21.22:035][785]LogPhysics: Warning: ForeachShape(Convex): ScaledElem[0] invalid
[2026.08.22-21.21.22:039][785]LogWorld: Bringing World /Game/Maps/UEDPIE_0_Map_Master.Map_Master up for play (max tick rate 60) at 2026.08.23-02.51.22
[2026.08.22-21.21.22:040][785]LogWorld: Bringing up level for play took: 0.005903
[2026.08.22-21.21.22:043][785]LogOnline: OSS: Creating online subsystem instance for: :Context_18
[2026.08.22-21.21.22:049][785]PIE: Server logged in
[2026.08.22-21.21.22:050][785]PIE: Play in editor total start time 0.144 seconds.
[2026.08.22-21.21.37:196][413]LogTemp: Wakatime Integration: Heartbeat accepted with code 202
[2026.08.22-21.22.01:343][405]LogScript: Warning: Script Msg: Attempted to access index 0 from array 'ComponentTags' of length 0 in '/Script/Engine.ActorComponent'!
[2026.08.22-21.22.01:703][419]LogScript: Warning: Script Msg: Attempted to access index 0 from array 'ComponentTags' of length 0 in '/Script/Engine.ActorComponent'!
[2026.08.22-21.22.01:892][426]LogScript: Warning: Script Msg: Attempted to access index 0 from array 'ComponentTags' of length 0 in '/Script/Engine.ActorComponent'!
[2026.08.22-21.22.01:896][426]LogScript: Warning: Script Msg: Attempted to access index 0 from array 'ComponentTags' of length 0 in '/Script/Engine.ActorComponent'!
[2026.08.22-21.22.02:048][432]LogScript: Warning: Script Msg: Attempted to access index 0 from array 'ComponentTags' of length 0 in '/Script/Engine.ActorComponent'!
[2026.08.22-21.22.02:201][438]LogScript: Warning: Script Msg: Attempted to access index 0 from array 'ComponentTags' of length 0 in '/Script/Engine.ActorComponent'!
[2026.08.22-21.22.02:381][445]LogScript: Warning: Script Msg: Attempted to access index 0 from array 'ComponentTags' of length 0 in '/Script/Engine.ActorComponent'!
[2026.08.22-21.22.05:971][595]LogNet: Browse: /Game/Maps/Map_Master
[2026.08.22-21.22.05:971][595]LogLoad: LoadMap: /Game/Maps/Map_Master
[2026.08.22-21.22.05:971][595]LogWorld: BeginTearingDown for /Game/Maps/UEDPIE_0_Map_Master
[2026.08.22-21.22.05:972][595]LogWorld: UWorld::CleanupWorld for Map_Master, bSessionEnded=true, bCleanupResources=true
[2026.08.22-21.22.05:973][595]LogSlate: InvalidateAllWidgets triggered.  All widgets were invalidated
[2026.08.22-21.22.05:973][595]LogWorld: UWorld::CleanupWorld for Game_Map, bSessionEnded=true, bCleanupResources=true
[2026.08.22-21.22.05:973][595]LogSlate: InvalidateAllWidgets triggered.  All widgets were invalidated
[2026.08.22-21.22.06:030][595]LogAudio: Display: Audio Device unregistered from world 'None'.
[2026.08.22-21.22.06:049][595]LogUObjectHash: Compacting FUObjectHashTables data took   5.73ms
[2026.08.22-21.22.06:050][595]LogPlayLevel: Creating play world package: /Game/Maps/UEDPIE_0_Map_Master
[2026.08.22-21.22.06:062][595]LogPlayLevel: PIE: StaticDuplicateObject took: (0.012341s)
[2026.08.22-21.22.06:064][595]LogAIModule: Creating AISystem for world Map_Master
[2026.08.22-21.22.06:064][595]LogPlayLevel: PIE: World Init took: (0.001639s)
[2026.08.22-21.22.06:064][595]LogPlayLevel: PIE: Created PIE world by copying editor world from /Game/Maps/Map_Master.Map_Master to /Game/Maps/UEDPIE_0_Map_Master.Map_Master (0.014224s)
[2026.08.22-21.22.06:064][595]LogAudio: Display: Audio Device (ID: 10) registered with world 'Map_Master'.
[2026.08.22-21.22.06:064][595]LogLoad: Game class is 'FirstPersonGameMode_C'
[2026.08.22-21.22.06:075][595]LogPhysics: Warning: Scale for /Game/Maps/UEDPIE_0_Map_Master.Map_Master:PersistentLevel.BP_Hall_Light_5.Light has a component set to zero, which will result in a bad body instance. Scale:X=1.000 Y=1.000 Z=0.000
[2026.08.22-21.22.06:075][595]LogPhysics: Warning: PopulatePhysXGeometryAndTransform(Convex): ConvexElem has invalid transform
[2026.08.22-21.22.06:075][595]LogPhysics: Warning: ForeachShape(Convex): ScaledElem[0] invalid
[2026.08.22-21.22.06:075][595]LogPhysics: Warning: Scale for /Game/Maps/UEDPIE_0_Map_Master.Map_Master:PersistentLevel.BP_GlowLight2.Light has a component set to zero, which will result in a bad body instance. Scale:X=1.000 Y=1.000 Z=0.000
[2026.08.22-21.22.06:075][595]LogPhysics: Warning: PopulatePhysXGeometryAndTransform(Convex): ConvexElem has invalid transform
[2026.08.22-21.22.06:075][595]LogPhysics: Warning: ForeachShape(Convex): ScaledElem[0] invalid
[2026.08.22-21.22.06:075][595]LogPhysics: Warning: Scale for /Game/Maps/UEDPIE_0_Map_Master.Map_Master:PersistentLevel.BP_GlowLight3.Light has a component set to zero, which will result in a bad body instance. Scale:X=1.000 Y=1.000 Z=0.000
[2026.08.22-21.22.06:075][595]LogPhysics: Warning: PopulatePhysXGeometryAndTransform(Convex): ConvexElem has invalid transform
[2026.08.22-21.22.06:075][595]LogPhysics: Warning: ForeachShape(Convex): ScaledElem[0] invalid
[2026.08.22-21.22.06:075][595]LogPhysics: Warning: Scale for /Game/Maps/UEDPIE_0_Map_Master.Map_Master:PersistentLevel.BP_GlowLight4.Light has a component set to zero, which will result in a bad body instance. Scale:X=1.000 Y=1.000 Z=0.000
[2026.08.22-21.22.06:075][595]LogPhysics: Warning: PopulatePhysXGeometryAndTransform(Convex): ConvexElem has invalid transform
[2026.08.22-21.22.06:075][595]LogPhysics: Warning: ForeachShape(Convex): ScaledElem[0] invalid
[2026.08.22-21.22.06:075][595]LogPhysics: Warning: Scale for /Game/Maps/UEDPIE_0_Map_Master.Map_Master:PersistentLevel.BP_GlowLight5.Light has a component set to zero, which will result in a bad body instance. Scale:X=1.000 Y=1.000 Z=0.000
[2026.08.22-21.22.06:075][595]LogPhysics: Warning: PopulatePhysXGeometryAndTransform(Convex): ConvexElem has invalid transform
[2026.08.22-21.22.06:075][595]LogPhysics: Warning: ForeachShape(Convex): ScaledElem[0] invalid
[2026.08.22-21.22.06:078][595]LogWorld: Bringing World /Game/Maps/UEDPIE_0_Map_Master.Map_Master up for play (max tick rate 60) at 2026.08.23-02.52.06
[2026.08.22-21.22.06:079][595]LogWorld: Bringing up level for play took: 0.005120
[2026.08.22-21.22.06:094][595]LogLoad: Took 0.123567 seconds to LoadMap(/Game/Maps/UEDPIE_0_Map_Master)
[2026.08.22-21.22.30:153][588]LogNet: Browse: /Game/Maps/Map_Master
[2026.08.22-21.22.30:153][588]LogLoad: LoadMap: /Game/Maps/Map_Master
[2026.08.22-21.22.30:153][588]LogWorld: BeginTearingDown for /Game/Maps/UEDPIE_0_Map_Master
[2026.08.22-21.22.30:155][588]LogWorld: UWorld::CleanupWorld for Map_Master, bSessionEnded=true, bCleanupResources=true
[2026.08.22-21.22.30:156][588]LogSlate: InvalidateAllWidgets triggered.  All widgets were invalidated
[2026.08.22-21.22.30:156][588]LogWorld: UWorld::CleanupWorld for Game_Map, bSessionEnded=true, bCleanupResources=true
[2026.08.22-21.22.30:156][588]LogSlate: InvalidateAllWidgets triggered.  All widgets were invalidated
[2026.08.22-21.22.30:223][588]LogAudio: Display: Audio Device unregistered from world 'None'.
[2026.08.22-21.22.30:229][588]LogUObjectHash: Compacting FUObjectHashTables data took   4.01ms
[2026.08.22-21.22.30:231][588]LogPlayLevel: Creating play world package: /Game/Maps/UEDPIE_0_Map_Master
[2026.08.22-21.22.30:243][588]LogPlayLevel: PIE: StaticDuplicateObject took: (0.011816s)
[2026.08.22-21.22.30:244][588]LogAIModule: Creating AISystem for world Map_Master
[2026.08.22-21.22.30:245][588]LogPlayLevel: PIE: World Init took: (0.001603s)
[2026.08.22-21.22.30:245][588]LogPlayLevel: PIE: Created PIE world by copying editor world from /Game/Maps/Map_Master.Map_Master to /Game/Maps/UEDPIE_0_Map_Master.Map_Master (0.013674s)
[2026.08.22-21.22.30:245][588]LogAudio: Display: Audio Device (ID: 10) registered with world 'Map_Master'.
[2026.08.22-21.22.30:245][588]LogLoad: Game class is 'FirstPersonGameMode_C'
[2026.08.22-21.22.30:255][588]LogPhysics: Warning: Scale for /Game/Maps/UEDPIE_0_Map_Master.Map_Master:PersistentLevel.BP_Hall_Light_5.Light has a component set to zero, which will result in a bad body instance. Scale:X=1.000 Y=1.000 Z=0.000
[2026.08.22-21.22.30:255][588]LogPhysics: Warning: PopulatePhysXGeometryAndTransform(Convex): ConvexElem has invalid transform
[2026.08.22-21.22.30:255][588]LogPhysics: Warning: ForeachShape(Convex): ScaledElem[0] invalid
[2026.08.22-21.22.30:255][588]LogPhysics: Warning: Scale for /Game/Maps/UEDPIE_0_Map_Master.Map_Master:PersistentLevel.BP_GlowLight2.Light has a component set to zero, which will result in a bad body instance. Scale:X=1.000 Y=1.000 Z=0.000
[2026.08.22-21.22.30:255][588]LogPhysics: Warning: PopulatePhysXGeometryAndTransform(Convex): ConvexElem has invalid transform
[2026.08.22-21.22.30:255][588]LogPhysics: Warning: ForeachShape(Convex): ScaledElem[0] invalid
[2026.08.22-21.22.30:255][588]LogPhysics: Warning: Scale for /Game/Maps/UEDPIE_0_Map_Master.Map_Master:PersistentLevel.BP_GlowLight3.Light has a component set to zero, which will result in a bad body instance. Scale:X=1.000 Y=1.000 Z=0.000
[2026.08.22-21.22.30:255][588]LogPhysics: Warning: PopulatePhysXGeometryAndTransform(Convex): ConvexElem has invalid transform
[2026.08.22-21.22.30:255][588]LogPhysics: Warning: ForeachShape(Convex): ScaledElem[0] invalid
[2026.08.22-21.22.30:256][588]LogPhysics: Warning: Scale for /Game/Maps/UEDPIE_0_Map_Master.Map_Master:PersistentLevel.BP_GlowLight4.Light has a component set to zero, which will result in a bad body instance. Scale:X=1.000 Y=1.000 Z=0.000
[2026.08.22-21.22.30:256][588]LogPhysics: Warning: PopulatePhysXGeometryAndTransform(Convex): ConvexElem has invalid transform
[2026.08.22-21.22.30:256][588]LogPhysics: Warning: ForeachShape(Convex): ScaledElem[0] invalid
[2026.08.22-21.22.30:256][588]LogPhysics: Warning: Scale for /Game/Maps/UEDPIE_0_Map_Master.Map_Master:PersistentLevel.BP_GlowLight5.Light has a component set to zero, which will result in a bad body instance. Scale:X=1.000 Y=1.000 Z=0.000
[2026.08.22-21.22.30:256][588]LogPhysics: Warning: PopulatePhysXGeometryAndTransform(Convex): ConvexElem has invalid transform
[2026.08.22-21.22.30:256][588]LogPhysics: Warning: ForeachShape(Convex): ScaledElem[0] invalid
[2026.08.22-21.22.30:259][588]LogWorld: Bringing World /Game/Maps/UEDPIE_0_Map_Master.Map_Master up for play (max tick rate 60) at 2026.08.23-02.52.30
[2026.08.22-21.22.30:260][588]LogWorld: Bringing up level for play took: 0.005041
[2026.08.22-21.22.30:273][588]LogLoad: Took 0.119600 seconds to LoadMap(/Game/Maps/UEDPIE_0_Map_Master)
[2026.08.22-21.23.14:785][446]LogLevel: ActivateLevel /Game/Maps/UEDPIE_0_Sattelite_01 1 1 1
[2026.08.22-21.23.14:890][447]LogLevel: Warning: Failed to find streaming level object associated with 'Map_Master'
[2026.08.22-21.23.25:661][965]LogSlate: Updating window title bar state: overlay mode, drag disabled, window buttons hidden, title bar hidden
[2026.08.22-21.23.25:661][965]LogWorld: BeginTearingDown for /Game/Maps/UEDPIE_0_Map_Master
[2026.08.22-21.23.25:662][965]LogWorld: UWorld::CleanupWorld for Map_Master, bSessionEnded=true, bCleanupResources=true
[2026.08.22-21.23.25:663][965]LogSlate: InvalidateAllWidgets triggered.  All widgets were invalidated
[2026.08.22-21.23.25:677][965]LogPlayLevel: Display: Shutting down PIE online subsystems
[2026.08.22-21.23.25:685][965]LogSlate: InvalidateAllWidgets triggered.  All widgets were invalidated
[2026.08.22-21.23.25:746][965]LogSlate: Updating window title bar state: overlay mode, drag disabled, window buttons hidden, title bar hidden
[2026.08.22-21.23.25:746][965]LogAudioMixer: FMixerPlatformXAudio2::StopAudioStream() called
[2026.08.22-21.23.25:748][965]LogAudioMixer: FMixerPlatformXAudio2::StopAudioStream() called
[2026.08.22-21.23.25:764][965]LogUObjectHash: Compacting FUObjectHashTables data took   5.35ms
[2026.08.22-21.23.25:828][966]LogPlayLevel: Display: Destroying online subsystem :Context_18
[2026.08.22-21.23.25:891][966]LogUObjectHash: Compacting FUObjectHashTables data took   4.52ms
[2026.08.22-21.23.47:061][710]LogAssetEditorSubsystem: Opening Asset editor for StaticMesh /Game/Environment/Meshes/Sattelite/Map_EVENT_4_1blend_single_apartment_celling_001.Map_EVENT_4_1blend_single_apartment_celling_001
[2026.08.22-21.23.47:294][710]LogTexture: Default maximum texture size for cubemaps generated from long-lat sources has been changed from 512 to unlimited. In order to preserve old behaiour for '/Engine/EditorMaterials/AssetViewer/EpicQuadPanorama_CC+EV1.EpicQuadPanorama_CC+EV1', its maximum texture size has been explicitly set to 512.
[2026.08.22-21.23.47:553][710]LogTexture: Default maximum texture size for cubemaps generated from long-lat sources has been changed from 512 to unlimited. In order to preserve old behaiour for '/Engine/MapTemplates/Sky/SunsetAmbientCubemap.SunsetAmbientCubemap', its maximum texture size has been explicitly set to 512.
[2026.08.22-21.23.49:884][711]LogRenderer: Reallocating scene render targets to support 1008x588 Format 9 NumSamples 1 (Frame:1).
[2026.08.22-21.23.53:826][776]LogRenderer: Reallocating scene render targets to support 1016x608 Format 9 NumSamples 1 (Frame:69).
[2026.08.22-21.23.54:199][785]LogSlate: Window 'Map_EVENT_4_1blend_single_apartment_celling_001' being destroyed
[2026.08.22-21.24.31:664][616]LogSavePackage: Moving 'D:/Event_Horizon_SOL_V2/Saved/Map_EVENT_4_1blend_single_apartm0B2A4AFB436432FA2ACE8A8A9253A731.tmp' to 'D:/Event_Horizon_SOL_V2/Content/Environment/Meshes/Sattelite/Map_EVENT_4_1blend_single_apartment_celling_001.uasset'
[2026.08.22-21.24.31:705][616]AssetCheck: New page: Asset Save: Map_EVENT_4_1blend_single_apartment_celling_001
[2026.08.22-21.24.31:706][616]LogContentValidation: Display: Validating StaticMesh /Game/Environment/Meshes/Sattelite/Map_EVENT_4_1blend_single_apartment_celling_001.Map_EVENT_4_1blend_single_apartment_celling_001
[2026.08.22-21.24.32:641][640]LogWorld: UWorld::CleanupWorld for World_9, bSessionEnded=true, bCleanupResources=true
[2026.08.22-21.24.32:641][640]LogSlate: InvalidateAllWidgets triggered.  All widgets were invalidated
[2026.08.22-21.24.34:839][702]LogTemp: Repeating last play command: Selected Viewport
[2026.08.22-21.24.34:859][702]LogPlayLevel: PlayLevel: No blueprints needed recompiling
[2026.08.22-21.24.34:859][702]PIE: New page: PIE session: Map_Master (Aug 23, 2026, 8:24:34 AM)
[2026.08.22-21.24.34:859][702]LogPlayLevel: Creating play world package: /Game/Maps/UEDPIE_0_Map_Master
[2026.08.22-21.24.34:874][702]LogPlayLevel: PIE: StaticDuplicateObject took: (0.014839s)
[2026.08.22-21.24.34:876][702]LogAIModule: Creating AISystem for world Map_Master
[2026.08.22-21.24.34:876][702]LogPlayLevel: PIE: World Init took: (0.001817s)
[2026.08.22-21.24.34:876][702]LogPlayLevel: PIE: Created PIE world by copying editor world from /Game/Maps/Map_Master.Map_Master to /Game/Maps/UEDPIE_0_Map_Master.Map_Master (0.016828s)
[2026.08.22-21.24.35:393][702]LogUObjectHash: Compacting FUObjectHashTables data took   6.21ms
[2026.08.22-21.24.35:403][702]LogAudio: Display: Creating Audio Device:                 Id: 11, Scope: Unique, Realtime: True
[2026.08.22-21.24.35:403][702]LogAudioMixer: Display: Audio Mixer Platform Settings:
[2026.08.22-21.24.35:403][702]LogAudioMixer: Display: 	Sample Rate:						  48000
[2026.08.22-21.24.35:403][702]LogAudioMixer: Display: 	Callback Buffer Frame Size Requested: 1024
[2026.08.22-21.24.35:403][702]LogAudioMixer: Display: 	Callback Buffer Frame Size To Use:	  1024
[2026.08.22-21.24.35:403][702]LogAudioMixer: Display: 	Number of buffers to queue:			  2
[2026.08.22-21.24.35:403][702]LogAudioMixer: Display: 	Max Channels (voices):				  32
[2026.08.22-21.24.35:403][702]LogAudioMixer: Display: 	Number of Async Source Workers:		  0
[2026.08.22-21.24.35:403][702]LogAudio: Display: AudioDevice MaxSources: 32
[2026.08.22-21.24.35:404][702]LogAudio: Display: Audio Spatialization Plugin: None (built-in).
[2026.08.22-21.24.35:404][702]LogAudio: Display: Audio Reverb Plugin: None (built-in).
[2026.08.22-21.24.35:404][702]LogAudio: Display: Audio Occlusion Plugin: None (built-in).
[2026.08.22-21.24.35:404][702]LogAudioMixer: Display: Initializing audio mixer.
[2026.08.22-21.24.35:410][702]LogAudioMixer: Display: 0: FrontLeft
[2026.08.22-21.24.35:410][702]LogAudioMixer: Display: 1: FrontRight
[2026.08.22-21.24.35:445][702]LogAudioMixer: Display: Using Audio Device Speakers / Headphones (Realtek Audio)
[2026.08.22-21.24.35:445][702]LogAudioMixer: Display: Initializing Sound Submixes...
[2026.08.22-21.24.35:445][702]LogAudioMixer: Display: Creating Master Submix 'MasterSubmixDefault'
[2026.08.22-21.24.35:445][702]LogAudioMixer: Display: Creating Master Submix 'MasterReverbSubmixDefault'
[2026.08.22-21.24.35:446][702]LogAudioMixer: Display: Creating Master Submix 'MasterEQSubmixDefault'
[2026.08.22-21.24.35:446][702]LogAudioMixer: FMixerPlatformXAudio2::StartAudioStream() called
[2026.08.22-21.24.35:446][702]LogAudioMixer: Display: Output buffers initialized: Frames=1024, Channels=2, Samples=2048
[2026.08.22-21.24.35:448][702]LogAudioMixer: Display: Starting AudioMixerPlatformInterface::RunInternal()
[2026.08.22-21.24.35:449][702]LogAudioMixer: Display: FMixerPlatformXAudio2::SubmitBuffer() called for the first time
[2026.08.22-21.24.35:449][702]LogInit: FAudioDevice initialized.
[2026.08.22-21.24.35:449][702]LogAudio: Display: Audio Device (ID: 11) registered with world 'Map_Master'.
[2026.08.22-21.24.35:459][702]LogLoad: Game class is 'FirstPersonGameMode_C'
[2026.08.22-21.24.35:470][702]LogPhysics: Warning: Scale for /Game/Maps/UEDPIE_0_Map_Master.Map_Master:PersistentLevel.BP_Hall_Light_5.Light has a component set to zero, which will result in a bad body instance. Scale:X=1.000 Y=1.000 Z=0.000
[2026.08.22-21.24.35:470][702]LogPhysics: Warning: PopulatePhysXGeometryAndTransform(Convex): ConvexElem has invalid transform
[2026.08.22-21.24.35:470][702]LogPhysics: Warning: ForeachShape(Convex): ScaledElem[0] invalid
[2026.08.22-21.24.35:470][702]LogPhysics: Warning: Scale for /Game/Maps/UEDPIE_0_Map_Master.Map_Master:PersistentLevel.BP_GlowLight2.Light has a component set to zero, which will result in a bad body instance. Scale:X=1.000 Y=1.000 Z=0.000
[2026.08.22-21.24.35:470][702]LogPhysics: Warning: PopulatePhysXGeometryAndTransform(Convex): ConvexElem has invalid transform
[2026.08.22-21.24.35:470][702]LogPhysics: Warning: ForeachShape(Convex): ScaledElem[0] invalid
[2026.08.22-21.24.35:470][702]LogPhysics: Warning: Scale for /Game/Maps/UEDPIE_0_Map_Master.Map_Master:PersistentLevel.BP_GlowLight3.Light has a component set to zero, which will result in a bad body instance. Scale:X=1.000 Y=1.000 Z=0.000
[2026.08.22-21.24.35:470][702]LogPhysics: Warning: PopulatePhysXGeometryAndTransform(Convex): ConvexElem has invalid transform
[2026.08.22-21.24.35:470][702]LogPhysics: Warning: ForeachShape(Convex): ScaledElem[0] invalid
[2026.08.22-21.24.35:470][702]LogPhysics: Warning: Scale for /Game/Maps/UEDPIE_0_Map_Master.Map_Master:PersistentLevel.BP_GlowLight4.Light has a component set to zero, which will result in a bad body instance. Scale:X=1.000 Y=1.000 Z=0.000
[2026.08.22-21.24.35:470][702]LogPhysics: Warning: PopulatePhysXGeometryAndTransform(Convex): ConvexElem has invalid transform
[2026.08.22-21.24.35:470][702]LogPhysics: Warning: ForeachShape(Convex): ScaledElem[0] invalid
[2026.08.22-21.24.35:470][702]LogPhysics: Warning: Scale for /Game/Maps/UEDPIE_0_Map_Master.Map_Master:PersistentLevel.BP_GlowLight5.Light has a component set to zero, which will result in a bad body instance. Scale:X=1.000 Y=1.000 Z=0.000
[2026.08.22-21.24.35:470][702]LogPhysics: Warning: PopulatePhysXGeometryAndTransform(Convex): ConvexElem has invalid transform
[2026.08.22-21.24.35:471][702]LogPhysics: Warning: ForeachShape(Convex): ScaledElem[0] invalid
[2026.08.22-21.24.35:475][702]LogWorld: Bringing World /Game/Maps/UEDPIE_0_Map_Master.Map_Master up for play (max tick rate 60) at 2026.08.23-02.54.35
[2026.08.22-21.24.35:476][702]LogWorld: Bringing up level for play took: 0.007348
[2026.08.22-21.24.35:479][702]LogOnline: OSS: Creating online subsystem instance for: :Context_20
[2026.08.22-21.24.35:486][702]PIE: Server logged in
[2026.08.22-21.24.35:487][702]PIE: Play in editor total start time 0.629 seconds.
[2026.08.22-21.24.37:121][758]LogTemp: Wakatime Integration: Heartbeat accepted with code 202
[2026.08.22-21.25.21:578][579]LogLevel: ActivateLevel /Game/Maps/UEDPIE_0_Sattelite_01 1 1 1
[2026.08.22-21.25.21:642][580]LogLevel: Warning: Failed to find streaming level object associated with 'Map_Master'
[2026.08.22-21.25.23:917][699]LogSlate: Updating window title bar state: overlay mode, drag disabled, window buttons hidden, title bar hidden
[2026.08.22-21.25.23:917][699]LogWorld: BeginTearingDown for /Game/Maps/UEDPIE_0_Map_Master
[2026.08.22-21.25.23:917][699]LogWorld: UWorld::CleanupWorld for Map_Master, bSessionEnded=true, bCleanupResources=true
[2026.08.22-21.25.23:918][699]LogSlate: InvalidateAllWidgets triggered.  All widgets were invalidated
[2026.08.22-21.25.23:929][699]LogPlayLevel: Display: Shutting down PIE online subsystems
[2026.08.22-21.25.23:938][699]LogSlate: InvalidateAllWidgets triggered.  All widgets were invalidated
[2026.08.22-21.25.24:009][699]LogAudio: Display: Audio Device unregistered from world 'None'.
[2026.08.22-21.25.24:009][699]LogAudioMixer: FMixerPlatformXAudio2::StopAudioStream() called
[2026.08.22-21.25.24:010][699]LogAudioMixer: FMixerPlatformXAudio2::StopAudioStream() called
[2026.08.22-21.25.24:017][699]LogSlate: Updating window title bar state: overlay mode, drag disabled, window buttons hidden, title bar hidden
[2026.08.22-21.25.24:161][699]LogUObjectHash: Compacting FUObjectHashTables data took   6.01ms
[2026.08.22-21.25.24:213][700]LogPlayLevel: Display: Destroying online subsystem :Context_20
[2026.08.22-21.25.24:288][700]LogUObjectHash: Compacting FUObjectHashTables data took   3.66ms
[2026.08.22-21.25.27:644][813]LogTemp: Repeating last play command: Selected Viewport
[2026.08.22-21.25.27:656][813]LogPlayLevel: PlayLevel: No blueprints needed recompiling
[2026.08.22-21.25.27:656][813]PIE: New page: PIE session: Map_Master (Aug 23, 2026, 8:25:27 AM)
[2026.08.22-21.25.27:657][813]LogPlayLevel: Creating play world package: /Game/Maps/UEDPIE_0_Map_Master
[2026.08.22-21.25.27:672][813]LogPlayLevel: PIE: StaticDuplicateObject took: (0.014950s)
[2026.08.22-21.25.27:674][813]LogAIModule: Creating AISystem for world Map_Master
[2026.08.22-21.25.27:674][813]LogPlayLevel: PIE: World Init took: (0.002124s)
[2026.08.22-21.25.27:674][813]LogPlayLevel: PIE: Created PIE world by copying editor world from /Game/Maps/Map_Master.Map_Master to /Game/Maps/UEDPIE_0_Map_Master.Map_Master (0.017277s)
[2026.08.22-21.25.27:719][813]LogUObjectHash: Compacting FUObjectHashTables data took   3.55ms
[2026.08.22-21.25.27:720][813]LogAudio: Display: Creating Audio Device:                 Id: 12, Scope: Unique, Realtime: True
[2026.08.22-21.25.27:720][813]LogAudioMixer: Display: Audio Mixer Platform Settings:
[2026.08.22-21.25.27:720][813]LogAudioMixer: Display: 	Sample Rate:						  48000
[2026.08.22-21.25.27:720][813]LogAudioMixer: Display: 	Callback Buffer Frame Size Requested: 1024
[2026.08.22-21.25.27:720][813]LogAudioMixer: Display: 	Callback Buffer Frame Size To Use:	  1024
[2026.08.22-21.25.27:720][813]LogAudioMixer: Display: 	Number of buffers to queue:			  2
[2026.08.22-21.25.27:720][813]LogAudioMixer: Display: 	Max Channels (voices):				  32
[2026.08.22-21.25.27:720][813]LogAudioMixer: Display: 	Number of Async Source Workers:		  0
[2026.08.22-21.25.27:720][813]LogAudio: Display: AudioDevice MaxSources: 32
[2026.08.22-21.25.27:721][813]LogAudio: Display: Audio Spatialization Plugin: None (built-in).
[2026.08.22-21.25.27:721][813]LogAudio: Display: Audio Reverb Plugin: None (built-in).
[2026.08.22-21.25.27:721][813]LogAudio: Display: Audio Occlusion Plugin: None (built-in).
[2026.08.22-21.25.27:721][813]LogAudioMixer: Display: Initializing audio mixer.
[2026.08.22-21.25.27:725][813]LogAudioMixer: Display: 0: FrontLeft
[2026.08.22-21.25.27:725][813]LogAudioMixer: Display: 1: FrontRight
[2026.08.22-21.25.27:751][813]LogAudioMixer: Display: Using Audio Device Speakers / Headphones (Realtek Audio)
[2026.08.22-21.25.27:752][813]LogAudioMixer: Display: Initializing Sound Submixes...
[2026.08.22-21.25.27:752][813]LogAudioMixer: Display: Creating Master Submix 'MasterSubmixDefault'
[2026.08.22-21.25.27:752][813]LogAudioMixer: Display: Creating Master Submix 'MasterReverbSubmixDefault'
[2026.08.22-21.25.27:752][813]LogAudioMixer: Display: Creating Master Submix 'MasterEQSubmixDefault'
[2026.08.22-21.25.27:752][813]LogAudioMixer: FMixerPlatformXAudio2::StartAudioStream() called
[2026.08.22-21.25.27:752][813]LogAudioMixer: Display: Output buffers initialized: Frames=1024, Channels=2, Samples=2048
[2026.08.22-21.25.27:754][813]LogAudioMixer: Display: Starting AudioMixerPlatformInterface::RunInternal()
[2026.08.22-21.25.27:754][813]LogAudioMixer: Display: FMixerPlatformXAudio2::SubmitBuffer() called for the first time
[2026.08.22-21.25.27:754][813]LogInit: FAudioDevice initialized.
[2026.08.22-21.25.27:754][813]LogAudio: Display: Audio Device (ID: 12) registered with world 'Map_Master'.
[2026.08.22-21.25.27:769][813]LogLoad: Game class is 'FirstPersonGameMode_C'
[2026.08.22-21.25.27:780][813]LogPhysics: Warning: Scale for /Game/Maps/UEDPIE_0_Map_Master.Map_Master:PersistentLevel.BP_Hall_Light_5.Light has a component set to zero, which will result in a bad body instance. Scale:X=1.000 Y=1.000 Z=0.000
[2026.08.22-21.25.27:780][813]LogPhysics: Warning: PopulatePhysXGeometryAndTransform(Convex): ConvexElem has invalid transform
[2026.08.22-21.25.27:780][813]LogPhysics: Warning: ForeachShape(Convex): ScaledElem[0] invalid
[2026.08.22-21.25.27:781][813]LogPhysics: Warning: Scale for /Game/Maps/UEDPIE_0_Map_Master.Map_Master:PersistentLevel.BP_GlowLight2.Light has a component set to zero, which will result in a bad body instance. Scale:X=1.000 Y=1.000 Z=0.000
[2026.08.22-21.25.27:781][813]LogPhysics: Warning: PopulatePhysXGeometryAndTransform(Convex): ConvexElem has invalid transform
[2026.08.22-21.25.27:781][813]LogPhysics: Warning: ForeachShape(Convex): ScaledElem[0] invalid
[2026.08.22-21.25.27:781][813]LogPhysics: Warning: Scale for /Game/Maps/UEDPIE_0_Map_Master.Map_Master:PersistentLevel.BP_GlowLight3.Light has a component set to zero, which will result in a bad body instance. Scale:X=1.000 Y=1.000 Z=0.000
[2026.08.22-21.25.27:781][813]LogPhysics: Warning: PopulatePhysXGeometryAndTransform(Convex): ConvexElem has invalid transform
[2026.08.22-21.25.27:781][813]LogPhysics: Warning: ForeachShape(Convex): ScaledElem[0] invalid
[2026.08.22-21.25.27:781][813]LogPhysics: Warning: Scale for /Game/Maps/UEDPIE_0_Map_Master.Map_Master:PersistentLevel.BP_GlowLight4.Light has a component set to zero, which will result in a bad body instance. Scale:X=1.000 Y=1.000 Z=0.000
[2026.08.22-21.25.27:781][813]LogPhysics: Warning: PopulatePhysXGeometryAndTransform(Convex): ConvexElem has invalid transform
[2026.08.22-21.25.27:781][813]LogPhysics: Warning: ForeachShape(Convex): ScaledElem[0] invalid
[2026.08.22-21.25.27:781][813]LogPhysics: Warning: Scale for /Game/Maps/UEDPIE_0_Map_Master.Map_Master:PersistentLevel.BP_GlowLight5.Light has a component set to zero, which will result in a bad body instance. Scale:X=1.000 Y=1.000 Z=0.000
[2026.08.22-21.25.27:781][813]LogPhysics: Warning: PopulatePhysXGeometryAndTransform(Convex): ConvexElem has invalid transform
[2026.08.22-21.25.27:781][813]LogPhysics: Warning: ForeachShape(Convex): ScaledElem[0] invalid
[2026.08.22-21.25.27:785][813]LogWorld: Bringing World /Game/Maps/UEDPIE_0_Map_Master.Map_Master up for play (max tick rate 60) at 2026.08.23-02.55.27
[2026.08.22-21.25.27:786][813]LogWorld: Bringing up level for play took: 0.006036
[2026.08.22-21.25.27:789][813]LogOnline: OSS: Creating online subsystem instance for: :Context_21
[2026.08.22-21.25.27:795][813]PIE: Server logged in
[2026.08.22-21.25.27:796][813]PIE: Play in editor total start time 0.142 seconds.
[2026.08.22-21.26.19:916][932]LogLevel: ActivateLevel /Game/Maps/UEDPIE_0_Sattelite_01 1 1 1
[2026.08.22-21.26.19:982][933]LogLevel: Warning: Failed to find streaming level object associated with 'Map_Master'
[2026.08.22-21.26.21:659][  8]LogSlate: Updating window title bar state: overlay mode, drag disabled, window buttons hidden, title bar hidden
[2026.08.22-21.26.21:659][  8]LogWorld: BeginTearingDown for /Game/Maps/UEDPIE_0_Map_Master
[2026.08.22-21.26.21:660][  8]LogWorld: UWorld::CleanupWorld for Map_Master, bSessionEnded=true, bCleanupResources=true
[2026.08.22-21.26.21:661][  8]LogSlate: InvalidateAllWidgets triggered.  All widgets were invalidated
[2026.08.22-21.26.21:675][  8]LogPlayLevel: Display: Shutting down PIE online subsystems
[2026.08.22-21.26.21:681][  8]LogSlate: InvalidateAllWidgets triggered.  All widgets were invalidated
[2026.08.22-21.26.21:722][  8]LogSlate: Updating window title bar state: overlay mode, drag disabled, window buttons hidden, title bar hidden
[2026.08.22-21.26.21:723][  8]LogAudioMixer: FMixerPlatformXAudio2::StopAudioStream() called
[2026.08.22-21.26.21:724][  8]LogAudioMixer: FMixerPlatformXAudio2::StopAudioStream() called
[2026.08.22-21.26.21:765][  8]LogUObjectHash: Compacting FUObjectHashTables data took   3.27ms
[2026.08.22-21.26.21:812][  9]LogPlayLevel: Display: Destroying online subsystem :Context_21
[2026.08.22-21.26.21:861][  9]LogUObjectHash: Compacting FUObjectHashTables data took   3.20ms
[2026.08.22-21.26.24:719][ 97]LogAssetEditorSubsystem: Opening Asset editor for StaticMesh /Game/Environment/Meshes/Sattelite/Map_EVENT_4_1blend_single_apartment_celling_001.Map_EVENT_4_1blend_single_apartment_celling_001
[2026.08.22-21.26.43:432][526]LogStaticMesh: Building static mesh Map_EVENT_4_1blend_single_apartment_celling_001...
[2026.08.22-21.26.43:432][526]LogSlate: Prevented a slow task dialog from being summoned while a context menu was open
[2026.08.22-21.26.46:344][526]LogStaticMesh: Built static mesh [2.91s] /Game/Environment/Meshes/Sattelite/Map_EVENT_4_1blend_single_apartment_celling_001.Map_EVENT_4_1blend_single_apartment_celling_001
[2026.08.22-21.26.47:481][526]LogStaticMesh: Warning: Map_EVENT_4_1blend_single_apartment_celling_001 has degenerate tangent bases which will result in incorrect shading.  MikkTSpace relies on tangent bases and may result in mesh corruption, consider disabling this option.
[2026.08.22-21.26.47:481][526]LogStaticMesh: Warning: Map_EVENT_4_1blend_single_apartment_celling_001 has some nearly zero bi-normals which can create some issues. (Tolerance of 1E-4)
[2026.08.22-21.26.47:523][526]LogNavigationDirtyArea: Warning: Skipping dirty area creation because of empty bounds (object: StaticMeshComponent /Game/Maps/Sattelite_01.Sattelite_01:PersistentLevel.Map_EVENT_4_1blend_single_apartment_celling_001_11.StaticMeshComponent0)
[2026.08.22-21.26.49:193][526]LogNavigationDirtyArea: Warning: Skipping dirty area creation because of empty bounds (object: StaticMeshComponent /Game/Maps/Sattelite_01.Sattelite_01:PersistentLevel.Map_EVENT_4_1blend_single_apartment_celling_001_11.StaticMeshComponent0)
[2026.08.22-21.26.51:655][548]LogSavePackage: Moving 'D:/Event_Horizon_SOL_V2/Saved/Map_EVENT_4_1blend_single_apartm68C64CAF471508AA9D3396AD47534775.tmp' to 'D:/Event_Horizon_SOL_V2/Content/Environment/Meshes/Sattelite/Map_EVENT_4_1blend_single_apartment_celling_001.uasset'
[2026.08.22-21.26.51:716][548]AssetCheck: New page: Asset Save: Map_EVENT_4_1blend_single_apartment_celling_001
[2026.08.22-21.26.51:716][548]LogContentValidation: Display: Validating StaticMesh /Game/Environment/Meshes/Sattelite/Map_EVENT_4_1blend_single_apartment_celling_001.Map_EVENT_4_1blend_single_apartment_celling_001
[2026.08.22-21.26.52:345][565]LogWorld: UWorld::CleanupWorld for World_10, bSessionEnded=true, bCleanupResources=true
[2026.08.22-21.26.52:345][565]LogSlate: InvalidateAllWidgets triggered.  All widgets were invalidated
[2026.08.22-21.26.56:406][716]LogTemp: Repeating last play command: Selected Viewport
[2026.08.22-21.26.56:418][716]LogPlayLevel: PlayLevel: No blueprints needed recompiling
[2026.08.22-21.26.56:419][716]PIE: New page: PIE session: Map_Master (Aug 23, 2026, 8:26:56 AM)
[2026.08.22-21.26.56:419][716]LogPlayLevel: Creating play world package: /Game/Maps/UEDPIE_0_Map_Master
[2026.08.22-21.26.56:437][716]LogPlayLevel: PIE: StaticDuplicateObject took: (0.017517s)
[2026.08.22-21.26.56:438][716]LogAIModule: Creating AISystem for world Map_Master
[2026.08.22-21.26.56:438][716]LogPlayLevel: PIE: World Init took: (0.001715s)
[2026.08.22-21.26.56:438][716]LogPlayLevel: PIE: Created PIE world by copying editor world from /Game/Maps/Map_Master.Map_Master to /Game/Maps/UEDPIE_0_Map_Master.Map_Master (0.019447s)
[2026.08.22-21.26.56:491][716]LogUObjectHash: Compacting FUObjectHashTables data took   4.69ms
[2026.08.22-21.26.56:499][716]LogAudio: Display: Creating Audio Device:                 Id: 13, Scope: Unique, Realtime: True
[2026.08.22-21.26.56:499][716]LogAudioMixer: Display: Audio Mixer Platform Settings:
[2026.08.22-21.26.56:499][716]LogAudioMixer: Display: 	Sample Rate:						  48000
[2026.08.22-21.26.56:499][716]LogAudioMixer: Display: 	Callback Buffer Frame Size Requested: 1024
[2026.08.22-21.26.56:499][716]LogAudioMixer: Display: 	Callback Buffer Frame Size To Use:	  1024
[2026.08.22-21.26.56:499][716]LogAudioMixer: Display: 	Number of buffers to queue:			  2
[2026.08.22-21.26.56:499][716]LogAudioMixer: Display: 	Max Channels (voices):				  32
[2026.08.22-21.26.56:499][716]LogAudioMixer: Display: 	Number of Async Source Workers:		  0
[2026.08.22-21.26.56:499][716]LogAudio: Display: AudioDevice MaxSources: 32
[2026.08.22-21.26.56:500][716]LogAudio: Display: Audio Spatialization Plugin: None (built-in).
[2026.08.22-21.26.56:500][716]LogAudio: Display: Audio Reverb Plugin: None (built-in).
[2026.08.22-21.26.56:500][716]LogAudio: Display: Audio Occlusion Plugin: None (built-in).
[2026.08.22-21.26.56:500][716]LogAudioMixer: Display: Initializing audio mixer.
[2026.08.22-21.26.56:504][716]LogAudioMixer: Display: 0: FrontLeft
[2026.08.22-21.26.56:504][716]LogAudioMixer: Display: 1: FrontRight
[2026.08.22-21.26.56:532][716]LogAudioMixer: Display: Using Audio Device Speakers / Headphones (Realtek Audio)
[2026.08.22-21.26.56:533][716]LogAudioMixer: Display: Initializing Sound Submixes...
[2026.08.22-21.26.56:533][716]LogAudioMixer: Display: Creating Master Submix 'MasterSubmixDefault'
[2026.08.22-21.26.56:533][716]LogAudioMixer: Display: Creating Master Submix 'MasterReverbSubmixDefault'
[2026.08.22-21.26.56:534][716]LogAudioMixer: Display: Creating Master Submix 'MasterEQSubmixDefault'
[2026.08.22-21.26.56:534][716]LogAudioMixer: FMixerPlatformXAudio2::StartAudioStream() called
[2026.08.22-21.26.56:534][716]LogAudioMixer: Display: Output buffers initialized: Frames=1024, Channels=2, Samples=2048
[2026.08.22-21.26.56:536][716]LogAudioMixer: Display: Starting AudioMixerPlatformInterface::RunInternal()
[2026.08.22-21.26.56:536][716]LogAudioMixer: Display: FMixerPlatformXAudio2::SubmitBuffer() called for the first time
[2026.08.22-21.26.56:536][716]LogInit: FAudioDevice initialized.
[2026.08.22-21.26.56:536][716]LogAudio: Display: Audio Device (ID: 13) registered with world 'Map_Master'.
[2026.08.22-21.26.56:546][716]LogLoad: Game class is 'FirstPersonGameMode_C'
[2026.08.22-21.26.56:556][716]LogPhysics: Warning: Scale for /Game/Maps/UEDPIE_0_Map_Master.Map_Master:PersistentLevel.BP_Hall_Light_5.Light has a component set to zero, which will result in a bad body instance. Scale:X=1.000 Y=1.000 Z=0.000
[2026.08.22-21.26.56:556][716]LogPhysics: Warning: PopulatePhysXGeometryAndTransform(Convex): ConvexElem has invalid transform
[2026.08.22-21.26.56:556][716]LogPhysics: Warning: ForeachShape(Convex): ScaledElem[0] invalid
[2026.08.22-21.26.56:556][716]LogPhysics: Warning: Scale for /Game/Maps/UEDPIE_0_Map_Master.Map_Master:PersistentLevel.BP_GlowLight2.Light has a component set to zero, which will result in a bad body instance. Scale:X=1.000 Y=1.000 Z=0.000
[2026.08.22-21.26.56:556][716]LogPhysics: Warning: PopulatePhysXGeometryAndTransform(Convex): ConvexElem has invalid transform
[2026.08.22-21.26.56:556][716]LogPhysics: Warning: ForeachShape(Convex): ScaledElem[0] invalid
[2026.08.22-21.26.56:556][716]LogPhysics: Warning: Scale for /Game/Maps/UEDPIE_0_Map_Master.Map_Master:PersistentLevel.BP_GlowLight3.Light has a component set to zero, which will result in a bad body instance. Scale:X=1.000 Y=1.000 Z=0.000
[2026.08.22-21.26.56:556][716]LogPhysics: Warning: PopulatePhysXGeometryAndTransform(Convex): ConvexElem has invalid transform
[2026.08.22-21.26.56:556][716]LogPhysics: Warning: ForeachShape(Convex): ScaledElem[0] invalid
[2026.08.22-21.26.56:556][716]LogPhysics: Warning: Scale for /Game/Maps/UEDPIE_0_Map_Master.Map_Master:PersistentLevel.BP_GlowLight4.Light has a component set to zero, which will result in a bad body instance. Scale:X=1.000 Y=1.000 Z=0.000
[2026.08.22-21.26.56:556][716]LogPhysics: Warning: PopulatePhysXGeometryAndTransform(Convex): ConvexElem has invalid transform
[2026.08.22-21.26.56:556][716]LogPhysics: Warning: ForeachShape(Convex): ScaledElem[0] invalid
[2026.08.22-21.26.56:556][716]LogPhysics: Warning: Scale for /Game/Maps/UEDPIE_0_Map_Master.Map_Master:PersistentLevel.BP_GlowLight5.Light has a component set to zero, which will result in a bad body instance. Scale:X=1.000 Y=1.000 Z=0.000
[2026.08.22-21.26.56:556][716]LogPhysics: Warning: PopulatePhysXGeometryAndTransform(Convex): ConvexElem has invalid transform
[2026.08.22-21.26.56:557][716]LogPhysics: Warning: ForeachShape(Convex): ScaledElem[0] invalid
[2026.08.22-21.26.56:562][716]LogWorld: Bringing World /Game/Maps/UEDPIE_0_Map_Master.Map_Master up for play (max tick rate 60) at 2026.08.23-02.56.56
[2026.08.22-21.26.56:563][716]LogWorld: Bringing up level for play took: 0.007729
[2026.08.22-21.26.56:566][716]LogOnline: OSS: Creating online subsystem instance for: :Context_23
[2026.08.22-21.26.56:573][716]PIE: Server logged in
[2026.08.22-21.26.56:574][716]PIE: Play in editor total start time 0.158 seconds.
[2026.08.22-21.27.07:152][121]LogTemp: Wakatime Integration: Heartbeat accepted with code 202
[2026.08.22-21.27.18:941][599]LogNet: Browse: /Game/Maps/Map_Master
[2026.08.22-21.27.18:942][599]LogLoad: LoadMap: /Game/Maps/Map_Master
[2026.08.22-21.27.18:942][599]LogWorld: BeginTearingDown for /Game/Maps/UEDPIE_0_Map_Master
[2026.08.22-21.27.18:943][599]LogWorld: UWorld::CleanupWorld for Map_Master, bSessionEnded=true, bCleanupResources=true
[2026.08.22-21.27.18:944][599]LogSlate: InvalidateAllWidgets triggered.  All widgets were invalidated
[2026.08.22-21.27.18:945][599]LogWorld: UWorld::CleanupWorld for Game_Map, bSessionEnded=true, bCleanupResources=true
[2026.08.22-21.27.18:945][599]LogSlate: InvalidateAllWidgets triggered.  All widgets were invalidated
[2026.08.22-21.27.18:998][599]LogAudio: Display: Audio Device unregistered from world 'None'.
[2026.08.22-21.27.19:005][599]LogUObjectHash: Compacting FUObjectHashTables data took   3.95ms
[2026.08.22-21.27.19:008][599]LogPlayLevel: Creating play world package: /Game/Maps/UEDPIE_0_Map_Master
[2026.08.22-21.27.19:020][599]LogPlayLevel: PIE: StaticDuplicateObject took: (0.011507s)
[2026.08.22-21.27.19:021][599]LogAIModule: Creating AISystem for world Map_Master
[2026.08.22-21.27.19:022][599]LogPlayLevel: PIE: World Init took: (0.001849s)
[2026.08.22-21.27.19:022][599]LogPlayLevel: PIE: Created PIE world by copying editor world from /Game/Maps/Map_Master.Map_Master to /Game/Maps/UEDPIE_0_Map_Master.Map_Master (0.013622s)
[2026.08.22-21.27.19:022][599]LogAudio: Display: Audio Device (ID: 13) registered with world 'Map_Master'.
[2026.08.22-21.27.19:022][599]LogLoad: Game class is 'FirstPersonGameMode_C'
[2026.08.22-21.27.19:032][599]LogPhysics: Warning: Scale for /Game/Maps/UEDPIE_0_Map_Master.Map_Master:PersistentLevel.BP_Hall_Light_5.Light has a component set to zero, which will result in a bad body instance. Scale:X=1.000 Y=1.000 Z=0.000
[2026.08.22-21.27.19:032][599]LogPhysics: Warning: PopulatePhysXGeometryAndTransform(Convex): ConvexElem has invalid transform
[2026.08.22-21.27.19:032][599]LogPhysics: Warning: ForeachShape(Convex): ScaledElem[0] invalid
[2026.08.22-21.27.19:032][599]LogPhysics: Warning: Scale for /Game/Maps/UEDPIE_0_Map_Master.Map_Master:PersistentLevel.BP_GlowLight2.Light has a component set to zero, which will result in a bad body instance. Scale:X=1.000 Y=1.000 Z=0.000
[2026.08.22-21.27.19:032][599]LogPhysics: Warning: PopulatePhysXGeometryAndTransform(Convex): ConvexElem has invalid transform
[2026.08.22-21.27.19:032][599]LogPhysics: Warning: ForeachShape(Convex): ScaledElem[0] invalid
[2026.08.22-21.27.19:032][599]LogPhysics: Warning: Scale for /Game/Maps/UEDPIE_0_Map_Master.Map_Master:PersistentLevel.BP_GlowLight3.Light has a component set to zero, which will result in a bad body instance. Scale:X=1.000 Y=1.000 Z=0.000
[2026.08.22-21.27.19:032][599]LogPhysics: Warning: PopulatePhysXGeometryAndTransform(Convex): ConvexElem has invalid transform
[2026.08.22-21.27.19:032][599]LogPhysics: Warning: ForeachShape(Convex): ScaledElem[0] invalid
[2026.08.22-21.27.19:032][599]LogPhysics: Warning: Scale for /Game/Maps/UEDPIE_0_Map_Master.Map_Master:PersistentLevel.BP_GlowLight4.Light has a component set to zero, which will result in a bad body instance. Scale:X=1.000 Y=1.000 Z=0.000
[2026.08.22-21.27.19:032][599]LogPhysics: Warning: PopulatePhysXGeometryAndTransform(Convex): ConvexElem has invalid transform
[2026.08.22-21.27.19:032][599]LogPhysics: Warning: ForeachShape(Convex): ScaledElem[0] invalid
[2026.08.22-21.27.19:032][599]LogPhysics: Warning: Scale for /Game/Maps/UEDPIE_0_Map_Master.Map_Master:PersistentLevel.BP_GlowLight5.Light has a component set to zero, which will result in a bad body instance. Scale:X=1.000 Y=1.000 Z=0.000
[2026.08.22-21.27.19:033][599]LogPhysics: Warning: PopulatePhysXGeometryAndTransform(Convex): ConvexElem has invalid transform
[2026.08.22-21.27.19:033][599]LogPhysics: Warning: ForeachShape(Convex): ScaledElem[0] invalid
[2026.08.22-21.27.19:035][599]LogWorld: Bringing World /Game/Maps/UEDPIE_0_Map_Master.Map_Master up for play (max tick rate 60) at 2026.08.23-02.57.19
[2026.08.22-21.27.19:036][599]LogWorld: Bringing up level for play took: 0.004632
[2026.08.22-21.27.19:046][599]LogLoad: Took 0.103323 seconds to LoadMap(/Game/Maps/UEDPIE_0_Map_Master)
[2026.08.22-21.28.23:934][199]LogLevel: ActivateLevel /Game/Maps/UEDPIE_0_Sattelite_01 1 1 1
[2026.08.22-21.28.24:009][200]LogLevel: Warning: Failed to find streaming level object associated with 'Map_Master'
[2026.08.22-21.28.35:768][813]LogSlate: Updating window title bar state: overlay mode, drag disabled, window buttons hidden, title bar hidden
[2026.08.22-21.28.35:768][813]LogWorld: BeginTearingDown for /Game/Maps/UEDPIE_0_Map_Master
[2026.08.22-21.28.35:770][813]LogWorld: UWorld::CleanupWorld for Map_Master, bSessionEnded=true, bCleanupResources=true
[2026.08.22-21.28.35:773][813]LogSlate: InvalidateAllWidgets triggered.  All widgets were invalidated
[2026.08.22-21.28.35:790][813]LogPlayLevel: Display: Shutting down PIE online subsystems
[2026.08.22-21.28.35:796][813]LogSlate: InvalidateAllWidgets triggered.  All widgets were invalidated
[2026.08.22-21.28.35:840][813]LogAudio: Display: Audio Device unregistered from world 'None'.
[2026.08.22-21.28.35:840][813]LogAudioMixer: FMixerPlatformXAudio2::StopAudioStream() called
[2026.08.22-21.28.35:842][813]LogAudioMixer: FMixerPlatformXAudio2::StopAudioStream() called
[2026.08.22-21.28.35:847][813]LogSlate: Updating window title bar state: overlay mode, drag disabled, window buttons hidden, title bar hidden
[2026.08.22-21.28.35:854][813]LogUObjectHash: Compacting FUObjectHashTables data took   4.05ms
[2026.08.22-21.28.35:892][814]LogPlayLevel: Display: Destroying online subsystem :Context_23
[2026.08.22-21.28.35:940][814]LogUObjectHash: Compacting FUObjectHashTables data took   2.82ms
[2026.08.22-21.28.45:318][ 97]LogUObjectHash: Compacting FUObjectHashTables data took   1.45ms
[2026.08.22-21.28.45:364][ 97]LogAssetEditorSubsystem: Opening Asset editor for World /Game/Maps/Sattelite_01.Sattelite_01
[2026.08.22-21.28.45:364][ 97]Cmd: MAP LOAD FILE="D:/Event_Horizon_SOL_V2/Content/Maps/Sattelite_01.umap" TEMPLATE=0 SHOWPROGRESS=1 FEATURELEVEL=3
[2026.08.22-21.28.45:364][ 97]LightingResults: New page: Lighting Build
[2026.08.22-21.28.45:383][ 97]LoadErrors: New page: Loading map: Sattelite_01.umap
[2026.08.22-21.28.45:389][ 97]LogWorld: UWorld::CleanupWorld for Map_Master, bSessionEnded=true, bCleanupResources=true
[2026.08.22-21.28.45:389][ 97]LogSlate: InvalidateAllWidgets triggered.  All widgets were invalidated
[2026.08.22-21.28.45:389][ 97]LogWorld: UWorld::CleanupWorld for Sattelite_01, bSessionEnded=true, bCleanupResources=true
[2026.08.22-21.28.45:389][ 97]LogSlate: InvalidateAllWidgets triggered.  All widgets were invalidated
[2026.08.22-21.28.45:389][ 97]LogWorld: UWorld::CleanupWorld for Game_Map, bSessionEnded=true, bCleanupResources=true
[2026.08.22-21.28.45:389][ 97]LogSlate: InvalidateAllWidgets triggered.  All widgets were invalidated
[2026.08.22-21.28.45:389][ 97]MapCheck: New page: Map Check
[2026.08.22-21.28.45:389][ 97]LightingResults: New page: Lighting Build
[2026.08.22-21.28.45:430][ 97]LogAudio: Display: Audio Device unregistered from world 'None'.
[2026.08.22-21.28.45:441][ 97]LogUObjectHash: Compacting FUObjectHashTables data took   3.86ms
[2026.08.22-21.28.45:441][ 97]LogAudio: Display: Audio Device (ID: 1) registered with world 'Sattelite_01'.
[2026.08.22-21.28.45:443][ 97]LogAIModule: Creating AISystem for world Sattelite_01
[2026.08.22-21.28.45:558][ 97]LogEditorServer: Finished looking for orphan Actors (0.000 secs)
[2026.08.22-21.28.45:614][ 97]LogUObjectHash: Compacting FUObjectHashTables data took   3.63ms
[2026.08.22-21.28.45:641][ 97]Cmd: MAP CHECKDEP NOCLEARLOG
[2026.08.22-21.28.45:641][ 97]MapCheck: Map check complete: 0 Error(s), 0 Warning(s), took 0.116ms to complete.
[2026.08.22-21.28.45:641][ 97]LogFileHelpers: Loading map 'Sattelite_01' took 0.277
[2026.08.22-21.28.45:756][ 97]LogUObjectHash: Compacting FUObjectHashTables data took   1.45ms
[2026.08.22-21.29.41:848][  9]LogContentBrowser: Deferred new asset file creation: NewWidgetBlueprint
[2026.08.22-21.29.41:884][  9]LogContentBrowser: Creating deferred item: NewWidgetBlueprint
[2026.08.22-21.29.45:395][142]LogContentBrowser: Attempting asset rename: NewWidgetBlueprint -> WBP_Win
[2026.08.22-21.29.45:428][142]LogContentBrowser: End creating deferred item NewWidgetBlueprint
[2026.08.22-21.29.46:981][197]LogAssetEditorSubsystem: Opening Asset editor for WidgetBlueprint /Game/UI/Widgets/WBP_Win.WBP_Win
[2026.08.22-21.29.58:514][309]LogSlate: Window 'WBP_Win' being destroyed
[2026.08.22-21.30.07:515][843]LogTemp: Wakatime Integration: Heartbeat accepted with code 202
[2026.08.22-21.31.03:501][857]BlueprintLog: New page: Compile WBP_Win
[2026.08.22-21.31.03:626][857]LogUObjectHash: Compacting FUObjectHashTables data took   8.08ms
[2026.08.22-21.31.04:510][907]Cmd: OBJ SAVEPACKAGE PACKAGE="/Game/UI/Widgets/WBP_Win" FILE="D:/Event_Horizon_SOL_V2/Content/UI/Widgets/WBP_Win.uasset" SILENT=true
[2026.08.22-21.31.04:524][907]LogSavePackage: Moving 'D:/Event_Horizon_SOL_V2/Saved/WBP_Win6248BA9C4C6FCD2E3EB557BFDC3F22EC.tmp' to 'D:/Event_Horizon_SOL_V2/Content/UI/Widgets/WBP_Win.uasset'
[2026.08.22-21.31.04:566][907]AssetCheck: New page: Asset Save: WBP_Win
[2026.08.22-21.31.04:566][907]LogContentValidation: Display: Validating WidgetBlueprint /Game/UI/Widgets/WBP_Win.WBP_Win
[2026.08.22-21.31.07:691][ 90]LogTemp: Wakatime Integration: Heartbeat accepted with code 202
[2026.08.22-21.31.23:022][448]LogWorld: UWorld::CleanupWorld for World_12, bSessionEnded=true, bCleanupResources=true
[2026.08.22-21.31.23:022][448]LogSlate: InvalidateAllWidgets triggered.  All widgets were invalidated
[2026.08.22-21.31.23:047][448]LogWorld: UWorld::CleanupWorld for World_11, bSessionEnded=true, bCleanupResources=true
[2026.08.22-21.31.23:047][448]LogSlate: InvalidateAllWidgets triggered.  All widgets were invalidated
[2026.08.22-21.32.08:077][972]LogEditorClassViewer: Warning: Class /Engine/Tutorial/InWorldBlueprintEditing/TutorialAssets/IWBE_Blutility.IWBE_Blutility_C has parent /Script/Blutility.PlacedEditorUtilityBase, but this parent is not found. The Class will not be shown in ClassViewer.
[2026.08.22-21.32.20:782][593]BlueprintLog: New page: Compile BP_Control_Console_Game_Map
[2026.08.22-21.32.20:988][593]LogUObjectHash: Compacting FUObjectHashTables data took   7.75ms
[2026.08.22-21.32.21:877][625]LogSavePackage: Moving 'D:/Event_Horizon_SOL_V2/Saved/BP_Control_Console_Game_Map32158C76474E003896A6E78DFC3CA6B9.tmp' to 'D:/Event_Horizon_SOL_V2/Content/BPs/Interactable/Control_Room/BP_Control_Console_Game_Map.uasset'
[2026.08.22-21.32.21:908][625]AssetCheck: New page: Asset Save: BP_Control_Console_Game_Map
[2026.08.22-21.32.21:908][625]LogContentValidation: Display: Validating Blueprint /Game/BPs/Interactable/Control_Room/BP_Control_Console_Game_Map.BP_Control_Console_Game_Map
[2026.08.22-21.32.27:742][868]LogUObjectHash: Compacting FUObjectHashTables data took   5.95ms
[2026.08.22-21.32.27:834][868]LogAssetEditorSubsystem: Opening Asset editor for World /Game/Maps/Map_Master.Map_Master
[2026.08.22-21.32.27:834][868]Cmd: MAP LOAD FILE="D:/Event_Horizon_SOL_V2/Content/Maps/Map_Master.umap" TEMPLATE=0 SHOWPROGRESS=1 FEATURELEVEL=3
[2026.08.22-21.32.27:835][868]LightingResults: New page: Lighting Build
[2026.08.22-21.32.27:835][868]LoadErrors: New page: Loading map: Map_Master.umap
[2026.08.22-21.32.27:836][868]LogWorld: UWorld::CleanupWorld for Sattelite_01, bSessionEnded=true, bCleanupResources=true
[2026.08.22-21.32.27:836][868]LogSlate: InvalidateAllWidgets triggered.  All widgets were invalidated
[2026.08.22-21.32.27:836][868]MapCheck: New page: Map Check
[2026.08.22-21.32.27:836][868]LightingResults: New page: Lighting Build
[2026.08.22-21.32.27:890][868]LogAudio: Display: Audio Device unregistered from world 'None'.
[2026.08.22-21.32.27:909][868]LogUObjectHash: Compacting FUObjectHashTables data took   4.68ms
[2026.08.22-21.32.27:911][868]LogAudio: Display: Audio Device (ID: 1) registered with world 'Map_Master'.
[2026.08.22-21.32.27:913][868]LogPhysics: Warning: Scale for /Game/Maps/Map_Master.Map_Master:PersistentLevel.BP_Hall_Light_5.Light has a component set to zero, which will result in a bad body instance. Scale:X=1.000 Y=1.000 Z=0.000
[2026.08.22-21.32.27:913][868]LogPhysics: Warning: PopulatePhysXGeometryAndTransform(Convex): ConvexElem has invalid transform
[2026.08.22-21.32.27:913][868]LogPhysics: Warning: ForeachShape(Convex): ScaledElem[0] invalid
[2026.08.22-21.32.27:914][868]LogPhysics: Warning: Scale for /Game/Maps/Map_Master.Map_Master:PersistentLevel.BP_GlowLight2.Light has a component set to zero, which will result in a bad body instance. Scale:X=1.000 Y=1.000 Z=0.000
[2026.08.22-21.32.27:914][868]LogPhysics: Warning: PopulatePhysXGeometryAndTransform(Convex): ConvexElem has invalid transform
[2026.08.22-21.32.27:914][868]LogPhysics: Warning: ForeachShape(Convex): ScaledElem[0] invalid
[2026.08.22-21.32.27:914][868]LogPhysics: Warning: Scale for /Game/Maps/Map_Master.Map_Master:PersistentLevel.BP_GlowLight3.Light has a component set to zero, which will result in a bad body instance. Scale:X=1.000 Y=1.000 Z=0.000
[2026.08.22-21.32.27:914][868]LogPhysics: Warning: PopulatePhysXGeometryAndTransform(Convex): ConvexElem has invalid transform
[2026.08.22-21.32.27:914][868]LogPhysics: Warning: ForeachShape(Convex): ScaledElem[0] invalid
[2026.08.22-21.32.27:914][868]LogPhysics: Warning: Scale for /Game/Maps/Map_Master.Map_Master:PersistentLevel.BP_GlowLight4.Light has a component set to zero, which will result in a bad body instance. Scale:X=1.000 Y=1.000 Z=0.000
[2026.08.22-21.32.27:914][868]LogPhysics: Warning: PopulatePhysXGeometryAndTransform(Convex): ConvexElem has invalid transform
[2026.08.22-21.32.27:914][868]LogPhysics: Warning: ForeachShape(Convex): ScaledElem[0] invalid
[2026.08.22-21.32.27:915][868]LogPhysics: Warning: Scale for /Game/Maps/Map_Master.Map_Master:PersistentLevel.BP_GlowLight5.Light has a component set to zero, which will result in a bad body instance. Scale:X=1.000 Y=1.000 Z=0.000
[2026.08.22-21.32.27:915][868]LogPhysics: Warning: PopulatePhysXGeometryAndTransform(Convex): ConvexElem has invalid transform
[2026.08.22-21.32.27:915][868]LogPhysics: Warning: ForeachShape(Convex): ScaledElem[0] invalid
[2026.08.22-21.32.27:923][868]LogPhysics: Warning: Scale for /Game/Maps/Map_Master.Map_Master:PersistentLevel.BP_Hall_Light_5.Light has a component set to zero, which will result in a bad body instance. Scale:X=1.000 Y=1.000 Z=0.000
[2026.08.22-21.32.27:923][868]LogPhysics: Warning: PopulatePhysXGeometryAndTransform(Convex): ConvexElem has invalid transform
[2026.08.22-21.32.27:923][868]LogPhysics: Warning: ForeachShape(Convex): ScaledElem[0] invalid
[2026.08.22-21.32.27:924][868]LogPhysics: Warning: Scale for /Game/Maps/Map_Master.Map_Master:PersistentLevel.BP_Hall_Light_5.Light has a component set to zero, which will result in a bad body instance. Scale:X=1.000 Y=1.000 Z=0.000
[2026.08.22-21.32.27:924][868]LogPhysics: Warning: PopulatePhysXGeometryAndTransform(Convex): ConvexElem has invalid transform
[2026.08.22-21.32.27:924][868]LogPhysics: Warning: ForeachShape(Convex): ScaledElem[0] invalid
[2026.08.22-21.32.27:924][868]LogPhysics: Warning: Scale for /Game/Maps/Map_Master.Map_Master:PersistentLevel.BP_Hall_Light_5.Light has a component set to zero, which will result in a bad body instance. Scale:X=1.000 Y=1.000 Z=0.000
[2026.08.22-21.32.27:924][868]LogPhysics: Warning: PopulatePhysXGeometryAndTransform(Convex): ConvexElem has invalid transform
[2026.08.22-21.32.27:924][868]LogPhysics: Warning: ForeachShape(Convex): ScaledElem[0] invalid
[2026.08.22-21.32.27:925][868]LogPhysics: Warning: Scale for /Game/Maps/Map_Master.Map_Master:PersistentLevel.BP_GlowLight2.Light has a component set to zero, which will result in a bad body instance. Scale:X=1.000 Y=1.000 Z=0.000
[2026.08.22-21.32.27:925][868]LogPhysics: Warning: PopulatePhysXGeometryAndTransform(Convex): ConvexElem has invalid transform
[2026.08.22-21.32.27:925][868]LogPhysics: Warning: ForeachShape(Convex): ScaledElem[0] invalid
[2026.08.22-21.32.27:925][868]LogPhysics: Warning: Scale for /Game/Maps/Map_Master.Map_Master:PersistentLevel.BP_GlowLight2.Light has a component set to zero, which will result in a bad body instance. Scale:X=1.000 Y=1.000 Z=0.000
[2026.08.22-21.32.27:925][868]LogPhysics: Warning: PopulatePhysXGeometryAndTransform(Convex): ConvexElem has invalid transform
[2026.08.22-21.32.27:926][868]LogPhysics: Warning: ForeachShape(Convex): ScaledElem[0] invalid
[2026.08.22-21.32.27:926][868]LogPhysics: Warning: Scale for /Game/Maps/Map_Master.Map_Master:PersistentLevel.BP_GlowLight2.Light has a component set to zero, which will result in a bad body instance. Scale:X=1.000 Y=1.000 Z=0.000
[2026.08.22-21.32.27:926][868]LogPhysics: Warning: PopulatePhysXGeometryAndTransform(Convex): ConvexElem has invalid transform
[2026.08.22-21.32.27:926][868]LogPhysics: Warning: ForeachShape(Convex): ScaledElem[0] invalid
[2026.08.22-21.32.27:926][868]LogPhysics: Warning: Scale for /Game/Maps/Map_Master.Map_Master:PersistentLevel.BP_GlowLight3.Light has a component set to zero, which will result in a bad body instance. Scale:X=1.000 Y=1.000 Z=0.000
[2026.08.22-21.32.27:926][868]LogPhysics: Warning: PopulatePhysXGeometryAndTransform(Convex): ConvexElem has invalid transform
[2026.08.22-21.32.27:926][868]LogPhysics: Warning: ForeachShape(Convex): ScaledElem[0] invalid
[2026.08.22-21.32.27:927][868]LogPhysics: Warning: Scale for /Game/Maps/Map_Master.Map_Master:PersistentLevel.BP_GlowLight3.Light has a component set to zero, which will result in a bad body instance. Scale:X=1.000 Y=1.000 Z=0.000
[2026.08.22-21.32.27:927][868]LogPhysics: Warning: PopulatePhysXGeometryAndTransform(Convex): ConvexElem has invalid transform
[2026.08.22-21.32.27:927][868]LogPhysics: Warning: ForeachShape(Convex): ScaledElem[0] invalid
[2026.08.22-21.32.27:927][868]LogPhysics: Warning: Scale for /Game/Maps/Map_Master.Map_Master:PersistentLevel.BP_GlowLight3.Light has a component set to zero, which will result in a bad body instance. Scale:X=1.000 Y=1.000 Z=0.000
[2026.08.22-21.32.27:927][868]LogPhysics: Warning: PopulatePhysXGeometryAndTransform(Convex): ConvexElem has invalid transform
[2026.08.22-21.32.27:927][868]LogPhysics: Warning: ForeachShape(Convex): ScaledElem[0] invalid
[2026.08.22-21.32.27:928][868]LogPhysics: Warning: Scale for /Game/Maps/Map_Master.Map_Master:PersistentLevel.BP_GlowLight4.Light has a component set to zero, which will result in a bad body instance. Scale:X=1.000 Y=1.000 Z=0.000
[2026.08.22-21.32.27:928][868]LogPhysics: Warning: PopulatePhysXGeometryAndTransform(Convex): ConvexElem has invalid transform
[2026.08.22-21.32.27:928][868]LogPhysics: Warning: ForeachShape(Convex): ScaledElem[0] invalid
[2026.08.22-21.32.27:929][868]LogPhysics: Warning: Scale for /Game/Maps/Map_Master.Map_Master:PersistentLevel.BP_GlowLight4.Light has a component set to zero, which will result in a bad body instance. Scale:X=1.000 Y=1.000 Z=0.000
[2026.08.22-21.32.27:929][868]LogPhysics: Warning: PopulatePhysXGeometryAndTransform(Convex): ConvexElem has invalid transform
[2026.08.22-21.32.27:929][868]LogPhysics: Warning: ForeachShape(Convex): ScaledElem[0] invalid
[2026.08.22-21.32.27:930][868]LogPhysics: Warning: Scale for /Game/Maps/Map_Master.Map_Master:PersistentLevel.BP_GlowLight4.Light has a component set to zero, which will result in a bad body instance. Scale:X=1.000 Y=1.000 Z=0.000
[2026.08.22-21.32.27:930][868]LogPhysics: Warning: PopulatePhysXGeometryAndTransform(Convex): ConvexElem has invalid transform
[2026.08.22-21.32.27:930][868]LogPhysics: Warning: ForeachShape(Convex): ScaledElem[0] invalid
[2026.08.22-21.32.27:930][868]LogPhysics: Warning: Scale for /Game/Maps/Map_Master.Map_Master:PersistentLevel.BP_GlowLight5.Light has a component set to zero, which will result in a bad body instance. Scale:X=1.000 Y=1.000 Z=0.000
[2026.08.22-21.32.27:931][868]LogPhysics: Warning: PopulatePhysXGeometryAndTransform(Convex): ConvexElem has invalid transform
[2026.08.22-21.32.27:931][868]LogPhysics: Warning: ForeachShape(Convex): ScaledElem[0] invalid
[2026.08.22-21.32.27:931][868]LogPhysics: Warning: Scale for /Game/Maps/Map_Master.Map_Master:PersistentLevel.BP_GlowLight5.Light has a component set to zero, which will result in a bad body instance. Scale:X=1.000 Y=1.000 Z=0.000
[2026.08.22-21.32.27:931][868]LogPhysics: Warning: PopulatePhysXGeometryAndTransform(Convex): ConvexElem has invalid transform
[2026.08.22-21.32.27:931][868]LogPhysics: Warning: ForeachShape(Convex): ScaledElem[0] invalid
[2026.08.22-21.32.27:932][868]LogPhysics: Warning: Scale for /Game/Maps/Map_Master.Map_Master:PersistentLevel.BP_GlowLight5.Light has a component set to zero, which will result in a bad body instance. Scale:X=1.000 Y=1.000 Z=0.000
[2026.08.22-21.32.27:932][868]LogPhysics: Warning: PopulatePhysXGeometryAndTransform(Convex): ConvexElem has invalid transform
[2026.08.22-21.32.27:932][868]LogPhysics: Warning: ForeachShape(Convex): ScaledElem[0] invalid
[2026.08.22-21.32.27:968][868]LogStreaming: Display: ULevelStreaming::RequestLevel(/Game/Maps/Sattelite_01) is flushing async loading
[2026.08.22-21.32.27:968][868]LogStreaming: Display: FlushAsyncLoading: 1 QueuedPackages, 0 AsyncPackages
[2026.08.22-21.32.28:019][868]LogStreaming: Display: ULevelStreaming::RequestLevel(/Game/Maps/Game_Map) is flushing async loading
[2026.08.22-21.32.28:241][868]LogEditorServer: Finished looking for orphan Actors (0.000 secs)
[2026.08.22-21.32.28:242][868]LogAIModule: Creating AISystem for world Map_Master
[2026.08.22-21.32.28:310][868]LogUObjectHash: Compacting FUObjectHashTables data took   3.93ms
[2026.08.22-21.32.28:333][868]Cmd: MAP CHECKDEP NOCLEARLOG
[2026.08.22-21.32.28:333][868]MapCheck: Map check complete: 0 Error(s), 0 Warning(s), took 0.218ms to complete.
[2026.08.22-21.32.28:333][868]LogFileHelpers: Loading map 'Map_Master' took 0.499
[2026.08.22-21.32.30:277][898]LogTemp: Repeating last play command: Selected Viewport
[2026.08.22-21.32.30:299][898]LogPlayLevel: PlayLevel: No blueprints needed recompiling
[2026.08.22-21.32.30:299][898]PIE: New page: PIE session: Map_Master (Aug 23, 2026, 8:32:30 AM)
[2026.08.22-21.32.30:301][898]LogPlayLevel: Creating play world package: /Game/Maps/UEDPIE_0_Map_Master
[2026.08.22-21.32.30:322][898]LogPlayLevel: PIE: StaticDuplicateObject took: (0.020560s)
[2026.08.22-21.32.30:324][898]LogAIModule: Creating AISystem for world Map_Master
[2026.08.22-21.32.30:324][898]LogPlayLevel: PIE: World Init took: (0.002161s)
[2026.08.22-21.32.30:324][898]LogPlayLevel: PIE: Created PIE world by copying editor world from /Game/Maps/Map_Master.Map_Master to /Game/Maps/UEDPIE_0_Map_Master.Map_Master (0.023105s)
[2026.08.22-21.32.30:403][898]LogUObjectHash: Compacting FUObjectHashTables data took   5.78ms
[2026.08.22-21.32.30:404][898]LogAudio: Display: Creating Audio Device:                 Id: 14, Scope: Unique, Realtime: True
[2026.08.22-21.32.30:404][898]LogAudioMixer: Display: Audio Mixer Platform Settings:
[2026.08.22-21.32.30:404][898]LogAudioMixer: Display: 	Sample Rate:						  48000
[2026.08.22-21.32.30:404][898]LogAudioMixer: Display: 	Callback Buffer Frame Size Requested: 1024
[2026.08.22-21.32.30:404][898]LogAudioMixer: Display: 	Callback Buffer Frame Size To Use:	  1024
[2026.08.22-21.32.30:404][898]LogAudioMixer: Display: 	Number of buffers to queue:			  2
[2026.08.22-21.32.30:404][898]LogAudioMixer: Display: 	Max Channels (voices):				  32
[2026.08.22-21.32.30:404][898]LogAudioMixer: Display: 	Number of Async Source Workers:		  0
[2026.08.22-21.32.30:404][898]LogAudio: Display: AudioDevice MaxSources: 32
[2026.08.22-21.32.30:406][898]LogAudio: Display: Audio Spatialization Plugin: None (built-in).
[2026.08.22-21.32.30:406][898]LogAudio: Display: Audio Reverb Plugin: None (built-in).
[2026.08.22-21.32.30:406][898]LogAudio: Display: Audio Occlusion Plugin: None (built-in).
[2026.08.22-21.32.30:406][898]LogAudioMixer: Display: Initializing audio mixer.
[2026.08.22-21.32.30:415][898]LogAudioMixer: Display: 0: FrontLeft
[2026.08.22-21.32.30:415][898]LogAudioMixer: Display: 1: FrontRight
[2026.08.22-21.32.30:453][898]LogAudioMixer: Display: Using Audio Device Speakers / Headphones (Realtek Audio)
[2026.08.22-21.32.30:454][898]LogAudioMixer: Display: Initializing Sound Submixes...
[2026.08.22-21.32.30:454][898]LogAudioMixer: Display: Creating Master Submix 'MasterSubmixDefault'
[2026.08.22-21.32.30:454][898]LogAudioMixer: Display: Creating Master Submix 'MasterReverbSubmixDefault'
[2026.08.22-21.32.30:457][898]LogAudioMixer: Display: Creating Master Submix 'MasterEQSubmixDefault'
[2026.08.22-21.32.30:457][898]LogAudioMixer: FMixerPlatformXAudio2::StartAudioStream() called
[2026.08.22-21.32.30:457][898]LogAudioMixer: Display: Output buffers initialized: Frames=1024, Channels=2, Samples=2048
[2026.08.22-21.32.30:459][898]LogAudioMixer: Display: Starting AudioMixerPlatformInterface::RunInternal()
[2026.08.22-21.32.30:459][898]LogAudioMixer: Display: FMixerPlatformXAudio2::SubmitBuffer() called for the first time
[2026.08.22-21.32.30:459][898]LogInit: FAudioDevice initialized.
[2026.08.22-21.32.30:459][898]LogAudio: Display: Audio Device (ID: 14) registered with world 'Map_Master'.
[2026.08.22-21.32.30:496][898]LogLoad: Game class is 'FirstPersonGameMode_C'
[2026.08.22-21.32.30:508][898]LogPhysics: Warning: Scale for /Game/Maps/UEDPIE_0_Map_Master.Map_Master:PersistentLevel.BP_Hall_Light_5.Light has a component set to zero, which will result in a bad body instance. Scale:X=1.000 Y=1.000 Z=0.000
[2026.08.22-21.32.30:508][898]LogPhysics: Warning: PopulatePhysXGeometryAndTransform(Convex): ConvexElem has invalid transform
[2026.08.22-21.32.30:508][898]LogPhysics: Warning: ForeachShape(Convex): ScaledElem[0] invalid
[2026.08.22-21.32.30:508][898]LogPhysics: Warning: Scale for /Game/Maps/UEDPIE_0_Map_Master.Map_Master:PersistentLevel.BP_GlowLight2.Light has a component set to zero, which will result in a bad body instance. Scale:X=1.000 Y=1.000 Z=0.000
[2026.08.22-21.32.30:508][898]LogPhysics: Warning: PopulatePhysXGeometryAndTransform(Convex): ConvexElem has invalid transform
[2026.08.22-21.32.30:508][898]LogPhysics: Warning: ForeachShape(Convex): ScaledElem[0] invalid
[2026.08.22-21.32.30:508][898]LogPhysics: Warning: Scale for /Game/Maps/UEDPIE_0_Map_Master.Map_Master:PersistentLevel.BP_GlowLight3.Light has a component set to zero, which will result in a bad body instance. Scale:X=1.000 Y=1.000 Z=0.000
[2026.08.22-21.32.30:509][898]LogPhysics: Warning: PopulatePhysXGeometryAndTransform(Convex): ConvexElem has invalid transform
[2026.08.22-21.32.30:509][898]LogPhysics: Warning: ForeachShape(Convex): ScaledElem[0] invalid
[2026.08.22-21.32.30:509][898]LogPhysics: Warning: Scale for /Game/Maps/UEDPIE_0_Map_Master.Map_Master:PersistentLevel.BP_GlowLight4.Light has a component set to zero, which will result in a bad body instance. Scale:X=1.000 Y=1.000 Z=0.000
[2026.08.22-21.32.30:509][898]LogPhysics: Warning: PopulatePhysXGeometryAndTransform(Convex): ConvexElem has invalid transform
[2026.08.22-21.32.30:509][898]LogPhysics: Warning: ForeachShape(Convex): ScaledElem[0] invalid
[2026.08.22-21.32.30:509][898]LogPhysics: Warning: Scale for /Game/Maps/UEDPIE_0_Map_Master.Map_Master:PersistentLevel.BP_GlowLight5.Light has a component set to zero, which will result in a bad body instance. Scale:X=1.000 Y=1.000 Z=0.000
[2026.08.22-21.32.30:509][898]LogPhysics: Warning: PopulatePhysXGeometryAndTransform(Convex): ConvexElem has invalid transform
[2026.08.22-21.32.30:509][898]LogPhysics: Warning: ForeachShape(Convex): ScaledElem[0] invalid
[2026.08.22-21.32.30:515][898]LogWorld: Bringing World /Game/Maps/UEDPIE_0_Map_Master.Map_Master up for play (max tick rate 60) at 2026.08.23-03.02.30
[2026.08.22-21.32.30:517][898]LogWorld: Bringing up level for play took: 0.009324
[2026.08.22-21.32.30:521][898]LogOnline: OSS: Creating online subsystem instance for: :Context_26
[2026.08.22-21.32.30:530][898]PIE: Server logged in
[2026.08.22-21.32.30:531][898]PIE: Play in editor total start time 0.235 seconds.
[2026.08.22-21.32.31:466][931]LogAudioMixer: Resetting audio stream to device id 
[2026.08.22-21.32.31:661][931]LogAudioMixer: Display: 0: FrontLeft
[2026.08.22-21.32.31:661][931]LogAudioMixer: Display: 1: FrontRight
[2026.08.22-21.32.37:731][177]LogTemp: Wakatime Integration: Heartbeat accepted with code 202
[2026.08.22-21.33.12:915][665]LogLevel: ActivateLevel /Game/Maps/UEDPIE_0_Sattelite_01 1 1 1
[2026.08.22-21.33.13:023][666]LogLevel: Warning: Failed to find streaming level object associated with 'Map_Master'
[2026.08.22-21.33.19:077][ 17]LogSlate: Updating window title bar state: overlay mode, drag disabled, window buttons hidden, title bar hidden
[2026.08.22-21.33.19:077][ 17]LogWorld: BeginTearingDown for /Game/Maps/UEDPIE_0_Map_Master
[2026.08.22-21.33.19:079][ 17]LogWorld: UWorld::CleanupWorld for Map_Master, bSessionEnded=true, bCleanupResources=true
[2026.08.22-21.33.19:080][ 17]LogSlate: InvalidateAllWidgets triggered.  All widgets were invalidated
[2026.08.22-21.33.19:110][ 17]LogPlayLevel: Display: Shutting down PIE online subsystems
[2026.08.22-21.33.19:122][ 17]LogSlate: InvalidateAllWidgets triggered.  All widgets were invalidated
[2026.08.22-21.33.19:179][ 17]LogSlate: Updating window title bar state: overlay mode, drag disabled, window buttons hidden, title bar hidden
[2026.08.22-21.33.19:181][ 17]LogAudioMixer: FMixerPlatformXAudio2::StopAudioStream() called
[2026.08.22-21.33.19:186][ 17]LogAudioMixer: FMixerPlatformXAudio2::StopAudioStream() called
[2026.08.22-21.33.19:199][ 17]LogUObjectHash: Compacting FUObjectHashTables data took   4.26ms
[2026.08.22-21.33.19:248][ 18]LogPlayLevel: Display: Destroying online subsystem :Context_26
[2026.08.22-21.33.19:294][ 18]LogUObjectHash: Compacting FUObjectHashTables data took   3.68ms
[2026.08.22-21.33.22:266][129]LogAssetEditorSubsystem: Opening Asset editor for WidgetBlueprint /Game/UI/Widgets/WBP_Win.WBP_Win
[2026.08.22-21.33.26:720][357]Cmd: OBJ SAVEPACKAGE PACKAGE="/Game/UI/Widgets/WBP_Win" FILE="D:/Event_Horizon_SOL_V2/Content/UI/Widgets/WBP_Win.uasset" SILENT=true
[2026.08.22-21.33.26:734][357]LogSavePackage: Moving 'D:/Event_Horizon_SOL_V2/Saved/WBP_Win0AD1091C4E658058A5AB3AAEF5CC358E.tmp' to 'D:/Event_Horizon_SOL_V2/Content/UI/Widgets/WBP_Win.uasset'
[2026.08.22-21.33.26:761][357]AssetCheck: New page: Asset Save: WBP_Win
[2026.08.22-21.33.26:761][357]LogContentValidation: Display: Validating WidgetBlueprint /Game/UI/Widgets/WBP_Win.WBP_Win
[2026.08.22-21.33.27:975][410]LogTemp: Repeating last play command: Selected Viewport
[2026.08.22-21.33.27:988][410]LogPlayLevel: PlayLevel: No blueprints needed recompiling
[2026.08.22-21.33.27:988][410]PIE: New page: PIE session: Map_Master (Aug 23, 2026, 8:33:27 AM)
[2026.08.22-21.33.27:989][410]LogPlayLevel: Creating play world package: /Game/Maps/UEDPIE_0_Map_Master
[2026.08.22-21.33.28:003][410]LogPlayLevel: PIE: StaticDuplicateObject took: (0.013974s)
[2026.08.22-21.33.28:004][410]LogAIModule: Creating AISystem for world Map_Master
[2026.08.22-21.33.28:004][410]LogPlayLevel: PIE: World Init took: (0.001446s)
[2026.08.22-21.33.28:004][410]LogPlayLevel: PIE: Created PIE world by copying editor world from /Game/Maps/Map_Master.Map_Master to /Game/Maps/UEDPIE_0_Map_Master.Map_Master (0.015632s)
[2026.08.22-21.33.28:059][410]LogUObjectHash: Compacting FUObjectHashTables data took   4.52ms
[2026.08.22-21.33.28:061][410]LogAudio: Display: Creating Audio Device:                 Id: 15, Scope: Unique, Realtime: True
[2026.08.22-21.33.28:061][410]LogAudioMixer: Display: Audio Mixer Platform Settings:
[2026.08.22-21.33.28:061][410]LogAudioMixer: Display: 	Sample Rate:						  48000
[2026.08.22-21.33.28:061][410]LogAudioMixer: Display: 	Callback Buffer Frame Size Requested: 1024
[2026.08.22-21.33.28:061][410]LogAudioMixer: Display: 	Callback Buffer Frame Size To Use:	  1024
[2026.08.22-21.33.28:061][410]LogAudioMixer: Display: 	Number of buffers to queue:			  2
[2026.08.22-21.33.28:061][410]LogAudioMixer: Display: 	Max Channels (voices):				  32
[2026.08.22-21.33.28:061][410]LogAudioMixer: Display: 	Number of Async Source Workers:		  0
[2026.08.22-21.33.28:061][410]LogAudio: Display: AudioDevice MaxSources: 32
[2026.08.22-21.33.28:061][410]LogAudio: Display: Audio Spatialization Plugin: None (built-in).
[2026.08.22-21.33.28:062][410]LogAudio: Display: Audio Reverb Plugin: None (built-in).
[2026.08.22-21.33.28:062][410]LogAudio: Display: Audio Occlusion Plugin: None (built-in).
[2026.08.22-21.33.28:062][410]LogAudioMixer: Display: Initializing audio mixer.
[2026.08.22-21.33.28:066][410]LogAudioMixer: Display: 0: FrontLeft
[2026.08.22-21.33.28:066][410]LogAudioMixer: Display: 1: FrontRight
[2026.08.22-21.33.28:092][410]LogAudioMixer: Display: Using Audio Device Speakers / Headphones (Realtek Audio)
[2026.08.22-21.33.28:092][410]LogAudioMixer: Display: Initializing Sound Submixes...
[2026.08.22-21.33.28:092][410]LogAudioMixer: Display: Creating Master Submix 'MasterSubmixDefault'
[2026.08.22-21.33.28:092][410]LogAudioMixer: Display: Creating Master Submix 'MasterReverbSubmixDefault'
[2026.08.22-21.33.28:093][410]LogAudioMixer: Display: Creating Master Submix 'MasterEQSubmixDefault'
[2026.08.22-21.33.28:093][410]LogAudioMixer: FMixerPlatformXAudio2::StartAudioStream() called
[2026.08.22-21.33.28:093][410]LogAudioMixer: Display: Output buffers initialized: Frames=1024, Channels=2, Samples=2048
[2026.08.22-21.33.28:095][410]LogAudioMixer: Display: Starting AudioMixerPlatformInterface::RunInternal()
[2026.08.22-21.33.28:095][410]LogAudioMixer: Display: FMixerPlatformXAudio2::SubmitBuffer() called for the first time
[2026.08.22-21.33.28:095][410]LogInit: FAudioDevice initialized.
[2026.08.22-21.33.28:095][410]LogAudio: Display: Audio Device (ID: 15) registered with world 'Map_Master'.
[2026.08.22-21.33.28:104][410]LogLoad: Game class is 'FirstPersonGameMode_C'
[2026.08.22-21.33.28:113][410]LogPhysics: Warning: Scale for /Game/Maps/UEDPIE_0_Map_Master.Map_Master:PersistentLevel.BP_Hall_Light_5.Light has a component set to zero, which will result in a bad body instance. Scale:X=1.000 Y=1.000 Z=0.000
[2026.08.22-21.33.28:113][410]LogPhysics: Warning: PopulatePhysXGeometryAndTransform(Convex): ConvexElem has invalid transform
[2026.08.22-21.33.28:113][410]LogPhysics: Warning: ForeachShape(Convex): ScaledElem[0] invalid
[2026.08.22-21.33.28:113][410]LogPhysics: Warning: Scale for /Game/Maps/UEDPIE_0_Map_Master.Map_Master:PersistentLevel.BP_GlowLight2.Light has a component set to zero, which will result in a bad body instance. Scale:X=1.000 Y=1.000 Z=0.000
[2026.08.22-21.33.28:113][410]LogPhysics: Warning: PopulatePhysXGeometryAndTransform(Convex): ConvexElem has invalid transform
[2026.08.22-21.33.28:113][410]LogPhysics: Warning: ForeachShape(Convex): ScaledElem[0] invalid
[2026.08.22-21.33.28:113][410]LogPhysics: Warning: Scale for /Game/Maps/UEDPIE_0_Map_Master.Map_Master:PersistentLevel.BP_GlowLight3.Light has a component set to zero, which will result in a bad body instance. Scale:X=1.000 Y=1.000 Z=0.000
[2026.08.22-21.33.28:113][410]LogPhysics: Warning: PopulatePhysXGeometryAndTransform(Convex): ConvexElem has invalid transform
[2026.08.22-21.33.28:113][410]LogPhysics: Warning: ForeachShape(Convex): ScaledElem[0] invalid
[2026.08.22-21.33.28:113][410]LogPhysics: Warning: Scale for /Game/Maps/UEDPIE_0_Map_Master.Map_Master:PersistentLevel.BP_GlowLight4.Light has a component set to zero, which will result in a bad body instance. Scale:X=1.000 Y=1.000 Z=0.000
[2026.08.22-21.33.28:113][410]LogPhysics: Warning: PopulatePhysXGeometryAndTransform(Convex): ConvexElem has invalid transform
[2026.08.22-21.33.28:113][410]LogPhysics: Warning: ForeachShape(Convex): ScaledElem[0] invalid
[2026.08.22-21.33.28:113][410]LogPhysics: Warning: Scale for /Game/Maps/UEDPIE_0_Map_Master.Map_Master:PersistentLevel.BP_GlowLight5.Light has a component set to zero, which will result in a bad body instance. Scale:X=1.000 Y=1.000 Z=0.000
[2026.08.22-21.33.28:113][410]LogPhysics: Warning: PopulatePhysXGeometryAndTransform(Convex): ConvexElem has invalid transform
[2026.08.22-21.33.28:114][410]LogPhysics: Warning: ForeachShape(Convex): ScaledElem[0] invalid
[2026.08.22-21.33.28:118][410]LogWorld: Bringing World /Game/Maps/UEDPIE_0_Map_Master.Map_Master up for play (max tick rate 60) at 2026.08.23-03.03.28
[2026.08.22-21.33.28:119][410]LogWorld: Bringing up level for play took: 0.006898
[2026.08.22-21.33.28:122][410]LogOnline: OSS: Creating online subsystem instance for: :Context_29
[2026.08.22-21.33.28:128][410]PIE: Server logged in
[2026.08.22-21.33.28:129][410]PIE: Play in editor total start time 0.142 seconds.
[2026.08.22-21.33.37:771][807]LogTemp: Wakatime Integration: Heartbeat accepted with code 202
[2026.08.22-21.33.51:201][363]LogNet: Browse: /Game/Maps/Map_Master
[2026.08.22-21.33.51:201][363]LogLoad: LoadMap: /Game/Maps/Map_Master
[2026.08.22-21.33.51:202][363]LogWorld: BeginTearingDown for /Game/Maps/UEDPIE_0_Map_Master
[2026.08.22-21.33.51:203][363]LogWorld: UWorld::CleanupWorld for Map_Master, bSessionEnded=true, bCleanupResources=true
[2026.08.22-21.33.51:205][363]LogSlate: InvalidateAllWidgets triggered.  All widgets were invalidated
[2026.08.22-21.33.51:205][363]LogWorld: UWorld::CleanupWorld for Game_Map, bSessionEnded=true, bCleanupResources=true
[2026.08.22-21.33.51:205][363]LogSlate: InvalidateAllWidgets triggered.  All widgets were invalidated
[2026.08.22-21.33.51:279][363]LogAudio: Display: Audio Device unregistered from world 'None'.
[2026.08.22-21.33.51:286][363]LogUObjectHash: Compacting FUObjectHashTables data took   4.84ms
[2026.08.22-21.33.51:289][363]LogPlayLevel: Creating play world package: /Game/Maps/UEDPIE_0_Map_Master
[2026.08.22-21.33.51:301][363]LogPlayLevel: PIE: StaticDuplicateObject took: (0.012225s)
[2026.08.22-21.33.51:303][363]LogAIModule: Creating AISystem for world Map_Master
[2026.08.22-21.33.51:303][363]LogPlayLevel: PIE: World Init took: (0.001535s)
[2026.08.22-21.33.51:303][363]LogPlayLevel: PIE: Created PIE world by copying editor world from /Game/Maps/Map_Master.Map_Master to /Game/Maps/UEDPIE_0_Map_Master.Map_Master (0.014025s)
[2026.08.22-21.33.51:303][363]LogAudio: Display: Audio Device (ID: 15) registered with world 'Map_Master'.
[2026.08.22-21.33.51:303][363]LogLoad: Game class is 'FirstPersonGameMode_C'
[2026.08.22-21.33.51:313][363]LogPhysics: Warning: Scale for /Game/Maps/UEDPIE_0_Map_Master.Map_Master:PersistentLevel.BP_Hall_Light_5.Light has a component set to zero, which will result in a bad body instance. Scale:X=1.000 Y=1.000 Z=0.000
[2026.08.22-21.33.51:313][363]LogPhysics: Warning: PopulatePhysXGeometryAndTransform(Convex): ConvexElem has invalid transform
[2026.08.22-21.33.51:313][363]LogPhysics: Warning: ForeachShape(Convex): ScaledElem[0] invalid
[2026.08.22-21.33.51:313][363]LogPhysics: Warning: Scale for /Game/Maps/UEDPIE_0_Map_Master.Map_Master:PersistentLevel.BP_GlowLight2.Light has a component set to zero, which will result in a bad body instance. Scale:X=1.000 Y=1.000 Z=0.000
[2026.08.22-21.33.51:313][363]LogPhysics: Warning: PopulatePhysXGeometryAndTransform(Convex): ConvexElem has invalid transform
[2026.08.22-21.33.51:313][363]LogPhysics: Warning: ForeachShape(Convex): ScaledElem[0] invalid
[2026.08.22-21.33.51:313][363]LogPhysics: Warning: Scale for /Game/Maps/UEDPIE_0_Map_Master.Map_Master:PersistentLevel.BP_GlowLight3.Light has a component set to zero, which will result in a bad body instance. Scale:X=1.000 Y=1.000 Z=0.000
[2026.08.22-21.33.51:314][363]LogPhysics: Warning: PopulatePhysXGeometryAndTransform(Convex): ConvexElem has invalid transform
[2026.08.22-21.33.51:314][363]LogPhysics: Warning: ForeachShape(Convex): ScaledElem[0] invalid
[2026.08.22-21.33.51:314][363]LogPhysics: Warning: Scale for /Game/Maps/UEDPIE_0_Map_Master.Map_Master:PersistentLevel.BP_GlowLight4.Light has a component set to zero, which will result in a bad body instance. Scale:X=1.000 Y=1.000 Z=0.000
[2026.08.22-21.33.51:314][363]LogPhysics: Warning: PopulatePhysXGeometryAndTransform(Convex): ConvexElem has invalid transform
[2026.08.22-21.33.51:314][363]LogPhysics: Warning: ForeachShape(Convex): ScaledElem[0] invalid
[2026.08.22-21.33.51:314][363]LogPhysics: Warning: Scale for /Game/Maps/UEDPIE_0_Map_Master.Map_Master:PersistentLevel.BP_GlowLight5.Light has a component set to zero, which will result in a bad body instance. Scale:X=1.000 Y=1.000 Z=0.000
[2026.08.22-21.33.51:314][363]LogPhysics: Warning: PopulatePhysXGeometryAndTransform(Convex): ConvexElem has invalid transform
[2026.08.22-21.33.51:314][363]LogPhysics: Warning: ForeachShape(Convex): ScaledElem[0] invalid
[2026.08.22-21.33.51:317][363]LogWorld: Bringing World /Game/Maps/UEDPIE_0_Map_Master.Map_Master up for play (max tick rate 60) at 2026.08.23-03.03.51
[2026.08.22-21.33.51:318][363]LogWorld: Bringing up level for play took: 0.005324
[2026.08.22-21.33.51:326][363]LogLoad: Took 0.124164 seconds to LoadMap(/Game/Maps/UEDPIE_0_Map_Master)
[2026.08.22-21.34.32:514][ 87]LogLevel: ActivateLevel /Game/Maps/UEDPIE_0_Sattelite_01 1 1 1
[2026.08.22-21.34.32:602][ 88]LogLevel: Warning: Failed to find streaming level object associated with 'Map_Master'
[2026.08.22-21.34.35:151][235]Cmd: LevelEditor.ToggleImmersive
[2026.08.22-21.34.44:562][785]Cmd: LevelEditor.ToggleImmersive
[2026.08.22-21.34.46:280][876]LogSlate: Updating window title bar state: overlay mode, drag disabled, window buttons hidden, title bar hidden
[2026.08.22-21.34.46:281][876]LogWorld: BeginTearingDown for /Game/Maps/UEDPIE_0_Map_Master
[2026.08.22-21.34.46:282][876]LogWorld: UWorld::CleanupWorld for Map_Master, bSessionEnded=true, bCleanupResources=true
[2026.08.22-21.34.46:283][876]LogSlate: InvalidateAllWidgets triggered.  All widgets were invalidated
[2026.08.22-21.34.46:296][876]LogPlayLevel: Display: Shutting down PIE online subsystems
[2026.08.22-21.34.46:303][876]LogSlate: InvalidateAllWidgets triggered.  All widgets were invalidated
[2026.08.22-21.34.46:355][876]LogAudio: Display: Audio Device unregistered from world 'None'.
[2026.08.22-21.34.46:355][876]LogAudioMixer: FMixerPlatformXAudio2::StopAudioStream() called
[2026.08.22-21.34.46:357][876]LogAudioMixer: FMixerPlatformXAudio2::StopAudioStream() called
[2026.08.22-21.34.46:362][876]LogSlate: Updating window title bar state: overlay mode, drag disabled, window buttons hidden, title bar hidden
[2026.08.22-21.34.46:368][876]LogUObjectHash: Compacting FUObjectHashTables data took   3.76ms
[2026.08.22-21.34.46:409][877]LogPlayLevel: Display: Destroying online subsystem :Context_29
[2026.08.22-21.34.46:461][877]LogUObjectHash: Compacting FUObjectHashTables data took   3.60ms
[2026.08.22-21.35.46:259][356]LogShaderCompilers: Display: === FShaderJobCache stats ===
[2026.08.22-21.35.46:259][356]LogShaderCompilers: Display: Total job queries 400, among them cache hits 0 (0.00%)
[2026.08.22-21.35.46:259][356]LogShaderCompilers: Display: Tracking 400 distinct input hashes that result in 99 distinct outputs (24.75%)
[2026.08.22-21.35.46:260][356]LogShaderCompilers: Display: RAM used: 0.57 MB (0.00 GB) of 409.60 MB (0.40 GB) budget. Usage: 0.14%
[2026.08.22-21.35.46:260][356]LogShaderCompilers: Display: ================================================
[2026.08.22-21.35.46:595][356]LogTexture: Display: Building textures: NewReflectionComponentTexture14CAAC4144EF7C128104FB83C50F357C (BGRA8, 128X128)
[2026.08.22-21.35.46:644][356]LogTexture: Display: Building textures: NewReflectionComponentTexture3884DE244CA9D1E5320A11B1C608A293 (BGRA8, 128X128)
[2026.08.22-21.35.48:991][409]LogTemp: Repeating last play command: Selected Viewport
[2026.08.22-21.35.49:019][409]LogPlayLevel: PlayLevel: No blueprints needed recompiling
[2026.08.22-21.35.49:021][409]PIE: New page: PIE session: Map_Master (Aug 23, 2026, 8:35:49 AM)
[2026.08.22-21.35.49:022][409]LogPlayLevel: Creating play world package: /Game/Maps/UEDPIE_0_Map_Master
[2026.08.22-21.35.49:057][409]LogPlayLevel: PIE: StaticDuplicateObject took: (0.036284s)
[2026.08.22-21.35.49:060][409]LogAIModule: Creating AISystem for world Map_Master
[2026.08.22-21.35.49:060][409]LogPlayLevel: PIE: World Init took: (0.002347s)
[2026.08.22-21.35.49:060][409]LogPlayLevel: PIE: Created PIE world by copying editor world from /Game/Maps/Map_Master.Map_Master to /Game/Maps/UEDPIE_0_Map_Master.Map_Master (0.039012s)
[2026.08.22-21.35.49:148][409]LogUObjectHash: Compacting FUObjectHashTables data took   6.94ms
[2026.08.22-21.35.49:152][409]LogAudio: Display: Creating Audio Device:                 Id: 16, Scope: Unique, Realtime: True
[2026.08.22-21.35.49:152][409]LogAudioMixer: Display: Audio Mixer Platform Settings:
[2026.08.22-21.35.49:152][409]LogAudioMixer: Display: 	Sample Rate:						  48000
[2026.08.22-21.35.49:152][409]LogAudioMixer: Display: 	Callback Buffer Frame Size Requested: 1024
[2026.08.22-21.35.49:152][409]LogAudioMixer: Display: 	Callback Buffer Frame Size To Use:	  1024
[2026.08.22-21.35.49:152][409]LogAudioMixer: Display: 	Number of buffers to queue:			  2
[2026.08.22-21.35.49:153][409]LogAudioMixer: Display: 	Max Channels (voices):				  32
[2026.08.22-21.35.49:153][409]LogAudioMixer: Display: 	Number of Async Source Workers:		  0
[2026.08.22-21.35.49:153][409]LogAudio: Display: AudioDevice MaxSources: 32
[2026.08.22-21.35.49:154][409]LogAudio: Display: Audio Spatialization Plugin: None (built-in).
[2026.08.22-21.35.49:154][409]LogAudio: Display: Audio Reverb Plugin: None (built-in).
[2026.08.22-21.35.49:154][409]LogAudio: Display: Audio Occlusion Plugin: None (built-in).
[2026.08.22-21.35.49:154][409]LogAudioMixer: Display: Initializing audio mixer.
[2026.08.22-21.35.49:161][409]LogAudioMixer: Display: 0: FrontLeft
[2026.08.22-21.35.49:161][409]LogAudioMixer: Display: 1: FrontRight
[2026.08.22-21.35.49:197][409]LogAudioMixer: Display: Using Audio Device Speakers / Headphones (Realtek Audio)
[2026.08.22-21.35.49:199][409]LogAudioMixer: Display: Initializing Sound Submixes...
[2026.08.22-21.35.49:199][409]LogAudioMixer: Display: Creating Master Submix 'MasterSubmixDefault'
[2026.08.22-21.35.49:199][409]LogAudioMixer: Display: Creating Master Submix 'MasterReverbSubmixDefault'
[2026.08.22-21.35.49:202][409]LogAudioMixer: Display: Creating Master Submix 'MasterEQSubmixDefault'
[2026.08.22-21.35.49:202][409]LogAudioMixer: FMixerPlatformXAudio2::StartAudioStream() called
[2026.08.22-21.35.49:202][409]LogAudioMixer: Display: Output buffers initialized: Frames=1024, Channels=2, Samples=2048
[2026.08.22-21.35.49:204][409]LogAudioMixer: Display: Starting AudioMixerPlatformInterface::RunInternal()
[2026.08.22-21.35.49:204][409]LogAudioMixer: Display: FMixerPlatformXAudio2::SubmitBuffer() called for the first time
[2026.08.22-21.35.49:204][409]LogInit: FAudioDevice initialized.
[2026.08.22-21.35.49:204][409]LogAudio: Display: Audio Device (ID: 16) registered with world 'Map_Master'.
[2026.08.22-21.35.49:224][409]LogLoad: Game class is 'FirstPersonGameMode_C'
[2026.08.22-21.35.49:234][409]LogPhysics: Warning: Scale for /Game/Maps/UEDPIE_0_Map_Master.Map_Master:PersistentLevel.BP_Hall_Light_5.Light has a component set to zero, which will result in a bad body instance. Scale:X=1.000 Y=1.000 Z=0.000
[2026.08.22-21.35.49:234][409]LogPhysics: Warning: PopulatePhysXGeometryAndTransform(Convex): ConvexElem has invalid transform
[2026.08.22-21.35.49:234][409]LogPhysics: Warning: ForeachShape(Convex): ScaledElem[0] invalid
[2026.08.22-21.35.49:235][409]LogPhysics: Warning: Scale for /Game/Maps/UEDPIE_0_Map_Master.Map_Master:PersistentLevel.BP_GlowLight2.Light has a component set to zero, which will result in a bad body instance. Scale:X=1.000 Y=1.000 Z=0.000
[2026.08.22-21.35.49:235][409]LogPhysics: Warning: PopulatePhysXGeometryAndTransform(Convex): ConvexElem has invalid transform
[2026.08.22-21.35.49:235][409]LogPhysics: Warning: ForeachShape(Convex): ScaledElem[0] invalid
[2026.08.22-21.35.49:235][409]LogPhysics: Warning: Scale for /Game/Maps/UEDPIE_0_Map_Master.Map_Master:PersistentLevel.BP_GlowLight3.Light has a component set to zero, which will result in a bad body instance. Scale:X=1.000 Y=1.000 Z=0.000
[2026.08.22-21.35.49:235][409]LogPhysics: Warning: PopulatePhysXGeometryAndTransform(Convex): ConvexElem has invalid transform
[2026.08.22-21.35.49:235][409]LogPhysics: Warning: ForeachShape(Convex): ScaledElem[0] invalid
[2026.08.22-21.35.49:235][409]LogPhysics: Warning: Scale for /Game/Maps/UEDPIE_0_Map_Master.Map_Master:PersistentLevel.BP_GlowLight4.Light has a component set to zero, which will result in a bad body instance. Scale:X=1.000 Y=1.000 Z=0.000
[2026.08.22-21.35.49:236][409]LogPhysics: Warning: PopulatePhysXGeometryAndTransform(Convex): ConvexElem has invalid transform
[2026.08.22-21.35.49:236][409]LogPhysics: Warning: ForeachShape(Convex): ScaledElem[0] invalid
[2026.08.22-21.35.49:236][409]LogPhysics: Warning: Scale for /Game/Maps/UEDPIE_0_Map_Master.Map_Master:PersistentLevel.BP_GlowLight5.Light has a component set to zero, which will result in a bad body instance. Scale:X=1.000 Y=1.000 Z=0.000
[2026.08.22-21.35.49:236][409]LogPhysics: Warning: PopulatePhysXGeometryAndTransform(Convex): ConvexElem has invalid transform
[2026.08.22-21.35.49:236][409]LogPhysics: Warning: ForeachShape(Convex): ScaledElem[0] invalid
[2026.08.22-21.35.49:240][409]LogWorld: Bringing World /Game/Maps/UEDPIE_0_Map_Master.Map_Master up for play (max tick rate 60) at 2026.08.23-03.05.49
[2026.08.22-21.35.49:242][409]LogWorld: Bringing up level for play took: 0.008348
[2026.08.22-21.35.49:246][409]LogOnline: OSS: Creating online subsystem instance for: :Context_30
[2026.08.22-21.35.49:256][409]PIE: Server logged in
[2026.08.22-21.35.49:257][409]PIE: Play in editor total start time 0.241 seconds.
[2026.08.22-21.35.50:684][453]LogSlate: Updating window title bar state: overlay mode, drag disabled, window buttons hidden, title bar hidden
[2026.08.22-21.35.50:684][453]LogWorld: BeginTearingDown for /Game/Maps/UEDPIE_0_Map_Master
[2026.08.22-21.35.50:685][453]LogWorld: UWorld::CleanupWorld for Map_Master, bSessionEnded=true, bCleanupResources=true
[2026.08.22-21.35.50:686][453]LogSlate: InvalidateAllWidgets triggered.  All widgets were invalidated
[2026.08.22-21.35.50:698][453]LogPlayLevel: Display: Shutting down PIE online subsystems
[2026.08.22-21.35.50:709][453]LogSlate: InvalidateAllWidgets triggered.  All widgets were invalidated
[2026.08.22-21.35.50:786][453]LogAudio: Display: Audio Device unregistered from world 'None'.
[2026.08.22-21.35.50:786][453]LogAudioMixer: FMixerPlatformXAudio2::StopAudioStream() called
[2026.08.22-21.35.50:788][453]LogAudioMixer: FMixerPlatformXAudio2::StopAudioStream() called
[2026.08.22-21.35.50:794][453]LogSlate: Updating window title bar state: overlay mode, drag disabled, window buttons hidden, title bar hidden
[2026.08.22-21.35.50:803][453]LogUObjectHash: Compacting FUObjectHashTables data took   6.81ms
[2026.08.22-21.35.50:880][454]LogPlayLevel: Display: Destroying online subsystem :Context_30
[2026.08.22-21.35.50:976][454]LogUObjectHash: Compacting FUObjectHashTables data took   5.13ms
[2026.08.22-21.36.00:242][610]Cmd: r.Streaming.PoolSize 3000
[2026.08.22-21.36.00:242][610]r.Streaming.PoolSize = "3000"
[2026.08.22-21.36.00:284][611]LogContentStreaming: Texture pool size now 3000 MB
[2026.08.22-21.36.03:584][681]LogUObjectHash: Compacting FUObjectHashTables data took   1.75ms
[2026.08.22-21.36.03:613][681]Cmd: OBJ SAVEPACKAGE PACKAGE="/Game/Maps/Sattelite_01_BuiltData" FILE="D:/Event_Horizon_SOL_V2/Content/Maps/Sattelite_01_BuiltData.uasset" SILENT=true
[2026.08.22-21.36.03:693][681]LogSavePackage: Moving 'D:/Event_Horizon_SOL_V2/Saved/Sattelite_01_BuiltData4F9549CD437B211014D800A8FCC16A95.tmp' to 'D:/Event_Horizon_SOL_V2/Content/Maps/Sattelite_01_BuiltData.uasset'
[2026.08.22-21.36.03:696][681]Cmd: OBJ SAVEPACKAGE PACKAGE="/Game/Maps/Game_Map_BuiltData" FILE="D:/Event_Horizon_SOL_V2/Content/Maps/Game_Map_BuiltData.uasset" SILENT=true
[2026.08.22-21.36.03:723][681]LogSavePackage: Moving 'D:/Event_Horizon_SOL_V2/Saved/Game_Map_BuiltDataD3FC9BD149646AF78B5275843D5AC1E6.tmp' to 'D:/Event_Horizon_SOL_V2/Content/Maps/Game_Map_BuiltData.uasset'
[2026.08.22-21.36.03:725][681]Cmd: OBJ SAVEPACKAGE PACKAGE="/Game/Maps/Game_Map_BuiltData" FILE="D:/Event_Horizon_SOL_V2/Content/Maps/Game_Map_BuiltData.uasset" SILENT=true
[2026.08.22-21.36.03:750][681]LogSavePackage: Moving 'D:/Event_Horizon_SOL_V2/Saved/Game_Map_BuiltDataDFA0A92940B8D335175C87900733166A.tmp' to 'D:/Event_Horizon_SOL_V2/Content/Maps/Game_Map_BuiltData.uasset'
[2026.08.22-21.36.03:788][681]AssetCheck: New page: Asset Save: multiple assets
[2026.08.22-21.36.03:788][681]LogContentValidation: Display: Validating MapBuildDataRegistry /Game/Maps/Sattelite_01_BuiltData.Sattelite_01_BuiltData
[2026.08.22-21.36.03:788][681]LogContentValidation: Display: Validating MapBuildDataRegistry /Game/Maps/Game_Map_BuiltData.Game_Map_BuiltData
[2026.08.22-21.36.04:244][694]LogTemp: Repeating last play command: Selected Viewport
[2026.08.22-21.36.04:261][694]LogPlayLevel: PlayLevel: No blueprints needed recompiling
[2026.08.22-21.36.04:261][694]PIE: New page: PIE session: Map_Master (Aug 23, 2026, 8:36:04 AM)
[2026.08.22-21.36.04:262][694]LogPlayLevel: Creating play world package: /Game/Maps/UEDPIE_0_Map_Master
[2026.08.22-21.36.04:307][694]LogPlayLevel: PIE: StaticDuplicateObject took: (0.045336s)
[2026.08.22-21.36.04:309][694]LogAIModule: Creating AISystem for world Map_Master
[2026.08.22-21.36.04:309][694]LogPlayLevel: PIE: World Init took: (0.001673s)
[2026.08.22-21.36.04:309][694]LogPlayLevel: PIE: Created PIE world by copying editor world from /Game/Maps/Map_Master.Map_Master to /Game/Maps/UEDPIE_0_Map_Master.Map_Master (0.047298s)
[2026.08.22-21.36.04:376][694]LogUObjectHash: Compacting FUObjectHashTables data took   3.79ms
[2026.08.22-21.36.04:377][694]LogAudio: Display: Creating Audio Device:                 Id: 17, Scope: Unique, Realtime: True
[2026.08.22-21.36.04:377][694]LogAudioMixer: Display: Audio Mixer Platform Settings:
[2026.08.22-21.36.04:377][694]LogAudioMixer: Display: 	Sample Rate:						  48000
[2026.08.22-21.36.04:377][694]LogAudioMixer: Display: 	Callback Buffer Frame Size Requested: 1024
[2026.08.22-21.36.04:377][694]LogAudioMixer: Display: 	Callback Buffer Frame Size To Use:	  1024
[2026.08.22-21.36.04:377][694]LogAudioMixer: Display: 	Number of buffers to queue:			  2
[2026.08.22-21.36.04:377][694]LogAudioMixer: Display: 	Max Channels (voices):				  32
[2026.08.22-21.36.04:377][694]LogAudioMixer: Display: 	Number of Async Source Workers:		  0
[2026.08.22-21.36.04:377][694]LogAudio: Display: AudioDevice MaxSources: 32
[2026.08.22-21.36.04:378][694]LogAudio: Display: Audio Spatialization Plugin: None (built-in).
[2026.08.22-21.36.04:378][694]LogAudio: Display: Audio Reverb Plugin: None (built-in).
[2026.08.22-21.36.04:378][694]LogAudio: Display: Audio Occlusion Plugin: None (built-in).
[2026.08.22-21.36.04:379][694]LogAudioMixer: Display: Initializing audio mixer.
[2026.08.22-21.36.04:386][694]LogAudioMixer: Display: 0: FrontLeft
[2026.08.22-21.36.04:386][694]LogAudioMixer: Display: 1: FrontRight
[2026.08.22-21.36.04:430][694]LogAudioMixer: Display: Using Audio Device Speakers / Headphones (Realtek Audio)
[2026.08.22-21.36.04:430][694]LogAudioMixer: Display: Initializing Sound Submixes...
[2026.08.22-21.36.04:431][694]LogAudioMixer: Display: Creating Master Submix 'MasterSubmixDefault'
[2026.08.22-21.36.04:431][694]LogAudioMixer: Display: Creating Master Submix 'MasterReverbSubmixDefault'
[2026.08.22-21.36.04:431][694]LogAudioMixer: Display: Creating Master Submix 'MasterEQSubmixDefault'
[2026.08.22-21.36.04:432][694]LogAudioMixer: FMixerPlatformXAudio2::StartAudioStream() called
[2026.08.22-21.36.04:433][694]LogAudioMixer: Display: Output buffers initialized: Frames=1024, Channels=2, Samples=2048
[2026.08.22-21.36.04:435][694]LogAudioMixer: Display: Starting AudioMixerPlatformInterface::RunInternal()
[2026.08.22-21.36.04:435][694]LogAudioMixer: Display: FMixerPlatformXAudio2::SubmitBuffer() called for the first time
[2026.08.22-21.36.04:435][694]LogInit: FAudioDevice initialized.
[2026.08.22-21.36.04:435][694]LogAudio: Display: Audio Device (ID: 17) registered with world 'Map_Master'.
[2026.08.22-21.36.04:449][694]LogLoad: Game class is 'FirstPersonGameMode_C'
[2026.08.22-21.36.04:466][694]LogPhysics: Warning: Scale for /Game/Maps/UEDPIE_0_Map_Master.Map_Master:PersistentLevel.BP_Hall_Light_5.Light has a component set to zero, which will result in a bad body instance. Scale:X=1.000 Y=1.000 Z=0.000
[2026.08.22-21.36.04:466][694]LogPhysics: Warning: PopulatePhysXGeometryAndTransform(Convex): ConvexElem has invalid transform
[2026.08.22-21.36.04:466][694]LogPhysics: Warning: ForeachShape(Convex): ScaledElem[0] invalid
[2026.08.22-21.36.04:466][694]LogPhysics: Warning: Scale for /Game/Maps/UEDPIE_0_Map_Master.Map_Master:PersistentLevel.BP_GlowLight2.Light has a component set to zero, which will result in a bad body instance. Scale:X=1.000 Y=1.000 Z=0.000
[2026.08.22-21.36.04:466][694]LogPhysics: Warning: PopulatePhysXGeometryAndTransform(Convex): ConvexElem has invalid transform
[2026.08.22-21.36.04:466][694]LogPhysics: Warning: ForeachShape(Convex): ScaledElem[0] invalid
[2026.08.22-21.36.04:467][694]LogPhysics: Warning: Scale for /Game/Maps/UEDPIE_0_Map_Master.Map_Master:PersistentLevel.BP_GlowLight3.Light has a component set to zero, which will result in a bad body instance. Scale:X=1.000 Y=1.000 Z=0.000
[2026.08.22-21.36.04:467][694]LogPhysics: Warning: PopulatePhysXGeometryAndTransform(Convex): ConvexElem has invalid transform
[2026.08.22-21.36.04:467][694]LogPhysics: Warning: ForeachShape(Convex): ScaledElem[0] invalid
[2026.08.22-21.36.04:467][694]LogPhysics: Warning: Scale for /Game/Maps/UEDPIE_0_Map_Master.Map_Master:PersistentLevel.BP_GlowLight4.Light has a component set to zero, which will result in a bad body instance. Scale:X=1.000 Y=1.000 Z=0.000
[2026.08.22-21.36.04:468][694]LogPhysics: Warning: PopulatePhysXGeometryAndTransform(Convex): ConvexElem has invalid transform
[2026.08.22-21.36.04:468][694]LogPhysics: Warning: ForeachShape(Convex): ScaledElem[0] invalid
[2026.08.22-21.36.04:468][694]LogPhysics: Warning: Scale for /Game/Maps/UEDPIE_0_Map_Master.Map_Master:PersistentLevel.BP_GlowLight5.Light has a component set to zero, which will result in a bad body instance. Scale:X=1.000 Y=1.000 Z=0.000
[2026.08.22-21.36.04:468][694]LogPhysics: Warning: PopulatePhysXGeometryAndTransform(Convex): ConvexElem has invalid transform
[2026.08.22-21.36.04:468][694]LogPhysics: Warning: ForeachShape(Convex): ScaledElem[0] invalid
[2026.08.22-21.36.04:477][694]LogWorld: Bringing World /Game/Maps/UEDPIE_0_Map_Master.Map_Master up for play (max tick rate 60) at 2026.08.23-03.06.04
[2026.08.22-21.36.04:478][694]LogWorld: Bringing up level for play took: 0.013045
[2026.08.22-21.36.04:483][694]LogOnline: OSS: Creating online subsystem instance for: :Context_31
[2026.08.22-21.36.04:493][694]PIE: Server logged in
[2026.08.22-21.36.04:494][694]PIE: Play in editor total start time 0.235 seconds.
[2026.08.22-21.36.06:255][749]LogSlate: Updating window title bar state: overlay mode, drag disabled, window buttons hidden, title bar hidden
[2026.08.22-21.36.06:255][749]LogWorld: BeginTearingDown for /Game/Maps/UEDPIE_0_Map_Master
[2026.08.22-21.36.06:256][749]LogWorld: UWorld::CleanupWorld for Map_Master, bSessionEnded=true, bCleanupResources=true
[2026.08.22-21.36.06:258][749]LogSlate: InvalidateAllWidgets triggered.  All widgets were invalidated
[2026.08.22-21.36.06:277][749]LogPlayLevel: Display: Shutting down PIE online subsystems
[2026.08.22-21.36.06:290][749]LogSlate: InvalidateAllWidgets triggered.  All widgets were invalidated
[2026.08.22-21.36.06:463][749]LogSlate: Updating window title bar state: overlay mode, drag disabled, window buttons hidden, title bar hidden
[2026.08.22-21.36.06:473][749]LogAudioMixer: FMixerPlatformXAudio2::StopAudioStream() called
[2026.08.22-21.36.06:476][749]LogAudioMixer: FMixerPlatformXAudio2::StopAudioStream() called
[2026.08.22-21.36.06:559][749]LogUObjectHash: Compacting FUObjectHashTables data took  11.34ms
[2026.08.22-21.36.06:656][750]LogPlayLevel: Display: Destroying online subsystem :Context_31
[2026.08.22-21.36.06:951][750]LogUObjectHash: Compacting FUObjectHashTables data took   3.31ms
[2026.08.22-21.36.07:900][771]LogTemp: Repeating last play command: Selected Viewport
[2026.08.22-21.36.07:927][771]LogPlayLevel: PlayLevel: No blueprints needed recompiling
[2026.08.22-21.36.07:927][771]PIE: New page: PIE session: Map_Master (Aug 23, 2026, 8:36:07 AM)
[2026.08.22-21.36.07:928][771]LogPlayLevel: Creating play world package: /Game/Maps/UEDPIE_0_Map_Master
[2026.08.22-21.36.07:965][771]LogPlayLevel: PIE: StaticDuplicateObject took: (0.035339s)
[2026.08.22-21.36.07:967][771]LogAIModule: Creating AISystem for world Map_Master
[2026.08.22-21.36.07:967][771]LogPlayLevel: PIE: World Init took: (0.002845s)
[2026.08.22-21.36.07:968][771]LogPlayLevel: PIE: Created PIE world by copying editor world from /Game/Maps/Map_Master.Map_Master to /Game/Maps/UEDPIE_0_Map_Master.Map_Master (0.039242s)
[2026.08.22-21.36.08:320][771]LogUObjectHash: Compacting FUObjectHashTables data took   6.79ms
[2026.08.22-21.36.08:322][771]LogAudio: Display: Creating Audio Device:                 Id: 18, Scope: Unique, Realtime: True
[2026.08.22-21.36.08:322][771]LogAudioMixer: Display: Audio Mixer Platform Settings:
[2026.08.22-21.36.08:322][771]LogAudioMixer: Display: 	Sample Rate:						  48000
[2026.08.22-21.36.08:322][771]LogAudioMixer: Display: 	Callback Buffer Frame Size Requested: 1024
[2026.08.22-21.36.08:322][771]LogAudioMixer: Display: 	Callback Buffer Frame Size To Use:	  1024
[2026.08.22-21.36.08:322][771]LogAudioMixer: Display: 	Number of buffers to queue:			  2
[2026.08.22-21.36.08:322][771]LogAudioMixer: Display: 	Max Channels (voices):				  32
[2026.08.22-21.36.08:322][771]LogAudioMixer: Display: 	Number of Async Source Workers:		  0
[2026.08.22-21.36.08:322][771]LogAudio: Display: AudioDevice MaxSources: 32
[2026.08.22-21.36.08:324][771]LogAudio: Display: Audio Spatialization Plugin: None (built-in).
[2026.08.22-21.36.08:324][771]LogAudio: Display: Audio Reverb Plugin: None (built-in).
[2026.08.22-21.36.08:324][771]LogAudio: Display: Audio Occlusion Plugin: None (built-in).
[2026.08.22-21.36.08:324][771]LogAudioMixer: Display: Initializing audio mixer.
[2026.08.22-21.36.08:331][771]LogAudioMixer: Display: 0: FrontLeft
[2026.08.22-21.36.08:331][771]LogAudioMixer: Display: 1: FrontRight
[2026.08.22-21.36.08:383][771]LogAudioMixer: Display: Using Audio Device Speakers / Headphones (Realtek Audio)
[2026.08.22-21.36.08:385][771]LogAudioMixer: Display: Initializing Sound Submixes...
[2026.08.22-21.36.08:385][771]LogAudioMixer: Display: Creating Master Submix 'MasterSubmixDefault'
[2026.08.22-21.36.08:385][771]LogAudioMixer: Display: Creating Master Submix 'MasterReverbSubmixDefault'
[2026.08.22-21.36.08:386][771]LogAudioMixer: Display: Creating Master Submix 'MasterEQSubmixDefault'
[2026.08.22-21.36.08:386][771]LogAudioMixer: FMixerPlatformXAudio2::StartAudioStream() called
[2026.08.22-21.36.08:386][771]LogAudioMixer: Display: Output buffers initialized: Frames=1024, Channels=2, Samples=2048
[2026.08.22-21.36.08:389][771]LogAudioMixer: Display: Starting AudioMixerPlatformInterface::RunInternal()
[2026.08.22-21.36.08:389][771]LogAudioMixer: Display: FMixerPlatformXAudio2::SubmitBuffer() called for the first time
[2026.08.22-21.36.08:389][771]LogInit: FAudioDevice initialized.
[2026.08.22-21.36.08:389][771]LogAudio: Display: Audio Device (ID: 18) registered with world 'Map_Master'.
[2026.08.22-21.36.08:404][771]LogLoad: Game class is 'FirstPersonGameMode_C'
[2026.08.22-21.36.08:419][771]LogPhysics: Warning: Scale for /Game/Maps/UEDPIE_0_Map_Master.Map_Master:PersistentLevel.BP_Hall_Light_5.Light has a component set to zero, which will result in a bad body instance. Scale:X=1.000 Y=1.000 Z=0.000
[2026.08.22-21.36.08:419][771]LogPhysics: Warning: PopulatePhysXGeometryAndTransform(Convex): ConvexElem has invalid transform
[2026.08.22-21.36.08:419][771]LogPhysics: Warning: ForeachShape(Convex): ScaledElem[0] invalid
[2026.08.22-21.36.08:420][771]LogPhysics: Warning: Scale for /Game/Maps/UEDPIE_0_Map_Master.Map_Master:PersistentLevel.BP_GlowLight2.Light has a component set to zero, which will result in a bad body instance. Scale:X=1.000 Y=1.000 Z=0.000
[2026.08.22-21.36.08:420][771]LogPhysics: Warning: PopulatePhysXGeometryAndTransform(Convex): ConvexElem has invalid transform
[2026.08.22-21.36.08:420][771]LogPhysics: Warning: ForeachShape(Convex): ScaledElem[0] invalid
[2026.08.22-21.36.08:420][771]LogPhysics: Warning: Scale for /Game/Maps/UEDPIE_0_Map_Master.Map_Master:PersistentLevel.BP_GlowLight3.Light has a component set to zero, which will result in a bad body instance. Scale:X=1.000 Y=1.000 Z=0.000
[2026.08.22-21.36.08:420][771]LogPhysics: Warning: PopulatePhysXGeometryAndTransform(Convex): ConvexElem has invalid transform
[2026.08.22-21.36.08:420][771]LogPhysics: Warning: ForeachShape(Convex): ScaledElem[0] invalid
[2026.08.22-21.36.08:420][771]LogPhysics: Warning: Scale for /Game/Maps/UEDPIE_0_Map_Master.Map_Master:PersistentLevel.BP_GlowLight4.Light has a component set to zero, which will result in a bad body instance. Scale:X=1.000 Y=1.000 Z=0.000
[2026.08.22-21.36.08:420][771]LogPhysics: Warning: PopulatePhysXGeometryAndTransform(Convex): ConvexElem has invalid transform
[2026.08.22-21.36.08:421][771]LogPhysics: Warning: ForeachShape(Convex): ScaledElem[0] invalid
[2026.08.22-21.36.08:421][771]LogPhysics: Warning: Scale for /Game/Maps/UEDPIE_0_Map_Master.Map_Master:PersistentLevel.BP_GlowLight5.Light has a component set to zero, which will result in a bad body instance. Scale:X=1.000 Y=1.000 Z=0.000
[2026.08.22-21.36.08:421][771]LogPhysics: Warning: PopulatePhysXGeometryAndTransform(Convex): ConvexElem has invalid transform
[2026.08.22-21.36.08:421][771]LogPhysics: Warning: ForeachShape(Convex): ScaledElem[0] invalid
[2026.08.22-21.36.08:427][771]LogWorld: Bringing World /Game/Maps/UEDPIE_0_Map_Master.Map_Master up for play (max tick rate 60) at 2026.08.23-03.06.08
[2026.08.22-21.36.08:429][771]LogWorld: Bringing up level for play took: 0.010088
[2026.08.22-21.36.08:433][771]LogOnline: OSS: Creating online subsystem instance for: :Context_32
[2026.08.22-21.36.08:445][771]PIE: Server logged in
[2026.08.22-21.36.08:446][771]PIE: Play in editor total start time 0.521 seconds.
[2026.08.22-21.36.08:507][772]LogTemp: Wakatime Integration: Heartbeat accepted with code 202
[2026.08.22-21.36.11:089][858]LogSlate: Updating window title bar state: overlay mode, drag disabled, window buttons hidden, title bar hidden
[2026.08.22-21.36.11:089][858]LogWorld: BeginTearingDown for /Game/Maps/UEDPIE_0_Map_Master
[2026.08.22-21.36.11:092][858]LogWorld: UWorld::CleanupWorld for Map_Master, bSessionEnded=true, bCleanupResources=true
[2026.08.22-21.36.11:097][858]LogSlate: InvalidateAllWidgets triggered.  All widgets were invalidated
[2026.08.22-21.36.11:115][858]LogPlayLevel: Display: Shutting down PIE online subsystems
[2026.08.22-21.36.11:132][858]LogSlate: InvalidateAllWidgets triggered.  All widgets were invalidated
[2026.08.22-21.36.11:341][858]LogSlate: Updating window title bar state: overlay mode, drag disabled, window buttons hidden, title bar hidden
[2026.08.22-21.36.11:347][858]LogAudioMixer: FMixerPlatformXAudio2::StopAudioStream() called
[2026.08.22-21.36.11:352][858]LogAudioMixer: FMixerPlatformXAudio2::StopAudioStream() called
[2026.08.22-21.36.11:642][858]LogUObjectHash: Compacting FUObjectHashTables data took   7.59ms
[2026.08.22-21.36.11:747][859]LogPlayLevel: Display: Destroying online subsystem :Context_32
[2026.08.22-21.36.11:886][859]LogUObjectHash: Compacting FUObjectHashTables data took   6.68ms
[2026.08.22-21.36.25:584][986]LogUObjectHash: Compacting FUObjectHashTables data took   1.37ms
[2026.08.22-21.36.26:799][ 13]LogActorComponent: UnregisterComponent: (/Engine/Transient.EditorFloorComp) Not registered. Aborting.
[2026.08.22-21.36.26:799][ 13]LogWorld: UWorld::CleanupWorld for World_2, bSessionEnded=true, bCleanupResources=true
[2026.08.22-21.36.26:799][ 13]LogSlate: InvalidateAllWidgets triggered.  All widgets were invalidated
[2026.08.22-21.36.28:271][ 30]LogWorld: UWorld::CleanupWorld for World_15, bSessionEnded=true, bCleanupResources=true
[2026.08.22-21.36.28:271][ 30]LogSlate: InvalidateAllWidgets triggered.  All widgets were invalidated
[2026.08.22-21.36.28:291][ 30]LogWorld: UWorld::CleanupWorld for World_14, bSessionEnded=true, bCleanupResources=true
[2026.08.22-21.36.28:291][ 30]LogSlate: InvalidateAllWidgets triggered.  All widgets were invalidated
[2026.08.22-21.36.31:346][ 96]LogUObjectHash: Compacting FUObjectHashTables data took   6.75ms
[2026.08.22-21.36.31:441][ 96]LogSlate: Window 'Event_Horizon_SOL_V2 - Unreal Editor' being destroyed
[2026.08.22-21.36.32:176][ 97]Cmd: QUIT_EDITOR
[2026.08.22-21.36.32:177][ 97]LogCore: Engine exit requested (reason: UUnrealEdEngine::CloseEditor())
[2026.08.22-21.36.32:192][ 97]LogCore: Engine exit requested (reason: EngineExit() was called; note: exit was already requested)
[2026.08.22-21.36.32:402][ 97]LogAudio: Display: Beginning Audio Device Manager Shutdown (Module: AudioMixerXAudio2)...
[2026.08.22-21.36.32:402][ 97]LogAudio: Display: Destroying 1 Remaining Audio Device(s)...
[2026.08.22-21.36.32:402][ 97]LogAudio: Display: Audio Device unregistered from world 'Map_Master'.
[2026.08.22-21.36.32:402][ 97]LogAudioMixer: FMixerPlatformXAudio2::StopAudioStream() called
[2026.08.22-21.36.32:416][ 97]LogAudioMixer: FMixerPlatformXAudio2::StopAudioStream() called
[2026.08.22-21.36.32:553][ 97]LogAudio: Display: Audio Device Manager Shutdown
[2026.08.22-21.36.32:555][ 97]LogWindowsTextInputMethodSystem: Display: IME system deactivated.
[2026.08.22-21.36.32:594][ 97]LogExit: Preparing to exit.
[2026.08.22-21.36.33:900][ 97]LogUObjectHash: Compacting FUObjectHashTables data took  11.54ms
[2026.08.22-21.36.35:492][ 97]LogWorld: UWorld::CleanupWorld for World_0, bSessionEnded=true, bCleanupResources=true
[2026.08.22-21.36.35:496][ 97]LogWorld: UWorld::CleanupWorld for World_7, bSessionEnded=true, bCleanupResources=true
[2026.08.22-21.36.35:504][ 97]LogWorld: UWorld::CleanupWorld for World_8, bSessionEnded=true, bCleanupResources=true
[2026.08.22-21.36.35:509][ 97]LogWorld: UWorld::CleanupWorld for World_4, bSessionEnded=true, bCleanupResources=true
[2026.08.22-21.36.35:512][ 97]LogWorld: UWorld::CleanupWorld for World_5, bSessionEnded=true, bCleanupResources=true
[2026.08.22-21.36.35:519][ 97]LogWorld: UWorld::CleanupWorld for World_6, bSessionEnded=true, bCleanupResources=true
[2026.08.22-21.36.36:140][ 97]LogDemo: Cleaned up 0 splitscreen connections with owner deletion
[2026.08.22-21.36.36:389][ 97]LogWorld: UWorld::CleanupWorld for None, bSessionEnded=true, bCleanupResources=true
[2026.08.22-21.36.36:389][ 97]LogWorld: UWorld::CleanupWorld for None, bSessionEnded=true, bCleanupResources=true
[2026.08.22-21.36.36:389][ 97]LogWorld: UWorld::CleanupWorld for None, bSessionEnded=true, bCleanupResources=true
[2026.08.22-21.36.36:391][ 97]LogExit: Editor shut down
[2026.08.22-21.36.36:408][ 97]LogExit: Transaction tracking system shut down
[2026.08.22-21.36.38:750][ 97]LogExit: Object subsystem successfully closed.
[2026.08.22-21.36.38:779][ 97]LogShaderCompilers: Display: === FShaderJobCache stats ===
[2026.08.22-21.36.38:779][ 97]LogShaderCompilers: Display: Total job queries 400, among them cache hits 0 (0.00%)
[2026.08.22-21.36.38:779][ 97]LogShaderCompilers: Display: Tracking 400 distinct input hashes that result in 99 distinct outputs (24.75%)
[2026.08.22-21.36.38:780][ 97]LogShaderCompilers: Display: RAM used: 0.57 MB (0.00 GB) of 409.60 MB (0.40 GB) budget. Usage: 0.14%
[2026.08.22-21.36.38:780][ 97]LogShaderCompilers: Display: ================================================
[2026.08.22-21.36.38:847][ 97]LogShaderCompilers: Display: Shaders left to compile 0
[2026.08.22-21.36.39:209][ 97]LogModuleManager: Shutting down and abandoning module SequencerWidgets (884)
[2026.08.22-21.36.39:209][ 97]LogModuleManager: Shutting down and abandoning module StaticMeshEditor (882)
[2026.08.22-21.36.39:210][ 97]LogModuleManager: Shutting down and abandoning module MovieSceneCapture (878)
[2026.08.22-21.36.39:210][ 97]LogModuleManager: Shutting down and abandoning module Voice (876)
[2026.08.22-21.36.39:210][ 97]LogModuleManager: Shutting down and abandoning module BlueprintGraph (874)
[2026.08.22-21.36.39:211][ 97]LogModuleManager: Shutting down and abandoning module HierarchicalLODOutliner (872)
[2026.08.22-21.36.39:211][ 97]LogModuleManager: Shutting down and abandoning module SceneOutliner (870)
[2026.08.22-21.36.39:211][ 97]LogModuleManager: Shutting down and abandoning module AddContentDialog (868)
[2026.08.22-21.36.39:271][ 97]LogModuleManager: Shutting down and abandoning module WidgetCarousel (867)
[2026.08.22-21.36.39:271][ 97]LogModuleManager: Shutting down and abandoning module EditorWidgets (864)
[2026.08.22-21.36.39:271][ 97]LogModuleManager: Shutting down and abandoning module StatsViewer (862)
[2026.08.22-21.36.39:272][ 97]LogModuleManager: Shutting down and abandoning module PIEPreviewDeviceProfileSelector (860)
[2026.08.22-21.36.39:273][ 97]LogModuleManager: Shutting down and abandoning module SequenceRecorderSections (858)
[2026.08.22-21.36.39:273][ 97]LogModuleManager: Shutting down and abandoning module AutomationWorker (856)
[2026.08.22-21.36.39:274][ 97]LogModuleManager: Shutting down and abandoning module SteamVREditor (854)
[2026.08.22-21.36.39:275][ 97]LogModuleManager: Shutting down and abandoning module OculusMR (852)
[2026.08.22-21.36.39:275][ 97]LogModuleManager: Shutting down and abandoning module TakeRecorderSources (850)
[2026.08.22-21.36.39:279][ 97]LogModuleManager: Shutting down and abandoning module TakeRecorder (849)
[2026.08.22-21.36.39:283][ 97]LogModuleManager: Shutting down and abandoning module TakeTrackRecorders (846)
[2026.08.22-21.36.39:284][ 97]LogModuleManager: Shutting down and abandoning module TakesCore (844)
[2026.08.22-21.36.39:284][ 97]LogModuleManager: Shutting down and abandoning module OpenXRInput (842)
[2026.08.22-21.36.39:285][ 97]LogModuleManager: Shutting down and abandoning module GooglePADEditor (840)
[2026.08.22-21.36.39:285][ 97]LogModuleManager: Shutting down and abandoning module AudioCaptureEditor (838)
[2026.08.22-21.36.39:285][ 97]LogModuleManager: Shutting down and abandoning module TemplateSequenceEditor (836)
[2026.08.22-21.36.39:286][ 97]LogModuleManager: Shutting down and abandoning module MatineeToLevelSequence (834)
[2026.08.22-21.36.39:287][ 97]LogModuleManager: Shutting down and abandoning module LevelSequenceEditor (832)
[2026.08.22-21.36.39:290][ 97]LogModuleManager: Shutting down and abandoning module ActorSequenceEditor (830)
[2026.08.22-21.36.39:292][ 97]LogModuleManager: Shutting down and abandoning module WmfMediaFactory (828)
[2026.08.22-21.36.39:292][ 97]LogModuleManager: Shutting down and abandoning module WmfMediaEditor (826)
[2026.08.22-21.36.39:292][ 97]LogModuleManager: Shutting down and abandoning module WebMMediaFactory (824)
[2026.08.22-21.36.39:292][ 97]LogModuleManager: Shutting down and abandoning module WebMMediaEditor (822)
[2026.08.22-21.36.39:292][ 97]LogModuleManager: Shutting down and abandoning module WebMMedia (820)
[2026.08.22-21.36.39:293][ 97]LogModuleManager: Shutting down and abandoning module MediaPlayerEditor (818)
[2026.08.22-21.36.39:294][ 97]LogModuleManager: Shutting down and abandoning module MediaCompositingEditor (816)
[2026.08.22-21.36.39:296][ 97]LogModuleManager: Shutting down and abandoning module SequenceRecorder (815)
[2026.08.22-21.36.39:297][ 97]LogModuleManager: Shutting down and abandoning module OpenExrWrapper (812)
[2026.08.22-21.36.39:297][ 97]LogModuleManager: Shutting down and abandoning module ImgMediaFactory (810)
[2026.08.22-21.36.39:297][ 97]LogModuleManager: Shutting down and abandoning module ImgMediaEditor (808)
[2026.08.22-21.36.39:297][ 97]LogModuleManager: Shutting down and abandoning module AvfMediaFactory (806)
[2026.08.22-21.36.39:297][ 97]LogModuleManager: Shutting down and abandoning module AvfMediaEditor (804)
[2026.08.22-21.36.39:297][ 97]LogModuleManager: Shutting down and abandoning module AndroidMediaFactory (802)
[2026.08.22-21.36.39:297][ 97]LogModuleManager: Shutting down and abandoning module AndroidMediaEditor (800)
[2026.08.22-21.36.39:297][ 97]LogModuleManager: Shutting down and abandoning module MagicLeapMediaCodecFactory (798)
[2026.08.22-21.36.39:297][ 97]LogModuleManager: Shutting down and abandoning module MagicLeapMediaFactory (796)
[2026.08.22-21.36.39:298][ 97]LogModuleManager: Shutting down and abandoning module MagicLeapMediaEditor (794)
[2026.08.22-21.36.39:298][ 97]LogModuleManager: Shutting down and abandoning module PlanarCut (792)
[2026.08.22-21.36.39:299][ 97]LogModuleManager: Shutting down and abandoning module CharacterAI (790)
[2026.08.22-21.36.39:299][ 97]LogModuleManager: Shutting down and abandoning module TextureAlignMode (788)
[2026.08.22-21.36.39:299][ 97]LogModuleManager: Shutting down and abandoning module BspMode (786)
[2026.08.22-21.36.39:299][ 97]LogModuleManager: Shutting down and abandoning module GeometryMode (784)
[2026.08.22-21.36.39:300][ 97]LogModuleManager: Shutting down and abandoning module CameraShakePreviewer (782)
[2026.08.22-21.36.39:301][ 97]LogModuleManager: Shutting down and abandoning module SmartSnapping (780)
[2026.08.22-21.36.39:302][ 97]LogModuleManager: Shutting down and abandoning module SessionServices (778)
[2026.08.22-21.36.39:302][ 97]LogModuleManager: Shutting down and abandoning module MeshPaint (776)
[2026.08.22-21.36.39:304][ 97]LogModuleManager: Shutting down and abandoning module VirtualTexturingEditor (774)
[2026.08.22-21.36.39:304][ 97]LogModuleManager: Shutting down and abandoning module FoliageEdit (772)
[2026.08.22-21.36.39:306][ 97]LogModuleManager: Shutting down and abandoning module LandscapeEditor (770)
[2026.08.22-21.36.39:310][ 97]LogModuleManager: Shutting down and abandoning module MeshPaintMode (768)
[2026.08.22-21.36.39:311][ 97]LogModuleManager: Shutting down and abandoning module SceneDepthPickerMode (766)
[2026.08.22-21.36.39:311][ 97]LogModuleManager: Shutting down and abandoning module ActorPickerMode (764)
[2026.08.22-21.36.39:311][ 97]LogModuleManager: Shutting down and abandoning module PlacementMode (762)
[2026.08.22-21.36.39:311][ 97]LogModuleManager: Shutting down and abandoning module ViewportSnapping (760)
[2026.08.22-21.36.39:311][ 97]LogModuleManager: Shutting down and abandoning module ViewportInteraction (758)
[2026.08.22-21.36.39:311][ 97]LogModuleManager: Shutting down and abandoning module ClothPainter (756)
[2026.08.22-21.36.39:315][ 97]LogModuleManager: Shutting down and abandoning module SkeletalMeshEditor (755)
[2026.08.22-21.36.39:316][ 97]LogModuleManager: Shutting down and abandoning module LogVisualizer (752)
[2026.08.22-21.36.39:319][ 97]LogModuleManager: Shutting down and abandoning module IntroTutorials (750)
[2026.08.22-21.36.39:322][ 97]LogModuleManager: Shutting down and abandoning module GameProjectGeneration (749)
[2026.08.22-21.36.39:323][ 97]LogModuleManager: Shutting down and abandoning module LuminPlatformEditor (746)
[2026.08.22-21.36.39:323][ 97]LogModuleManager: Shutting down and abandoning module IOSPlatformEditor (744)
[2026.08.22-21.36.39:324][ 97]LogModuleManager: Shutting down and abandoning module AndroidPlatformEditor (742)
[2026.08.22-21.36.39:324][ 97]LogModuleManager: Shutting down and abandoning module AndroidDeviceDetection (741)
[2026.08.22-21.36.41:135][ 97]LogModuleManager: Shutting down and abandoning module WindowsPlatformEditor (738)
[2026.08.22-21.36.41:135][ 97]LogModuleManager: Shutting down and abandoning module LuminRuntimeSettings (736)
[2026.08.22-21.36.41:135][ 97]LogModuleManager: Shutting down and abandoning module IOSRuntimeSettings (734)
[2026.08.22-21.36.41:135][ 97]LogModuleManager: Shutting down and abandoning module AndroidRuntimeSettings (732)
[2026.08.22-21.36.41:135][ 97]LogModuleManager: Shutting down and abandoning module TraceInsights (730)
[2026.08.22-21.36.41:146][ 97]MemoryProfiler: Shutdown
[2026.08.22-21.36.41:146][ 97]NetworkingProfiler: Shutdown
[2026.08.22-21.36.41:147][ 97]LoadingProfiler: Shutdown
[2026.08.22-21.36.41:149][ 97]TimingProfiler: Shutdown
[2026.08.22-21.36.41:154][ 97]LogModuleManager: Shutting down and abandoning module TraceServices (729)
[2026.08.22-21.36.41:157][ 97]LogModuleManager: Shutting down and abandoning module EditorInteractiveToolsFramework (726)
[2026.08.22-21.36.41:157][ 97]LogModuleManager: Shutting down and abandoning module TimeManagementEditor (724)
[2026.08.22-21.36.41:157][ 97]LogModuleManager: Shutting down and abandoning module InputBindingEditor (722)
[2026.08.22-21.36.41:159][ 97]LogModuleManager: Shutting down and abandoning module MergeActors (720)
[2026.08.22-21.36.41:162][ 97]LogModuleManager: Shutting down and abandoning module LocalizationDashboard (718)
[2026.08.22-21.36.41:164][ 97]LogModuleManager: Shutting down and abandoning module LocalizationService (717)
[2026.08.22-21.36.41:165][ 97]LogModuleManager: Shutting down and abandoning module HardwareTargeting (714)
[2026.08.22-21.36.41:165][ 97]LogModuleManager: Shutting down and abandoning module DeviceProfileEditor (712)
[2026.08.22-21.36.41:165][ 97]LogModuleManager: Shutting down and abandoning module UndoHistory (710)
[2026.08.22-21.36.41:166][ 97]LogModuleManager: Shutting down and abandoning module XmlParser (708)
[2026.08.22-21.36.41:167][ 97]LogModuleManager: Shutting down and abandoning module Blutility (706)
[2026.08.22-21.36.41:168][ 97]LogModuleManager: Shutting down and abandoning module ProjectSettingsViewer (704)
[2026.08.22-21.36.41:168][ 97]LogModuleManager: Shutting down and abandoning module ProjectTargetPlatformEditor (703)
[2026.08.22-21.36.41:170][ 97]LogModuleManager: Shutting down and abandoning module EditorSettingsViewer (700)
[2026.08.22-21.36.41:171][ 97]LogModuleManager: Shutting down and abandoning module InternationalizationSettings (699)
[2026.08.22-21.36.41:171][ 97]LogModuleManager: Shutting down and abandoning module SettingsEditor (696)
[2026.08.22-21.36.41:171][ 97]LogModuleManager: Shutting down and abandoning module ProjectLauncher (694)
[2026.08.22-21.36.41:173][ 97]LogModuleManager: Shutting down and abandoning module SessionFrontend (692)
[2026.08.22-21.36.41:175][ 97]LogModuleManager: Shutting down and abandoning module ProfilerClient (690)
[2026.08.22-21.36.41:176][ 97]LogModuleManager: Shutting down and abandoning module DeviceManager (688)
[2026.08.22-21.36.41:178][ 97]LogModuleManager: Shutting down and abandoning module TargetDeviceServices (687)
[2026.08.22-21.36.41:211][ 97]LogModuleManager: Shutting down and abandoning module AutomationController (684)
[2026.08.22-21.36.41:212][ 97]LogModuleManager: Shutting down and abandoning module AutomationWindow (682)
[2026.08.22-21.36.41:213][ 97]LogModuleManager: Shutting down and abandoning module Layers (680)
[2026.08.22-21.36.41:216][ 97]LogModuleManager: Shutting down and abandoning module ComponentVisualizers (678)
[2026.08.22-21.36.41:216][ 97]LogModuleManager: Shutting down and abandoning module DetailCustomizations (676)
[2026.08.22-21.36.41:216][ 97]LogModuleManager: Shutting down and abandoning module PackagesDialog (674)
[2026.08.22-21.36.41:216][ 97]LogModuleManager: Shutting down and abandoning module AnimationBlueprintEditor (672)
[2026.08.22-21.36.41:217][ 97]LogModuleManager: Shutting down and abandoning module Persona (670)
[2026.08.22-21.36.41:220][ 97]LogModuleManager: Shutting down and abandoning module AdvancedPreviewScene (669)
[2026.08.22-21.36.41:220][ 97]LogModuleManager: Shutting down and abandoning module AnimGraph (667)
[2026.08.22-21.36.41:221][ 97]LogModuleManager: Shutting down and abandoning module Kismet (664)
[2026.08.22-21.36.41:280][ 97]LogModuleManager: Shutting down and abandoning module KismetWidgets (663)
[2026.08.22-21.36.41:280][ 97]LogModuleManager: Shutting down and abandoning module GraphEditor (660)
[2026.08.22-21.36.41:281][ 97]LogModuleManager: Shutting down and abandoning module StructViewer (658)
[2026.08.22-21.36.41:283][ 97]LogModuleManager: Shutting down and abandoning module ClassViewer (656)
[2026.08.22-21.36.41:287][ 97]LogModuleManager: Shutting down and abandoning module Toolbox (654)
[2026.08.22-21.36.41:288][ 97]LogModuleManager: Shutting down and abandoning module ModuleUI (652)
[2026.08.22-21.36.41:289][ 97]LogModuleManager: Shutting down and abandoning module OutputLog (650)
[2026.08.22-21.36.41:310][ 97]LogModuleManager: Shutting down and abandoning module GammaUI (648)
[2026.08.22-21.36.41:311][ 97]LogModuleManager: Shutting down and abandoning module Documentation (646)
[2026.08.22-21.36.41:311][ 97]LogModuleManager: Shutting down and abandoning module LiveCoding (644)
[2026.08.22-21.36.41:314][ 97]LogModuleManager: Shutting down and abandoning module LevelSequence (642)
[2026.08.22-21.36.41:314][ 97]LogModuleManager: Shutting down and abandoning module MovieSceneTracks (640)
[2026.08.22-21.36.41:315][ 97]LogModuleManager: Shutting down and abandoning module MovieScene (638)
[2026.08.22-21.36.41:316][ 97]LogModuleManager: Shutting down and abandoning module StreamingPauseRendering (636)
[2026.08.22-21.36.41:317][ 97]LogModuleManager: Shutting down and abandoning module LauncherPlatform (634)
[2026.08.22-21.36.41:317][ 97]LogModuleManager: Shutting down and abandoning module AnalyticsET (632)
[2026.08.22-21.36.41:317][ 97]LogModuleManager: Shutting down and abandoning module PortalServices (630)
[2026.08.22-21.36.41:317][ 97]LogModuleManager: Shutting down and abandoning module PortalRpc (628)
[2026.08.22-21.36.41:317][ 97]LogModuleManager: Shutting down and abandoning module MessagingRpc (626)
[2026.08.22-21.36.41:317][ 97]LogModuleManager: Shutting down and abandoning module AudioMixerXAudio2 (624)
[2026.08.22-21.36.41:317][ 97]LogModuleManager: Shutting down and abandoning module AudioMixerCore (623)
[2026.08.22-21.36.41:317][ 97]LogModuleManager: Shutting down and abandoning module AIModule (620)
[2026.08.22-21.36.41:317][ 97]LogModuleManager: Shutting down and abandoning module GameplayDebugger (619)
[2026.08.22-21.36.41:318][ 97]LogModuleManager: Shutting down and abandoning module AITestSuite (617)
[2026.08.22-21.36.41:318][ 97]LogModuleManager: Shutting down and abandoning module NavigationSystem (615)
[2026.08.22-21.36.41:318][ 97]LogModuleManager: Shutting down and abandoning module ImageWriteQueue (612)
[2026.08.22-21.36.41:322][ 97]LogModuleManager: Shutting down and abandoning module ProfilerService (610)
[2026.08.22-21.36.41:522][ 97]LogModuleManager: Shutting down and abandoning module TaskGraph (608)
[2026.08.22-21.36.41:523][ 97]LogModuleManager: Shutting down and abandoning module AudioSynesthesiaEditor (606)
[2026.08.22-21.36.41:524][ 97]LogModuleManager: Shutting down and abandoning module OculusEditor (604)
[2026.08.22-21.36.41:537][ 97]LogModuleManager: Shutting down and abandoning module OculusInput (602)
[2026.08.22-21.36.41:537][ 97]LogModuleManager: Shutting down and abandoning module ContentBrowserFileDataSource (600)
[2026.08.22-21.36.41:537][ 97]LogModuleManager: Shutting down and abandoning module ContentBrowserClassDataSource (598)
[2026.08.22-21.36.41:537][ 97]LogModuleManager: Shutting down and abandoning module ContentBrowserAssetDataSource (596)
[2026.08.22-21.36.41:537][ 97]LogModuleManager: Shutting down and abandoning module CollectionManager (595)
[2026.08.22-21.36.41:539][ 97]LogModuleManager: Shutting down and abandoning module TakeSequencer (592)
[2026.08.22-21.36.41:539][ 97]LogModuleManager: Shutting down and abandoning module TakeMovieScene (590)
[2026.08.22-21.36.41:539][ 97]LogModuleManager: Shutting down and abandoning module ScreenshotTools (588)
[2026.08.22-21.36.41:539][ 97]LogModuleManager: Shutting down and abandoning module SynthesisEditor (586)
[2026.08.22-21.36.41:539][ 97]LogModuleManager: Shutting down and abandoning module Synthesis (584)
[2026.08.22-21.36.41:540][ 97]LogModuleManager: Shutting down and abandoning module ProceduralMeshComponentEditor (582)
[2026.08.22-21.36.41:541][ 97]LogModuleManager: Shutting down and abandoning module ProceduralMeshComponent (580)
[2026.08.22-21.36.41:541][ 97]LogModuleManager: Shutting down and abandoning module OpenXREditor (578)
[2026.08.22-21.36.41:541][ 97]LogModuleManager: Shutting down and abandoning module MobilePatchingUtils (576)
[2026.08.22-21.36.41:541][ 97]LogModuleManager: Shutting down and abandoning module GooglePAD (574)
[2026.08.22-21.36.41:541][ 97]LogModuleManager: Shutting down and abandoning module EditableMesh (572)
[2026.08.22-21.36.41:542][ 97]LogModuleManager: Shutting down and abandoning module CustomMeshComponent (570)
[2026.08.22-21.36.41:542][ 97]LogModuleManager: Shutting down and abandoning module CableComponent (568)
[2026.08.22-21.36.41:542][ 97]LogModuleManager: Shutting down and abandoning module AudioCapture (566)
[2026.08.22-21.36.41:542][ 97]LogModuleManager: Shutting down and abandoning module AudioCaptureRtAudio (565)
[2026.08.22-21.36.41:542][ 97]LogModuleManager: Shutting down and abandoning module AssetTags (562)
[2026.08.22-21.36.41:542][ 97]LogModuleManager: Shutting down and abandoning module ArchVisCharacter (560)
[2026.08.22-21.36.41:542][ 97]LogModuleManager: Shutting down and abandoning module AppleImageUtilsBlueprintSupport (558)
[2026.08.22-21.36.41:542][ 97]LogModuleManager: Shutting down and abandoning module AppleImageUtils (556)
[2026.08.22-21.36.41:542][ 97]LogModuleManager: Shutting down and abandoning module AndroidPermission (554)
[2026.08.22-21.36.41:542][ 97]LogModuleManager: Shutting down and abandoning module ActorLayerUtilitiesEditor (552)
[2026.08.22-21.36.41:543][ 97]LogModuleManager: Shutting down and abandoning module ActorLayerUtilities (550)
[2026.08.22-21.36.41:543][ 97]LogModuleManager: Shutting down and abandoning module TemplateSequence (548)
[2026.08.22-21.36.41:543][ 97]LogModuleManager: Shutting down and abandoning module MediaCompositing (546)
[2026.08.22-21.36.41:543][ 97]LogModuleManager: Shutting down and abandoning module ImgMedia (544)
[2026.08.22-21.36.41:543][ 97]LogModuleManager: Shutting down and abandoning module MagicLeapSharedWorld (542)
[2026.08.22-21.36.41:543][ 97]LogModuleManager: Shutting down and abandoning module MagicLeapLightEstimation (540)
[2026.08.22-21.36.41:543][ 97]LogModuleManager: Shutting down and abandoning module MagicLeapHelperVulkan (538)
[2026.08.22-21.36.41:543][ 97]LogModuleManager: Shutting down and abandoning module MagicLeapHelperOpenGL (536)
[2026.08.22-21.36.41:543][ 97]LogModuleManager: Shutting down and abandoning module MagicLeapAudio (534)
[2026.08.22-21.36.41:543][ 97]LogModuleManager: Shutting down and abandoning module OpenImageDenoise (532)
[2026.08.22-21.36.41:543][ 97]LogOpenImageDenoise: OIDN shutting down
[2026.08.22-21.36.41:543][ 97]LogModuleManager: Shutting down and abandoning module MotoSynthEditor (530)
[2026.08.22-21.36.41:544][ 97]LogModuleManager: Shutting down and abandoning module MotoSynth (528)
[2026.08.22-21.36.41:544][ 97]LogModuleManager: Shutting down and abandoning module MeshConversion (526)
[2026.08.22-21.36.41:544][ 97]LogModuleManager: Shutting down and abandoning module DynamicMesh (524)
[2026.08.22-21.36.41:545][ 97]LogModuleManager: Shutting down and abandoning module GeometryAlgorithms (522)
[2026.08.22-21.36.41:546][ 97]LogModuleManager: Shutting down and abandoning module GeometricObjects (520)
[2026.08.22-21.36.41:547][ 97]LogModuleManager: Shutting down and abandoning module GeometryCollectionTracks (518)
[2026.08.22-21.36.41:547][ 97]LogModuleManager: Shutting down and abandoning module GeometryCollectionSequencer (517)
[2026.08.22-21.36.41:547][ 97]LogModuleManager: Shutting down and abandoning module GeometryCollectionEditor (514)
[2026.08.22-21.36.41:547][ 97]LogModuleManager: Shutting down and abandoning module GeometryCacheTracks (512)
[2026.08.22-21.36.41:547][ 97]LogModuleManager: Shutting down and abandoning module GeometryCacheStreamer (510)
[2026.08.22-21.36.41:548][ 97]LogModuleManager: Shutting down and abandoning module GeometryCacheSequencer (508)
[2026.08.22-21.36.41:548][ 97]LogModuleManager: Shutting down and abandoning module ChaosSolverEditor (506)
[2026.08.22-21.36.41:548][ 97]LogModuleManager: Shutting down and abandoning module FractureEditor (504)
[2026.08.22-21.36.41:548][ 97]LogModuleManager: Shutting down and abandoning module ChaosNiagara (502)
[2026.08.22-21.36.41:549][ 97]LogModuleManager: Shutting down and abandoning module FieldSystemEngine (501)
[2026.08.22-21.36.41:549][ 97]LogModuleManager: Shutting down and abandoning module ChaosClothEditor (498)
[2026.08.22-21.36.41:549][ 97]LogModuleManager: Shutting down and abandoning module BackChannel (496)
[2026.08.22-21.36.41:550][ 97]LogModuleManager: Shutting down and abandoning module AutomationUtilsEditor (494)
[2026.08.22-21.36.41:550][ 97]LogModuleManager: Shutting down and abandoning module AutomationUtils (492)
[2026.08.22-21.36.41:550][ 97]LogModuleManager: Shutting down and abandoning module AlembicImporter (490)
[2026.08.22-21.36.41:550][ 97]LogModuleManager: Shutting down and abandoning module AlembicLibrary (489)
[2026.08.22-21.36.41:551][ 97]LogModuleManager: Shutting down and abandoning module GeometryCache (488)
[2026.08.22-21.36.41:551][ 97]LogModuleManager: Shutting down and abandoning module GeometryCacheEd (487)
[2026.08.22-21.36.41:551][ 97]LogModuleManager: Shutting down and abandoning module NiagaraEditorWidgets (482)
[2026.08.22-21.36.41:555][ 97]LogModuleManager: Shutting down and abandoning module VariantManagerContentEditor (480)
[2026.08.22-21.36.41:556][ 97]LogModuleManager: Shutting down and abandoning module DatasmithContentEditor (478)
[2026.08.22-21.36.41:557][ 97]LogModuleManager: Shutting down and abandoning module SpeedTreeImporter (476)
[2026.08.22-21.36.41:557][ 97]LogModuleManager: Shutting down and abandoning module PluginBrowser (474)
[2026.08.22-21.36.41:560][ 97]LogModuleManager: Shutting down and abandoning module MobileLauncherProfileWizard (472)
[2026.08.22-21.36.41:562][ 97]LogModuleManager: Shutting down and abandoning module MaterialAnalyzer (470)
[2026.08.22-21.36.41:563][ 97]LogModuleManager: Shutting down and abandoning module CurveEditorTools (468)
[2026.08.22-21.36.41:564][ 97]LogModuleManager: Shutting down and abandoning module CryptoKeysOpenSSL (466)
[2026.08.22-21.36.41:564][ 97]LogModuleManager: Shutting down and abandoning module CryptoKeys (464)
[2026.08.22-21.36.41:564][ 97]LogModuleManager: Shutting down and abandoning module VisualStudioSourceCodeAccess (462)
[2026.08.22-21.36.41:564][ 97]LogModuleManager: Shutting down and abandoning module VisualStudioCodeSourceCodeAccess (460)
[2026.08.22-21.36.41:564][ 97]LogModuleManager: Shutting down and abandoning module UObjectPlugin (458)
[2026.08.22-21.36.41:564][ 97]LogModuleManager: Shutting down and abandoning module SubversionSourceControl (456)
[2026.08.22-21.36.41:566][ 97]LogModuleManager: Shutting down and abandoning module RiderSourceCodeAccess (454)
[2026.08.22-21.36.41:567][ 97]LogModuleManager: Shutting down and abandoning module PluginUtils (452)
[2026.08.22-21.36.41:567][ 97]LogModuleManager: Shutting down and abandoning module PlasticSourceControl (450)
[2026.08.22-21.36.41:576][ 97]LogModuleManager: Shutting down and abandoning module PerforceSourceControl (448)
[2026.08.22-21.36.41:581][ 97]LogModuleManager: Shutting down and abandoning module GitSourceControl (446)
[2026.08.22-21.36.41:583][ 97]LogModuleManager: Shutting down and abandoning module SourceControl (445)
[2026.08.22-21.36.41:585][ 97]LogModuleManager: Shutting down and abandoning module CLionSourceCodeAccess (442)
[2026.08.22-21.36.41:586][ 97]LogModuleManager: Shutting down and abandoning module AnimationSharingEd (440)
[2026.08.22-21.36.41:586][ 97]LogModuleManager: Shutting down and abandoning module OodleNetworkHandlerComponent (438)
[2026.08.22-21.36.41:586][ 97]LogModuleManager: Shutting down and abandoning module LightPropagationVolumeEditor (436)
[2026.08.22-21.36.41:586][ 97]LogModuleManager: Shutting down and abandoning module LiveLinkSequencer (434)
[2026.08.22-21.36.41:586][ 97]LogModuleManager: Shutting down and abandoning module LiveLinkMovieScene (432)
[2026.08.22-21.36.41:586][ 97]LogModuleManager: Shutting down and abandoning module LiveLinkGraphNode (430)
[2026.08.22-21.36.41:586][ 97]LogModuleManager: Shutting down and abandoning module LiveLinkEditor (428)
[2026.08.22-21.36.41:588][ 97]LogModuleManager: Shutting down and abandoning module LiveLinkComponents (426)
[2026.08.22-21.36.41:588][ 97]LogModuleManager: Shutting down and abandoning module LiveLink (424)
[2026.08.22-21.36.42:136][ 97]LogModuleManager: Shutting down and abandoning module PaperTiledImporter (422)
[2026.08.22-21.36.42:136][ 97]LogModuleManager: Shutting down and abandoning module PaperSpriteSheetImporter (420)
[2026.08.22-21.36.42:136][ 97]LogModuleManager: Shutting down and abandoning module Paper2DEditor (418)
[2026.08.22-21.36.42:138][ 97]LogModuleManager: Shutting down and abandoning module WakatimeIntegration (416)
[2026.08.22-21.36.42:138][ 97]LogModuleManager: Shutting down and abandoning module MeshPaintingToolset (414)
[2026.08.22-21.36.42:138][ 97]LogModuleManager: Shutting down and abandoning module MeshPaintEditorMode (412)
[2026.08.22-21.36.42:144][ 97]LogModuleManager: Shutting down and abandoning module SoundFields (410)
[2026.08.22-21.36.42:145][ 97]LogModuleManager: Shutting down and abandoning module SignificanceManager (408)
[2026.08.22-21.36.42:145][ 97]LogModuleManager: Shutting down and abandoning module RuntimePhysXCooking (406)
[2026.08.22-21.36.42:145][ 97]LogModuleManager: Shutting down and abandoning module PropertyAccessEditor (404)
[2026.08.22-21.36.42:146][ 97]LogModuleManager: Shutting down and abandoning module PhysXVehiclesEditor (402)
[2026.08.22-21.36.42:146][ 97]LogModuleManager: Shutting down and abandoning module LocationServicesBPLibrary (398)
[2026.08.22-21.36.42:146][ 97]LogModuleManager: Shutting down and abandoning module AudioSynesthesia (396)
[2026.08.22-21.36.42:147][ 97]LogModuleManager: Shutting down and abandoning module AudioSynesthesiaCore (394)
[2026.08.22-21.36.42:147][ 97]LogModuleManager: Shutting down and abandoning module ActorSequence (392)
[2026.08.22-21.36.42:147][ 97]LogModuleManager: Shutting down and abandoning module UdpMessaging (390)
[2026.08.22-21.36.42:249][ 97]LogModuleManager: Shutting down and abandoning module TcpMessaging (388)
[2026.08.22-21.36.42:350][ 97]LogModuleManager: Shutting down and abandoning module ImgMediaEngine (386)
[2026.08.22-21.36.42:350][ 97]LogModuleManager: Shutting down and abandoning module MagicLeapARPin (384)
[2026.08.22-21.36.42:350][ 97]LogModuleManager: Shutting down and abandoning module MagicLeapHandMeshing (382)
[2026.08.22-21.36.42:350][ 97]LogModuleManager: Shutting down and abandoning module MagicLeapSecureStorage (380)
[2026.08.22-21.36.42:350][ 97]LogModuleManager: Shutting down and abandoning module MagicLeapPrivileges (378)
[2026.08.22-21.36.42:350][ 97]LogModuleManager: Shutting down and abandoning module MagicLeapPlanes (376)
[2026.08.22-21.36.42:351][ 97]LogMagicLeapPlanes: Planes tracker already destroyed.
[2026.08.22-21.36.42:351][ 97]LogModuleManager: Shutting down and abandoning module MagicLeapImageTracker (374)
[2026.08.22-21.36.42:351][ 97]LogModuleManager: Shutting down and abandoning module MagicLeapIdentity (372)
[2026.08.22-21.36.42:351][ 97]LogModuleManager: Shutting down and abandoning module MagicLeapHandTracking (370)
[2026.08.22-21.36.42:354][ 97]LogModuleManager: Shutting down and abandoning module MagicLeapEyeTracker (368)
[2026.08.22-21.36.42:354][ 97]LogModuleManager: Shutting down and abandoning module MagicLeapController (366)
[2026.08.22-21.36.42:355][ 97]LogModuleManager: Shutting down and abandoning module MagicLeapARPinImpl (364)
[2026.08.22-21.36.42:355][ 97]LogModuleManager: Shutting down and abandoning module MagicLeapAR (362)
[2026.08.22-21.36.42:355][ 97]LogModuleManager: Shutting down and abandoning module PythonScriptPlugin (360)
[2026.08.22-21.36.42:355][ 97]LogModuleManager: Shutting down and abandoning module NiagaraAnimNotifies (358)
[2026.08.22-21.36.42:355][ 97]LogModuleManager: Shutting down and abandoning module Niagara (356)
[2026.08.22-21.36.42:366][ 97]LogModuleManager: Shutting down and abandoning module SignalProcessing (355)
[2026.08.22-21.36.42:366][ 97]LogModuleManager: Shutting down and abandoning module NiagaraEditor (353)
[2026.08.22-21.36.42:369][ 97]LogModuleManager: Shutting down and abandoning module NiagaraCore (350)
[2026.08.22-21.36.42:369][ 97]LogModuleManager: Shutting down and abandoning module GameplayTagsEditor (348)
[2026.08.22-21.36.42:370][ 97]LogModuleManager: Shutting down and abandoning module FacialAnimationEditor (346)
[2026.08.22-21.36.42:371][ 97]LogModuleManager: Shutting down and abandoning module FacialAnimation (344)
[2026.08.22-21.36.42:371][ 97]LogModuleManager: Shutting down and abandoning module DataValidation (342)
[2026.08.22-21.36.42:371][ 97]LogModuleManager: Shutting down and abandoning module AssetManagerEditor (340)
[2026.08.22-21.36.42:373][ 97]LogModuleManager: Shutting down and abandoning module LevelEditor (339)
[2026.08.22-21.36.42:384][ 97]LogModuleManager: Shutting down and abandoning module PixelInspectorModule (338)
[2026.08.22-21.36.42:387][ 97]LogModuleManager: Shutting down and abandoning module CommonMenuExtensions (336)
[2026.08.22-21.36.42:388][ 97]LogModuleManager: Shutting down and abandoning module MainFrame (334)
[2026.08.22-21.36.42:389][ 97]LogModuleManager: Shutting down and abandoning module HotReload (333)
[2026.08.22-21.36.42:390][ 97]LogModuleManager: Shutting down and abandoning module ToolMenus (329)
[2026.08.22-21.36.42:390][ 97]LogModuleManager: Shutting down and abandoning module ContentBrowser (327)
[2026.08.22-21.36.42:390][ 97]LogModuleManager: Shutting down and abandoning module ContentBrowserData (326)
[2026.08.22-21.36.42:390][ 97]LogModuleManager: Shutting down and abandoning module TreeMap (323)
[2026.08.22-21.36.42:391][ 97]LogModuleManager: Shutting down and abandoning module PropertyAccessNode (320)
[2026.08.22-21.36.42:391][ 97]LogModuleManager: Shutting down and abandoning module AnimationSharing (318)
[2026.08.22-21.36.42:391][ 97]LogModuleManager: Shutting down and abandoning module GameplayCameras (316)
[2026.08.22-21.36.42:391][ 97]LogModuleManager: Shutting down and abandoning module EnvironmentQueryEditor (314)
[2026.08.22-21.36.42:393][ 97]LogModuleManager: Shutting down and abandoning module LightPropagationVolumeRuntime (312)
[2026.08.22-21.36.42:393][ 97]LogModuleManager: Shutting down and abandoning module Paper2D (310)
[2026.08.22-21.36.42:393][ 97]LogModuleManager: Shutting down and abandoning module WindowsMoviePlayer (308)
[2026.08.22-21.36.42:500][ 97]LogModuleManager: Shutting down and abandoning module WebMMoviePlayer (306)
[2026.08.22-21.36.42:500][ 97]LogModuleManager: Shutting down and abandoning module NetworkReplayStreaming (304)
[2026.08.22-21.36.42:501][ 97]LogModuleManager: Shutting down and abandoning module PacketHandler (302)
[2026.08.22-21.36.42:501][ 97]LogModuleManager: Shutting down and abandoning module ClothingSystemEditor (300)
[2026.08.22-21.36.42:501][ 97]LogModuleManager: Shutting down and abandoning module ClothingSystemRuntimeNv (298)
[2026.08.22-21.36.42:505][ 97]LogModuleManager: Shutting down and abandoning module MediaAssets (296)
[2026.08.22-21.36.42:505][ 97]LogModuleManager: Shutting down and abandoning module Overlay (294)
[2026.08.22-21.36.42:505][ 97]LogModuleManager: Shutting down and abandoning module OverlayEditor (293)
[2026.08.22-21.36.42:505][ 97]LogModuleManager: Shutting down and abandoning module VREditor (290)
[2026.08.22-21.36.42:507][ 97]LogModuleManager: Shutting down and abandoning module StringTableEditor (288)
[2026.08.22-21.36.42:508][ 97]LogModuleManager: Shutting down and abandoning module GameplayTasksEditor (286)
[2026.08.22-21.36.42:508][ 97]LogModuleManager: Shutting down and abandoning module BehaviorTreeEditor (284)
[2026.08.22-21.36.42:511][ 97]LogModuleManager: Shutting down and abandoning module FunctionalTesting (282)
[2026.08.22-21.36.42:511][ 97]LogModuleManager: Shutting down and abandoning module CollisionAnalyzer (280)
[2026.08.22-21.36.42:515][ 97]LogModuleManager: Shutting down and abandoning module WorkspaceMenuStructure (279)
[2026.08.22-21.36.42:519][ 97]LogModuleManager: Shutting down and abandoning module UMG (276)
[2026.08.22-21.36.42:520][ 97]LogModuleManager: Shutting down and abandoning module UMGEditor (275)
[2026.08.22-21.36.42:520][ 97]LogModuleManager: Shutting down and abandoning module MessageLog (273)
[2026.08.22-21.36.42:520][ 97]LogModuleManager: Shutting down and abandoning module SlateReflector (268)
[2026.08.22-21.36.42:528][ 97]LogModuleManager: Shutting down and abandoning module Slate (266)
[2026.08.22-21.36.42:528][ 97]LogModuleManager: Shutting down and abandoning module SlateCore (264)
[2026.08.22-21.36.42:536][ 97]LogModuleManager: Shutting down and abandoning module LandscapeEditorUtilities (262)
[2026.08.22-21.36.42:536][ 97]LogModuleManager: Shutting down and abandoning module UnrealEd (260)
[2026.08.22-21.36.42:536][ 97]LogModuleManager: Shutting down and abandoning module MRMesh (258)
[2026.08.22-21.36.42:536][ 97]LogModuleManager: Shutting down and abandoning module SourceCodeAccess (256)
[2026.08.22-21.36.42:536][ 97]LogModuleManager: Shutting down and abandoning module HeadMountedDisplay (254)
[2026.08.22-21.36.42:536][ 97]LogModuleManager: Shutting down and abandoning module XAudio2 (252)
[2026.08.22-21.36.42:537][ 97]LogModuleManager: Shutting down and abandoning module Networking (250)
[2026.08.22-21.36.42:537][ 97]LogModuleManager: Shutting down and abandoning module Core (248)
[2026.08.22-21.36.42:537][ 97]LogModuleManager: Shutting down and abandoning module MaterialEditor (246)
[2026.08.22-21.36.42:540][ 97]LogModuleManager: Shutting down and abandoning module MovieSceneTools (244)
[2026.08.22-21.36.42:544][ 97]LogModuleManager: Shutting down and abandoning module CurveEditor (243)
[2026.08.22-21.36.42:544][ 97]LogModuleManager: Shutting down and abandoning module Sequencer (241)
[2026.08.22-21.36.42:545][ 97]LogModuleManager: Shutting down and abandoning module EditorStyle (240)
[2026.08.22-21.36.42:568][ 97]LogModuleManager: Shutting down and abandoning module KismetCompiler (236)
[2026.08.22-21.36.42:568][ 97]LogModuleManager: Shutting down and abandoning module MeshBuilder (234)
[2026.08.22-21.36.42:568][ 97]LogModuleManager: Shutting down and abandoning module MeshUtilities (232)
[2026.08.22-21.36.42:570][ 97]LogModuleManager: Shutting down and abandoning module MeshMergeUtilities (231)
[2026.08.22-21.36.42:570][ 97]LogModuleManager: Shutting down and abandoning module MeshReductionInterface (230)
[2026.08.22-21.36.42:571][ 97]LogModuleManager: Shutting down and abandoning module MeshBoneReduction (229)
[2026.08.22-21.36.42:571][ 97]LogModuleManager: Shutting down and abandoning module SkeletalMeshReduction (227)
[2026.08.22-21.36.42:572][ 97]LogModuleManager: Shutting down and abandoning module ProxyLODMeshReduction (225)
[2026.08.22-21.36.42:577][ 97]LogModuleManager: Shutting down and abandoning module QuadricMeshReduction (223)
[2026.08.22-21.36.42:578][ 97]LogModuleManager: Shutting down and abandoning module MaterialBaking (219)
[2026.08.22-21.36.42:578][ 97]LogModuleManager: Shutting down and abandoning module NullInstallBundleManager (214)
[2026.08.22-21.36.42:578][ 97]LogModuleManager: Shutting down and abandoning module DerivedDataCache (212)
[2026.08.22-21.36.42:581][ 97]LogModuleManager: Shutting down and abandoning module TargetPlatform (210)
[2026.08.22-21.36.42:582][ 97]LogModuleManager: Shutting down and abandoning module VulkanShaderFormat (209)
[2026.08.22-21.36.42:593][ 97]LogModuleManager: Shutting down and abandoning module ShaderFormatVectorVM (207)
[2026.08.22-21.36.42:594][ 97]LogModuleManager: Shutting down and abandoning module ShaderFormatOpenGL (205)
[2026.08.22-21.36.42:595][ 97]LogModuleManager: Shutting down and abandoning module ShaderFormatD3D (203)
[2026.08.22-21.36.42:596][ 97]LogModuleManager: Shutting down and abandoning module MetalShaderFormat (201)
[2026.08.22-21.36.42:597][ 97]LogModuleManager: Shutting down and abandoning module TextureFormatOodle (199)
[2026.08.22-21.36.42:598][ 97]LogModuleManager: Shutting down and abandoning module TextureFormatUncompressed (197)
[2026.08.22-21.36.42:598][ 97]LogModuleManager: Shutting down and abandoning module TextureFormatPVR (195)
[2026.08.22-21.36.42:598][ 97]LogModuleManager: Shutting down and abandoning module TextureFormatETC2 (193)
[2026.08.22-21.36.42:604][ 97]LogModuleManager: Shutting down and abandoning module TextureFormatDXT (191)
[2026.08.22-21.36.42:605][ 97]LogModuleManager: Shutting down and abandoning module TextureFormatIntelISPCTexComp (189)
[2026.08.22-21.36.42:608][ 97]LogModuleManager: Shutting down and abandoning module TextureFormatASTC (187)
[2026.08.22-21.36.42:609][ 97]LogModuleManager: Shutting down and abandoning module ImageWrapper (186)
[2026.08.22-21.36.42:609][ 97]LogModuleManager: Shutting down and abandoning module AudioFormatOpus (183)
[2026.08.22-21.36.42:610][ 97]LogModuleManager: Shutting down and abandoning module AudioFormatOgg (181)
[2026.08.22-21.36.42:610][ 97]LogModuleManager: Shutting down and abandoning module AudioFormatADPCM (179)
[2026.08.22-21.36.42:611][ 97]LogModuleManager: Shutting down and abandoning module WindowsServerTargetPlatform (177)
[2026.08.22-21.36.42:611][ 97]LogModuleManager: Shutting down and abandoning module WindowsClientTargetPlatform (175)
[2026.08.22-21.36.42:612][ 97]LogModuleManager: Shutting down and abandoning module WindowsTargetPlatform (173)
[2026.08.22-21.36.42:612][ 97]LogModuleManager: Shutting down and abandoning module WindowsNoEditorTargetPlatform (171)
[2026.08.22-21.36.42:614][ 97]LogModuleManager: Shutting down and abandoning module TVOSTargetPlatform (169)
[2026.08.22-21.36.42:658][ 97]LogModuleManager: Shutting down and abandoning module MacServerTargetPlatform (167)
[2026.08.22-21.36.42:658][ 97]LogModuleManager: Shutting down and abandoning module MacClientTargetPlatform (165)
[2026.08.22-21.36.42:658][ 97]LogModuleManager: Shutting down and abandoning module MacTargetPlatform (163)
[2026.08.22-21.36.42:658][ 97]LogModuleManager: Shutting down and abandoning module MacNoEditorTargetPlatform (161)
[2026.08.22-21.36.42:658][ 97]LogModuleManager: Shutting down and abandoning module LuminTargetPlatform (159)
[2026.08.22-21.36.42:727][ 97]LogModuleManager: Shutting down and abandoning module LinuxAArch64ServerTargetPlatform (157)
[2026.08.22-21.36.42:728][ 97]LogModuleManager: Shutting down and abandoning module LinuxAArch64ClientTargetPlatform (155)
[2026.08.22-21.36.42:729][ 97]LogModuleManager: Shutting down and abandoning module LinuxAArch64NoEditorTargetPlatform (153)
[2026.08.22-21.36.42:729][ 97]LogModuleManager: Shutting down and abandoning module LinuxServerTargetPlatform (151)
[2026.08.22-21.36.42:730][ 97]LogModuleManager: Shutting down and abandoning module LinuxClientTargetPlatform (149)
[2026.08.22-21.36.42:731][ 97]LogModuleManager: Shutting down and abandoning module LinuxNoEditorTargetPlatform (147)
[2026.08.22-21.36.42:731][ 97]LogModuleManager: Shutting down and abandoning module LinuxTargetPlatform (145)
[2026.08.22-21.36.42:732][ 97]LogModuleManager: Shutting down and abandoning module Messaging (143)
[2026.08.22-21.36.42:732][ 97]LogModuleManager: Shutting down and abandoning module IOSTargetPlatform (141)
[2026.08.22-21.36.42:770][ 97]LogModuleManager: Shutting down and abandoning module AndroidTargetPlatform (139)
[2026.08.22-21.36.42:839][ 97]LogModuleManager: Shutting down and abandoning module AllDesktopTargetPlatform (137)
[2026.08.22-21.36.42:840][ 97]LogModuleManager: Shutting down and abandoning module D3D11RHI (134)
[2026.08.22-21.36.42:840][ 97]LogModuleManager: Shutting down and abandoning module InputCore (132)
[2026.08.22-21.36.42:840][ 97]LogModuleManager: Shutting down and abandoning module Settings (130)
[2026.08.22-21.36.42:842][ 97]LogModuleManager: Shutting down and abandoning module DirectoryWatcher (128)
[2026.08.22-21.36.42:850][ 97]LogModuleManager: Shutting down and abandoning module PhysXCooking (126)
[2026.08.22-21.36.42:850][ 97]LogModuleManager: Shutting down and abandoning module Chaos (124)
[2026.08.22-21.36.42:850][ 97]LogModuleManager: Shutting down and abandoning module WindowsPlatformFeatures (122)
[2026.08.22-21.36.42:850][ 97]LogModuleManager: Shutting down and abandoning module GameplayMediaEncoder (121)
[2026.08.22-21.36.42:851][ 97]LogModuleManager: Shutting down and abandoning module AVEncoder (120)
[2026.08.22-21.36.42:852][ 97]LogModuleManager: Shutting down and abandoning module SteamVRInputDevice (116)
[2026.08.22-21.36.42:852][ 97]LogModuleManager: Shutting down and abandoning module SteamVRInput (114)
[2026.08.22-21.36.42:853][ 97]LogModuleManager: Shutting down and abandoning module SteamVR (112)
[2026.08.22-21.36.42:853][ 97]LogHMD: Freeing OpenVRDLLHandle.
[2026.08.22-21.36.42:853][ 97]LogModuleManager: Shutting down and abandoning module OculusHMD (110)
[2026.08.22-21.36.42:853][ 97]LogModuleManager: Shutting down and abandoning module OpenXRHandTracking (108)
[2026.08.22-21.36.42:856][ 97]LogSlate: Slate User Destroyed.  User Index 0, Is Virtual User: 0
[2026.08.22-21.36.42:857][ 97]LogModuleManager: Shutting down and abandoning module OpenXREyeTracker (106)
[2026.08.22-21.36.42:857][ 97]LogModuleManager: Shutting down and abandoning module OpenXRAR (104)
[2026.08.22-21.36.42:857][ 97]LogModuleManager: Shutting down and abandoning module AugmentedReality (103)
[2026.08.22-21.36.42:857][ 97]LogModuleManager: Shutting down and abandoning module OpenXRHMD (100)
[2026.08.22-21.36.42:865][ 97]LogModuleManager: Shutting down and abandoning module ExampleDeviceProfileSelector (98)
[2026.08.22-21.36.42:865][ 97]LogModuleManager: Shutting down and abandoning module ChunkDownloader (96)
[2026.08.22-21.36.42:865][ 97]LogModuleManager: Shutting down and abandoning module LauncherChunkInstaller (94)
[2026.08.22-21.36.42:865][ 97]LogModuleManager: Shutting down and abandoning module OnlineBlueprintSupport (92)
[2026.08.22-21.36.42:865][ 97]LogModuleManager: Shutting down and abandoning module OnlineSubsystem (88)
[2026.08.22-21.36.42:869][ 97]LogModuleManager: Shutting down and abandoning module XMPP (83)
[2026.08.22-21.36.42:871][ 97]LogModuleManager: Shutting down and abandoning module WebSockets (82)
[2026.08.22-21.36.42:917][ 97]LogModuleManager: Shutting down and abandoning module HTTP (79)
[2026.08.22-21.36.42:917][ 97]LogHttp: Display: Http module shutting down, but needs to wait on 1 outstanding Http requests:
[2026.08.22-21.36.42:917][ 97]LogHttp: Display: 	verb=[POST] url=[https://datarouter.ol.epicgames.com/datarouter/api/v1/public/data?SessionID=%7B2B2A0FBF-441C-B5D1-15D0-7384AB58397E%7D&AppID=UEEditor.Rocket.Release&AppVersion=4.27.2-18319896%2B%2B%2BUE4%2BRelease-4.27&UserID=f377eb1a4dfafe8dd739c8b598f03754%7Cabced1c5a32445ae940123eae20d7177%7C4c5740ad-5660-4228-a168-e31eb177de0d&AppEnvironment=datacollector-binary&UploadType=eteventstream] refs=[1] status=Processing
[2026.08.22-21.36.42:917][ 97]LogHttp: Display: cleaning up 1 outstanding Http requests.
[2026.08.22-21.36.42:932][ 97]LogModuleManager: Shutting down and abandoning module SSL (78)
[2026.08.22-21.36.42:957][ 97]LogModuleManager: Shutting down and abandoning module WmfMedia (74)
[2026.08.22-21.36.42:965][ 97]LogModuleManager: Shutting down and abandoning module Media (73)
[2026.08.22-21.36.42:968][ 97]LogModuleManager: Shutting down and abandoning module MediaInfo (72)
[2026.08.22-21.36.42:968][ 97]LogModuleManager: Shutting down and abandoning module ExrReaderGpu (68)
[2026.08.22-21.36.42:969][ 97]LogModuleManager: Shutting down and abandoning module MLSDK (66)
[2026.08.22-21.36.42:969][ 97]LogModuleManager: Shutting down and abandoning module MagicLeap (64)
[2026.08.22-21.36.42:969][ 97]LogModuleManager: Shutting down and abandoning module ChaosCloth (62)
[2026.08.22-21.36.42:969][ 97]LogModuleManager: Shutting down and abandoning module NiagaraVertexFactories (60)
[2026.08.22-21.36.42:969][ 97]LogModuleManager: Shutting down and abandoning module NiagaraShader (58)
[2026.08.22-21.36.42:969][ 97]LogModuleManager: Shutting down and abandoning module VariantManagerContent (56)
[2026.08.22-21.36.42:969][ 97]LogModuleManager: Shutting down and abandoning module DatasmithContent (54)
[2026.08.22-21.36.42:970][ 97]LogModuleManager: Shutting down and abandoning module PixWinPlugin (52)
[2026.08.22-21.36.42:971][ 97]LogModuleManager: Shutting down and abandoning module AISupportModule (50)
[2026.08.22-21.36.42:971][ 97]LogModuleManager: Shutting down and abandoning module DesktopPlatform (48)
[2026.08.22-21.36.42:972][ 97]LogModuleManager: Shutting down and abandoning module PythonScriptPluginPreload (46)
[2026.08.22-21.36.42:972][ 97]LogModuleManager: Shutting down and abandoning module PlatformCryptoOpenSSL (44)
[2026.08.22-21.36.42:973][ 97]LogModuleManager: Shutting down and abandoning module PlatformCryptoTypes (42)
[2026.08.22-21.36.42:973][ 97]LogModuleManager: Shutting down and abandoning module PlatformCrypto (40)
[2026.08.22-21.36.42:973][ 97]LogModuleManager: Shutting down and abandoning module OodleDataCompressionFormat (38)
[2026.08.22-21.36.42:974][ 97]LogModuleManager: Shutting down and abandoning module XGEController (36)
[2026.08.22-21.36.42:975][ 97]LogModuleManager: Shutting down and abandoning module AnimationModifiers (34)
[2026.08.22-21.36.42:976][ 97]LogModuleManager: Shutting down and abandoning module AudioEditor (32)
[2026.08.22-21.36.42:980][ 97]LogModuleManager: Shutting down and abandoning module PropertyEditor (31)
[2026.08.22-21.36.42:984][ 97]LogModuleManager: Shutting down and abandoning module TextureCompressor (28)
[2026.08.22-21.36.42:985][ 97]LogModuleManager: Shutting down and abandoning module RenderCore (26)
[2026.08.22-21.36.42:985][ 97]LogModuleManager: Shutting down and abandoning module Landscape (24)
[2026.08.22-21.36.42:985][ 97]LogModuleManager: Shutting down and abandoning module SlateRHIRenderer (22)
[2026.08.22-21.36.42:994][ 97]LogModuleManager: Shutting down and abandoning module AnimGraphRuntime (20)
[2026.08.22-21.36.42:995][ 97]LogModuleManager: Shutting down and abandoning module Renderer (18)
[2026.08.22-21.36.42:997][ 97]LogModuleManager: Shutting down and abandoning module Engine (16)
[2026.08.22-21.36.42:997][ 97]LogModuleManager: Shutting down and abandoning module CoreUObject (14)
[2026.08.22-21.36.42:997][ 97]LogModuleManager: Shutting down and abandoning module NetworkFile (12)
[2026.08.22-21.36.42:997][ 97]LogModuleManager: Shutting down and abandoning module CookedIterativeFile (10)
[2026.08.22-21.36.42:998][ 97]LogModuleManager: Shutting down and abandoning module StreamingFile (8)
[2026.08.22-21.36.42:998][ 97]LogModuleManager: Shutting down and abandoning module SandboxFile (6)
[2026.08.22-21.36.42:998][ 97]LogModuleManager: Shutting down and abandoning module PakFile (4)
[2026.08.22-21.36.42:999][ 97]LogModuleManager: Shutting down and abandoning module RSA (3)
[2026.08.22-21.36.43:000][ 97]LogContentStreaming: Display: There are 1 unreleased StreamingManagers
[2026.08.22-21.36.43:031][ 97]LogD3D11RHI: Shutdown
[2026.08.22-21.36.43:031][ 97]LogD3D11RHI: CleanupD3DDevice
[2026.08.22-21.36.43:190][ 97]LogD3D11RHI: Intel Extensions Framework unloaded
[2026.08.22-21.36.43:248][ 97]LogD3D11RHI: [IntelMetricsDiscovery] Stopped
[2026.08.22-21.36.43:250][ 97]LogExit: Exiting.
[2026.08.22-21.36.43:291][ 97]Log file closed, 08/23/26 03:06:43
